local code,text,table_name,parent_varname,local code system,code,display,code system,comment
Observed,Condition was observed or reported (this will be the case for most conditions),condition,Condition Interpretation,Condition Interpretation,LA33635-6,Observed,http://loinc.org
Observed,Condition was observed or reported (this will be the case for most conditions),Condition,Condition Interpretation,Condition Interpretation,confirmed,Confirmed,http://terminology.hl7.org/CodeSystem/condition-ver-status
Not Observed,Not Observed,condition,Condition Interpretation,Condition Interpretation,LA19655-2,Not Observed,http://loinc.org
Current,Condition is ongoing,Condition,Condition Status,Condition Status,LA9040-2,Ongoing,http://loinc.org
Resolved,Condition has been resolved,Condition,Condition Status,Condition Status,LA9041-0,Resolved,http://loinc.org
History Of,History Of,condition,Condition Status,Condition Status,392521001,Histor of,SMOMED,http://snomed.info/sct
"If yes, what is your primary disability? Check only one:(other) - Down Syndrome","If yes, what is your primary disability? Check only one:(other) - Down Syndrome",condition,MONDO Code,condition_description,0008608,Down syndrome,http://purl.obolibrary.org/obo/mondo.owl,
intellectual disability - Yes,intellectual disability - Yes,condition,HPO Code,condition_description,0001249,Intellectual disability,http://purl.obolibrary.org/obo/hp.owl,
intellectual disability - Yes,intellectual disability - Yes,condition,MONDO Code,condition_description,0001071,intellectual disability,http://purl.obolibrary.org/obo/mondo.owl,
speech/language disability - Yes,speech/language disability - Yes,condition,HPO Code,condition_description,0002463,Language impairment,http://purl.obolibrary.org/obo/hp.owl,
speech/language disability - Yes,speech/language disability - Yes,condition,MONDO Code,condition_description,0004750,language disorder,http://purl.obolibrary.org/obo/mondo.owl,
autism spectrum disorder - Yes,autism spectrum disorder - Yes,condition,HPO Code,condition_description,0000729,Autistic behavior,http://purl.obolibrary.org/obo/hp.owl,
autism spectrum disorder - Yes,autism spectrum disorder - Yes,condition,MONDO Code,condition_description,0005258,autism spectrum disorder,http://purl.obolibrary.org/obo/mondo.owl,
mental health disability - Yes,mental health disability - Yes,condition,HPO Code,condition_description,0033667,Diminished mental health,http://purl.obolibrary.org/obo/hp.owl,
mental health disability - Yes,mental health disability - Yes,condition,MONDO Code,condition_description,0005084,mental disorder,http://purl.obolibrary.org/obo/mondo.owl,
learning disability - Yes,learning disability - Yes,condition,HPO Code,condition_description,0012759,Neurodevelopmental abnormality,http://purl.obolibrary.org/obo/hp.owl,
learning disability - Yes,learning disability - Yes,condition,MONDO Code,condition_description,0004681,learning disability,http://purl.obolibrary.org/obo/mondo.owl,
hearing loss or deafness - Yes,hearing loss or deafness - Yes,condition,HPO Code,condition_description,0000365,Hearing impairment,http://purl.obolibrary.org/obo/hp.owl,
hearing loss or deafness - Yes,hearing loss or deafness - Yes,condition,MONDO Code,condition_description,0005365,hearing loss disorder,http://purl.obolibrary.org/obo/mondo.owl,
vision loss or blindness - Yes,vision loss or blindness - Yes,condition,HPO Code,condition_description,0000618,Blindness,http://purl.obolibrary.org/obo/hp.owl,
vision loss or blindness - Yes,vision loss or blindness - Yes,condition,MONDO Code,condition_description,0001941,blindness (disorder),http://purl.obolibrary.org/obo/mondo.owl,
"If you have other disabilities, check all that apply:(other) - Down syndrome","If you have other disabilities, check all that apply:(other) - Down syndrome",condition,MONDO Code,condition_description,0008608,Down syndrome,http://purl.obolibrary.org/obo/mondo.owl,
"If yes, what is your primary disability? Check only one:(other) - Down&#39;s Syndrome","If yes, what is your primary disability? Check only one:(other) - Down&#39;s Syndrome",condition,MONDO Code,condition_description,0008608,Down syndrome,http://purl.obolibrary.org/obo/mondo.owl,
physical disability - Yes,physical disability - Yes,condition,HPO Code,condition_description,0033695,Occupational disability,http://purl.obolibrary.org/obo/hp.owl,
"If yes, what is your primary disability? Check only one:(other) - Down syndrome","If yes, what is your primary disability? Check only one:(other) - Down syndrome",condition,MONDO Code,condition_description,0008608,Down syndrome,http://purl.obolibrary.org/obo/mondo.owl,
traumatic brain injury (TBI) - Yes,traumatic brain injury (TBI) - Yes,condition,MONDO Code,condition_description,0858950,traumatic brain injury,http://purl.obolibrary.org/obo/mondo.owl,
original_bmi,original_bmi,condition,Other Code,condition_description,39156-5,Body Mass Index,https://loinc.org/,
wt,wt,condition,Other Code,condition_description,29463-7,Body Weight,https://loinc.org/,
ht,ht,condition,Other Code,condition_description,8302-2,Body Height,https://loinc.org/,
diastolic,diastolic,condition,Other Code,condition_description,8462-4,Diastolic blood pressure,https://loinc.org/,
systolic,systolic,condition,Other Code,condition_description,8480-6,Systolic blood pressure,https://loinc.org/,
M79.672,M79.672,condition,Other Code,condition_description,M79.672,Pain in left foot,http://hl7.org/fhir/sid/icd-10-cm,
Z51.81,Z51.81,condition,Other Code,condition_description,Z51.81,Encounter for therapeutic drug level monitoring,http://hl7.org/fhir/sid/icd-10-cm,
E87.1,E87.1,condition,Other Code,condition_description,E87.1,Hypo-osmolality and hyponatremia,http://hl7.org/fhir/sid/icd-10-cm,
E66.9,E66.9,condition,Other Code,condition_description,E66.9,"Obesity, unspecified",http://hl7.org/fhir/sid/icd-10-cm,
Z99.81,Z99.81,condition,Other Code,condition_description,Z99.81,Dependence on supplemental oxygen,http://hl7.org/fhir/sid/icd-10-cm,
Z13.0,Z13.0,condition,Other Code,condition_description,Z13.0,Encounter for screening for diseases of the blood and blood-forming organs and certain disorders involving the immune mechanism,http://hl7.org/fhir/sid/icd-10-cm,
E03.9,E03.9,condition,Other Code,condition_description,E03.9,"Hypothyroidism, unspecified",http://hl7.org/fhir/sid/icd-10-cm,
Z13.1,Z13.1,condition,Other Code,condition_description,Z13.1,Encounter for screening for diabetes mellitus,http://hl7.org/fhir/sid/icd-10-cm,
Q90.9,Q90.9,condition,Other Code,condition_description,Q90.9,"Down syndrome, unspecified",http://hl7.org/fhir/sid/icd-10-cm,
L91.8,L91.8,condition,Other Code,condition_description,L91.8,Other hypertrophic disorders of the skin,http://hl7.org/fhir/sid/icd-10-cm,
E66.01,E66.01,condition,Other Code,condition_description,E66.01,Morbid (severe) obesity due to excess calories,http://hl7.org/fhir/sid/icd-10-cm,
Z23,Z23,condition,Other Code,condition_description,Z23,Encounter for immunization,http://hl7.org/fhir/sid/icd-10-cm,
E03.8,E03.8,condition,Other Code,condition_description,E03.8,Other specified hypothyroidism,http://hl7.org/fhir/sid/icd-10-cm,
G47.33,G47.33,condition,Other Code,condition_description,G47.33,Obstructive sleep apnea (adult) (pediatric),http://hl7.org/fhir/sid/icd-10-cm,
E87.5,E87.5,condition,Other Code,condition_description,E87.5,Hyperkalemia,http://hl7.org/fhir/sid/icd-10-cm,
B35.1,B35.1,condition,Other Code,condition_description,B35.1,Tinea unguium,http://hl7.org/fhir/sid/icd-10-cm,
R00.1,R00.1,condition,Other Code,condition_description,R00.1,"Bradycardia, unspecified",http://hl7.org/fhir/sid/icd-10-cm,
J30.2,J30.2,condition,Other Code,condition_description,J30.2,Other seasonal allergic rhinitis,http://hl7.org/fhir/sid/icd-10-cm,
R09.02,R09.02,condition,Other Code,condition_description,R09.02,Hypoxemia,http://hl7.org/fhir/sid/icd-10-cm,
L71.9,L71.9,condition,Other Code,condition_description,L71.9,"Rosacea, unspecified",http://hl7.org/fhir/sid/icd-10-cm,
R06.89,R06.89,condition,Other Code,condition_description,R06.89,Other abnormalities of breathing,http://hl7.org/fhir/sid/icd-10-cm,
Z13.220,Z13.220,condition,Other Code,condition_description,Z13.220,Encounter for screening for lipoid disorders,http://hl7.org/fhir/sid/icd-10-cm,
I99.9,I99.9,condition,Other Code,condition_description,I99.9,Unspecified disorder of circulatory system,http://hl7.org/fhir/sid/icd-10-cm,
Z68.31,Z68.31,condition,Other Code,condition_description,Z68.31,"Body mass index [BMI] 31.0-31.9, adult",http://hl7.org/fhir/sid/icd-10-cm,
Z11.4,Z11.4,condition,Other Code,condition_description,Z11.4,Encounter for screening for human immunodeficiency virus [HIV],http://hl7.org/fhir/sid/icd-10-cm,
Z11.59,Z11.59,condition,Other Code,condition_description,Z11.59,Encounter for screening for other viral diseases,http://hl7.org/fhir/sid/icd-10-cm,
H61.21,H61.21,condition,Other Code,condition_description,H61.21,"Impacted cerumen, right ear",http://hl7.org/fhir/sid/icd-10-cm,
F69,F69,condition,Other Code,condition_description,F69,Unspecified disorder of adult personality and behavior,http://hl7.org/fhir/sid/icd-10-cm,
L60.2,L60.2,condition,Other Code,condition_description,L60.2,Onychogryphosis,http://hl7.org/fhir/sid/icd-10-cm,
S42.461D,S42.461D,condition,Other Code,condition_description,S42.461D,"Displaced fracture of medial condyle of right humerus, subsequent encounter for fracture with routine healing",http://hl7.org/fhir/sid/icd-10-cm,
M79.601,M79.601,condition,Other Code,condition_description,M79.601,Pain in right arm,http://hl7.org/fhir/sid/icd-10-cm,
Z83.3,Z83.3,condition,Other Code,condition_description,Z83.3,Family history of diabetes mellitus,http://hl7.org/fhir/sid/icd-10-cm,
M79.89,M79.89,condition,Other Code,condition_description,M79.89,Other specified soft tissue disorders,http://hl7.org/fhir/sid/icd-10-cm,
S42.461A,S42.461A,condition,Other Code,condition_description,S42.461A,"Displaced fracture of medial condyle of right humerus, initial encounter for closed fracture",http://hl7.org/fhir/sid/icd-10-cm,
Z82.49,Z82.49,condition,Other Code,condition_description,Z82.49,Family history of ischemic heart disease and other diseases of the circulatory system,http://hl7.org/fhir/sid/icd-10-cm,
R46.89,R46.89,condition,Other Code,condition_description,R46.89,Other symptoms and signs involving appearance and behavior,http://hl7.org/fhir/sid/icd-10-cm,
S42.491A,S42.491A,condition,Other Code,condition_description,S42.491A,"Other displaced fracture of lower end of right humerus, initial encounter for closed fracture",http://hl7.org/fhir/sid/icd-10-cm,
S42.201A,S42.201A,condition,Other Code,condition_description,S42.201A,"Unspecified fracture of upper end of right humerus, initial encounter for closed fracture",http://hl7.org/fhir/sid/icd-10-cm,
B35.3,B35.3,condition,Other Code,condition_description,B35.3,Tinea pedis,http://hl7.org/fhir/sid/icd-10-cm,
S80.211A,S80.211A,condition,Other Code,condition_description,S80.211A,"Abrasion, right knee, initial encounter",http://hl7.org/fhir/sid/icd-10-cm,
Z80.1,Z80.1,condition,Other Code,condition_description,Z80.1,"Family history of malignant neoplasm of trachea, bronchus and lung",http://hl7.org/fhir/sid/icd-10-cm,
E55.9,E55.9,condition,Other Code,condition_description,E55.9,"Vitamin D deficiency, unspecified",http://hl7.org/fhir/sid/icd-10-cm,
E07.9,E07.9,condition,Other Code,condition_description,E07.9,"Disorder of thyroid, unspecified",http://hl7.org/fhir/sid/icd-10-cm,
Z20.822,Z20.822,condition,Other Code,condition_description,Z20.822,Contact with and (suspected) exposure to COVID-19,http://hl7.org/fhir/sid/icd-10-cm,
Z86.718,Z86.718,condition,Other Code,condition_description,Z86.718,Personal history of other venous thrombosis and embolism,http://hl7.org/fhir/sid/icd-10-cm,
I50.9,I50.9,condition,Other Code,condition_description,I50.9,"Heart failure, unspecified",http://hl7.org/fhir/sid/icd-10-cm,
G30.1,G30.1,condition,Other Code,condition_description,G30.1,Alzheimer's disease with late onset,http://hl7.org/fhir/sid/icd-10-cm,
L03.114,L03.114,condition,Other Code,condition_description,L03.114,Cellulitis of left upper limb,http://hl7.org/fhir/sid/icd-10-cm,
F02.80,F02.80,condition,Other Code,condition_description,F02.80,"Dementia in other diseases classified elsewhere, unspecified severity, without behavioral disturbance, psychotic disturbance, mood disturbance, and anxiety",http://hl7.org/fhir/sid/icd-10-cm,
M25.421,M25.421,condition,Other Code,condition_description,M25.421,"Effusion, right elbow",http://hl7.org/fhir/sid/icd-10-cm,
M19.021,M19.021,condition,Other Code,condition_description,M19.021,"Primary osteoarthritis, right elbow",http://hl7.org/fhir/sid/icd-10-cm,
381.81,381.81,condition,Other Code,condition_description,381.81,Dysfunction of Eustachian tube,http://hl7.org/fhir/sid/icd-9-cm,
380.4,380.4,condition,Other Code,condition_description,380.4,Impacted cerumen,http://hl7.org/fhir/sid/icd-9-cm,
F32.89,F32.89,condition,Other Code,condition_description,F32.89,Other specified depressive episodes,http://hl7.org/fhir/sid/icd-10-cm,
E06.3,E06.3,condition,Other Code,condition_description,E06.3,Autoimmune thyroiditis,http://hl7.org/fhir/sid/icd-10-cm,
F99,F99,condition,Other Code,condition_description,F99,"Mental disorder, not otherwise specified",http://hl7.org/fhir/sid/icd-10-cm,
L81.9,L81.9,condition,Other Code,condition_description,L81.9,"Disorder of pigmentation, unspecified",http://hl7.org/fhir/sid/icd-10-cm,
G47.61,G47.61,condition,Other Code,condition_description,G47.61,Periodic limb movement disorder,http://hl7.org/fhir/sid/icd-10-cm,
F32.A,F32.A,condition,Other Code,condition_description,F32.A,"Depression, unspecified",http://hl7.org/fhir/sid/icd-10-cm,
D50.9,D50.9,condition,Other Code,condition_description,D50.9,"Iron deficiency anemia, unspecified",http://hl7.org/fhir/sid/icd-10-cm,
J35.1,J35.1,condition,Other Code,condition_description,J35.1,Hypertrophy of tonsils,http://hl7.org/fhir/sid/icd-10-cm,
R46.4,R46.4,condition,Other Code,condition_description,R46.4,Slowness and poor responsiveness,http://hl7.org/fhir/sid/icd-10-cm,
J35.8,J35.8,condition,Other Code,condition_description,J35.8,Other chronic diseases of tonsils and adenoids,http://hl7.org/fhir/sid/icd-10-cm,
Z95.0,Z95.0,condition,Other Code,condition_description,Z95.0,Presence of cardiac pacemaker,http://hl7.org/fhir/sid/icd-10-cm,
Z86.79,Z86.79,condition,Other Code,condition_description,Z86.79,Personal history of other diseases of the circulatory system,http://hl7.org/fhir/sid/icd-10-cm,
F32.9,F32.9,condition,Other Code,condition_description,F32.9,"Major depressive disorder, single episode, unspecified",http://hl7.org/fhir/sid/icd-10-cm,
Z01.810,Z01.810,condition,Other Code,condition_description,Z01.810,Encounter for preprocedural cardiovascular examination,http://hl7.org/fhir/sid/icd-10-cm,
F42.9,F42.9,condition,Other Code,condition_description,F42.9,"Obsessive-compulsive disorder, unspecified",http://hl7.org/fhir/sid/icd-10-cm,
I44.2,I44.2,condition,Other Code,condition_description,I44.2,"Atrioventricular block, complete",http://hl7.org/fhir/sid/icd-10-cm,
Z78.9,Z78.9,condition,Other Code,condition_description,Z78.9,Other specified health status,http://hl7.org/fhir/sid/icd-10-cm,
K64.9,K64.9,condition,Other Code,condition_description,K64.9,Unspecified hemorrhoids,http://hl7.org/fhir/sid/icd-10-cm,
Q24.9,Q24.9,condition,Other Code,condition_description,Q24.9,"Congenital malformation of heart, unspecified",http://hl7.org/fhir/sid/icd-10-cm,
K90.0,K90.0,condition,Other Code,condition_description,K90.0,Celiac disease,http://hl7.org/fhir/sid/icd-10-cm,
Q24.6,Q24.6,condition,Other Code,condition_description,Q24.6,Congenital heart block,http://hl7.org/fhir/sid/icd-10-cm,
I42.9,I42.9,condition,Other Code,condition_description,I42.9,"Cardiomyopathy, unspecified",http://hl7.org/fhir/sid/icd-10-cm,
Q21.2,Q21.2,condition,Other Code,condition_description,Q21.2,Atrioventricular septal defect,http://hl7.org/fhir/sid/icd-10-cm,
Q21.23,Q21.23,condition,Other Code,condition_description,Q21.23,Complete atrioventricular septal defect,http://hl7.org/fhir/sid/icd-10-cm,
Q21.1,Q21.1,condition,Other Code,condition_description,Q21.1,Atrial septal defect,http://hl7.org/fhir/sid/icd-10-cm,
Q21.11,Q21.11,condition,Other Code,condition_description,Q21.11,Secundum atrial septal defect,http://hl7.org/fhir/sid/icd-10-cm,
Z87.74,Z87.74,condition,Other Code,condition_description,Z87.74,Personal history of (corrected) congenital malformations of heart and circulatory system,http://hl7.org/fhir/sid/icd-10-cm,
Q21.20,Q21.20,condition,Other Code,condition_description,Q21.20,"Atrioventricular septal defect, unspecified as to partial or complete",http://hl7.org/fhir/sid/icd-10-cm,
Z79.899,Z79.899,condition,Other Code,condition_description,Z79.899,Other long term (current) drug therapy,http://hl7.org/fhir/sid/icd-10-cm,
Z00.00,Z00.00,condition,Other Code,condition_description,Z00.00,Encounter for general adult medical examination without abnormal findings,http://hl7.org/fhir/sid/icd-10-cm,
Z01.818,Z01.818,condition,Other Code,condition_description,Z01.818,Encounter for other preprocedural examination,http://hl7.org/fhir/sid/icd-10-cm,
I42.8,I42.8,condition,Other Code,condition_description,I42.8,Other cardiomyopathies,http://hl7.org/fhir/sid/icd-10-cm,
F81.89,F81.89,condition,Other Code,condition_description,F81.89,Other developmental disorders of scholastic skills,http://hl7.org/fhir/sid/icd-10-cm,
L05.92,L05.92,condition,Other Code,condition_description,L05.92,Pilonidal sinus without abscess,http://hl7.org/fhir/sid/icd-10-cm,
R79.89,R79.89,condition,Other Code,condition_description,R79.89,Other specified abnormal findings of blood chemistry,http://hl7.org/fhir/sid/icd-10-cm,
L05.91,L05.91,condition,Other Code,condition_description,L05.91,Pilonidal cyst without abscess,http://hl7.org/fhir/sid/icd-10-cm,
R06.6,R06.6,condition,Other Code,condition_description,R06.6,Hiccough,http://hl7.org/fhir/sid/icd-10-cm,
E10.9,E10.9,condition,Other Code,condition_description,E10.9,Type 1 diabetes mellitus without complications,http://hl7.org/fhir/sid/icd-10-cm,
L70.0,L70.0,condition,Other Code,condition_description,L70.0,Acne vulgaris,http://hl7.org/fhir/sid/icd-10-cm,
R94.6,R94.6,condition,Other Code,condition_description,R94.6,Abnormal results of thyroid function studies,http://hl7.org/fhir/sid/icd-10-cm,
Z13.29,Z13.29,condition,Other Code,condition_description,Z13.29,Encounter for screening for other suspected endocrine disorder,http://hl7.org/fhir/sid/icd-10-cm,
E11.9,E11.9,condition,Other Code,condition_description,E11.9,Type 2 diabetes mellitus without complications,http://hl7.org/fhir/sid/icd-10-cm,
H53.9,H53.9,condition,Other Code,condition_description,H53.9,Unspecified visual disturbance,http://hl7.org/fhir/sid/icd-10-cm,
R13.12,R13.12,condition,Other Code,condition_description,R13.12,"Dysphagia, oropharyngeal phase",http://hl7.org/fhir/sid/icd-10-cm,
R45.4,R45.4,condition,Other Code,condition_description,R45.4,Irritability and anger,http://hl7.org/fhir/sid/icd-10-cm,
R26.89,R26.89,condition,Other Code,condition_description,R26.89,Other abnormalities of gait and mobility,http://hl7.org/fhir/sid/icd-10-cm,
F41.9,F41.9,condition,Other Code,condition_description,F41.9,"Anxiety disorder, unspecified",http://hl7.org/fhir/sid/icd-10-cm,
R13.10,R13.10,condition,Other Code,condition_description,R13.10,"Dysphagia, unspecified",http://hl7.org/fhir/sid/icd-10-cm,
K21.0,K21.0,condition,Other Code,condition_description,K21.0,Gastro-esophageal reflux disease with esophagitis,http://hl7.org/fhir/sid/icd-10-cm,
K21.9,K21.9,condition,Other Code,condition_description,K21.9,Gastro-esophageal reflux disease without esophagitis,http://hl7.org/fhir/sid/icd-10-cm,
K92.0,K92.0,condition,Other Code,condition_description,K92.0,Hematemesis,http://hl7.org/fhir/sid/icd-10-cm,
L08.9,L08.9,condition,Other Code,condition_description,L08.9,"Local infection of the skin and subcutaneous tissue, unspecified",http://hl7.org/fhir/sid/icd-10-cm,
Z88.2,Z88.2,condition,Other Code,condition_description,Z88.2,Allergy status to sulfonamides,http://hl7.org/fhir/sid/icd-10-cm,
Z86.39,Z86.39,condition,Other Code,condition_description,Z86.39,"Personal history of other endocrine, nutritional and metabolic disease",http://hl7.org/fhir/sid/icd-10-cm,
R45.6,R45.6,condition,Other Code,condition_description,R45.6,Violent behavior,http://hl7.org/fhir/sid/icd-10-cm,
D89.89,D89.89,condition,Other Code,condition_description,D89.89,"Other specified disorders involving the immune mechanism, not elsewhere classified",http://hl7.org/fhir/sid/icd-10-cm,
R45.1,R45.1,condition,Other Code,condition_description,R45.1,Restlessness and agitation,http://hl7.org/fhir/sid/icd-10-cm,
R76.8,R76.8,condition,Other Code,condition_description,R76.8,Other specified abnormal immunological findings in serum,http://hl7.org/fhir/sid/icd-10-cm,
R45.89,R45.89,condition,Other Code,condition_description,R45.89,Other symptoms and signs involving emotional state,http://hl7.org/fhir/sid/icd-10-cm,
Z98.890,Z98.890,condition,Other Code,condition_description,Z98.890,Other specified postprocedural states,http://hl7.org/fhir/sid/icd-10-cm,
Z71.2,Z71.2,condition,Other Code,condition_description,Z71.2,Person consulting for explanation of examination or test findings,http://hl7.org/fhir/sid/icd-10-cm,
F33.9,F33.9,condition,Other Code,condition_description,F33.9,"Major depressive disorder, recurrent, unspecified",http://hl7.org/fhir/sid/icd-10-cm,
F91.9,F91.9,condition,Other Code,condition_description,F91.9,"Conduct disorder, unspecified",http://hl7.org/fhir/sid/icd-10-cm,
Z79.4,Z79.4,condition,Other Code,condition_description,Z79.4,Long term (current) use of insulin,http://hl7.org/fhir/sid/icd-10-cm,
F91.8,F91.8,condition,Other Code,condition_description,F91.8,Other conduct disorders,http://hl7.org/fhir/sid/icd-10-cm,
Z71.89,Z71.89,condition,Other Code,condition_description,Z71.89,Other specified counseling,http://hl7.org/fhir/sid/icd-10-cm,
Z04.8,Z04.8,condition,Other Code,condition_description,Z04.8,Encounter for examination and observation for other specified reasons,http://hl7.org/fhir/sid/icd-10-cm,
Z88.1,Z88.1,condition,Other Code,condition_description,Z88.1,Allergy status to other antibiotic agents,http://hl7.org/fhir/sid/icd-10-cm,
R51,R51,condition,Other Code,condition_description,R51,Headache,http://hl7.org/fhir/sid/icd-10-cm,
F63.81,F63.81,condition,Other Code,condition_description,F63.81,Intermittent explosive disorder,http://hl7.org/fhir/sid/icd-10-cm,
H72.91,H72.91,condition,Other Code,condition_description,H72.91,"Unspecified perforation of tympanic membrane, right ear",http://hl7.org/fhir/sid/icd-10-cm,
Z66,Z66,condition,Other Code,condition_description,Z66,Do not resuscitate,http://hl7.org/fhir/sid/icd-10-cm,
R41.82,R41.82,condition,Other Code,condition_description,R41.82,"Altered mental status, unspecified",http://hl7.org/fhir/sid/icd-10-cm,
H52.203,H52.203,condition,Other Code,condition_description,H52.203,"Unspecified astigmatism, bilateral",http://hl7.org/fhir/sid/icd-10-cm,
H52.13,H52.13,condition,Other Code,condition_description,H52.13,"Myopia, bilateral",http://hl7.org/fhir/sid/icd-10-cm,
Z88.8,Z88.8,condition,Other Code,condition_description,Z88.8,"Allergy status to other drugs, medicaments and biological substances",http://hl7.org/fhir/sid/icd-10-cm,
G40.409,G40.409,condition,Other Code,condition_description,G40.409,"Other generalized epilepsy and epileptic syndromes, not intractable, without status epilepticus",http://hl7.org/fhir/sid/icd-10-cm,
E10.65,E10.65,condition,Other Code,condition_description,E10.65,Type 1 diabetes mellitus with hyperglycemia,http://hl7.org/fhir/sid/icd-10-cm,
N41.9,N41.9,condition,Other Code,condition_description,N41.9,"Inflammatory disease of prostate, unspecified",http://hl7.org/fhir/sid/icd-10-cm,
L73.9,L73.9,condition,Other Code,condition_description,L73.9,"Follicular disorder, unspecified",http://hl7.org/fhir/sid/icd-10-cm,
G47.411,G47.411,condition,Other Code,condition_description,G47.411,Narcolepsy with cataplexy,http://hl7.org/fhir/sid/icd-10-cm,
R15.9,R15.9,condition,Other Code,condition_description,R15.9,Full incontinence of feces,http://hl7.org/fhir/sid/icd-10-cm,
N39.44,N39.44,condition,Other Code,condition_description,N39.44,Nocturnal enuresis,http://hl7.org/fhir/sid/icd-10-cm,
R01.1,R01.1,condition,Other Code,condition_description,R01.1,"Cardiac murmur, unspecified",http://hl7.org/fhir/sid/icd-10-cm,
G47.19,G47.19,condition,Other Code,condition_description,G47.19,Other hypersomnia,http://hl7.org/fhir/sid/icd-10-cm,
G47.34,G47.34,condition,Other Code,condition_description,G47.34,Idiopathic sleep related nonobstructive alveolar hypoventilation,http://hl7.org/fhir/sid/icd-10-cm,
H52.223,H52.223,condition,Other Code,condition_description,H52.223,"Regular astigmatism, bilateral",http://hl7.org/fhir/sid/icd-10-cm,
N39.42,N39.42,condition,Other Code,condition_description,N39.42,Incontinence without sensory awareness,http://hl7.org/fhir/sid/icd-10-cm,
E78.5,E78.5,condition,Other Code,condition_description,E78.5,"Hyperlipidemia, unspecified",http://hl7.org/fhir/sid/icd-10-cm,
R32,R32,condition,Other Code,condition_description,R32,Unspecified urinary incontinence,http://hl7.org/fhir/sid/icd-10-cm,
924.21,924.21,condition,Other Code,condition_description,924.21,Contusion of ankle,http://hl7.org/fhir/sid/icd-9-cm,
V12.2,V12.2,condition,Other Code,condition_description,V12.2,"Personal history of endocrine, metabolic, and immunity disorders",http://hl7.org/fhir/sid/icd-9-cm,
733.90,733.90,condition,Other Code,condition_description,733.90,"Disorder of bone and cartilage, unspecified",http://hl7.org/fhir/sid/icd-9-cm,
V20.2,V20.2,condition,Other Code,condition_description,V20.2,Routine infant or child health check,http://hl7.org/fhir/sid/icd-9-cm,
356.9,356.9,condition,Other Code,condition_description,356.9,Unspecified hereditary and idiopathic peripheral neuropathy,http://hl7.org/fhir/sid/icd-9-cm,
401.9,401.9,condition,Other Code,condition_description,401.9,Unspecified essential hypertension,http://hl7.org/fhir/sid/icd-9-cm,
564.00,564.00,condition,Other Code,condition_description,564.00,"Constipation, unspecified",http://hl7.org/fhir/sid/icd-9-cm,
654.23,654.23,condition,Other Code,condition_description,654.23,"Previous cesarean delivery, antepartum condition or complication",http://hl7.org/fhir/sid/icd-9-cm,
741.00,741.00,condition,Other Code,condition_description,741.00,"Spina bifida with hydrocephalus, unspecified region",http://hl7.org/fhir/sid/icd-9-cm,
780.4,780.4,condition,Other Code,condition_description,780.4,Dizziness and giddiness,http://hl7.org/fhir/sid/icd-9-cm,
600.91,600.91,condition,Other Code,condition_description,600.91,"Hyperplasia of prostate, unspecified, with urinary obstruction and other lower urinary symptoms (LUTS)",http://hl7.org/fhir/sid/icd-9-cm,
311,311,condition,Other Code,condition_description,311,"Depressive disorder, not elsewhere classified",http://hl7.org/fhir/sid/icd-9-cm,
V08,V08,condition,Other Code,condition_description,V08,Asymptomatic human immunodeficiency virus [HIV] infection status,http://hl7.org/fhir/sid/icd-9-cm,
758.0,758.0,condition,Other Code,condition_description,758.0,Down's syndrome,http://hl7.org/fhir/sid/icd-9-cm,
332.0,332.0,condition,Other Code,condition_description,332.0,Paralysis agitans,http://hl7.org/fhir/sid/icd-9-cm,
783.22,783.22,condition,Other Code,condition_description,783.22,Underweight,http://hl7.org/fhir/sid/icd-9-cm,
382.9,382.9,condition,Other Code,condition_description,382.9,Unspecified otitis media,http://hl7.org/fhir/sid/icd-9-cm,
V25.09,V25.09,condition,Other Code,condition_description,V25.09,Other general counseling and advice on contraceptive management,http://hl7.org/fhir/sid/icd-9-cm,
783.41,783.41,condition,Other Code,condition_description,783.41,Failure to thrive,http://hl7.org/fhir/sid/icd-9-cm,
385.00,385.00,condition,Other Code,condition_description,385.00,"Tympanosclerosis, unspecified as to involvement",http://hl7.org/fhir/sid/icd-9-cm,
780.79,780.79,condition,Other Code,condition_description,780.79,Other malaise and fatigue,http://hl7.org/fhir/sid/icd-9-cm,
424.1,424.1,condition,Other Code,condition_description,424.1,Aortic valve disorders,http://hl7.org/fhir/sid/icd-9-cm,
244.9,244.9,condition,Other Code,condition_description,244.9,Unspecified acquired hypothyroidism,http://hl7.org/fhir/sid/icd-9-cm,
V58.49,V58.49,condition,Other Code,condition_description,V58.49,Other specified aftercare following surgery,http://hl7.org/fhir/sid/icd-9-cm,
388.60,388.60,condition,Other Code,condition_description,388.60,"Otorrhea, unspecified",http://hl7.org/fhir/sid/icd-9-cm,
745.69,745.69,condition,Other Code,condition_description,745.69,Other endocardial cushion defects,http://hl7.org/fhir/sid/icd-9-cm,
786.50,786.50,condition,Other Code,condition_description,786.50,"Chest pain, unspecified",http://hl7.org/fhir/sid/icd-9-cm,
424.0,424.0,condition,Other Code,condition_description,424.0,Mitral valve disorders,http://hl7.org/fhir/sid/icd-9-cm,
381.10,381.10,condition,Other Code,condition_description,381.10,"Chronic serous otitis media, simple or unspecified",http://hl7.org/fhir/sid/icd-9-cm,
526.4,526.4,condition,Other Code,condition_description,526.4,Inflammatory conditions of jaw,http://hl7.org/fhir/sid/icd-9-cm,
250.00,250.00,condition,Other Code,condition_description,250.00,"Diabetes mellitus without mention of complication, type II or unspecified type, not stated as uncontrolled",http://hl7.org/fhir/sid/icd-9-cm,
746.9,746.9,condition,Other Code,condition_description,746.9,Unspecified congenital anomaly of heart,http://hl7.org/fhir/sid/icd-9-cm,
786.09,786.09,condition,Other Code,condition_description,786.09,Other respiratory abnormalities,http://hl7.org/fhir/sid/icd-9-cm,
747.0,747.0,condition,Other Code,condition_description,747.0,Patent ductus arteriosus,http://hl7.org/fhir/sid/icd-9-cm,
579.0,579.0,condition,Other Code,condition_description,579.0,Celiac disease,http://hl7.org/fhir/sid/icd-9-cm,
306.7,306.7,condition,Other Code,condition_description,306.7,Disorder of organs of special sense arising from mental factors,http://hl7.org/fhir/sid/icd-9-cm,
530.81,530.81,condition,Other Code,condition_description,530.81,Esophageal reflux,http://hl7.org/fhir/sid/icd-9-cm,
327.23,327.23,condition,Other Code,condition_description,327.23,Obstructive sleep apnea (adult)(pediatric),http://hl7.org/fhir/sid/icd-9-cm,
745.4,745.4,condition,Other Code,condition_description,745.4,Ventricular septal defect,http://hl7.org/fhir/sid/icd-9-cm,
389.20,389.20,condition,Other Code,condition_description,389.20,"Mixed hearing loss, unspecified",http://hl7.org/fhir/sid/icd-9-cm,
389.00,389.00,condition,Other Code,condition_description,389.00,"Conductive hearing loss, unspecified",http://hl7.org/fhir/sid/icd-9-cm,
389.22,389.22,condition,Other Code,condition_description,389.22,"Mixed hearing loss, bilateral",http://hl7.org/fhir/sid/icd-9-cm,
698.3,698.3,condition,Other Code,condition_description,698.3,Lichenification and lichen simplex chronicus,http://hl7.org/fhir/sid/icd-9-cm,
690.10,690.10,condition,Other Code,condition_description,690.10,"Seborrheic dermatitis, unspecified",http://hl7.org/fhir/sid/icd-9-cm,
780.59,780.59,condition,Other Code,condition_description,780.59,Other sleep disturbances,http://hl7.org/fhir/sid/icd-9-cm,
136.9,136.9,condition,Other Code,condition_description,136.9,Unspecified infectious and parasitic diseases,http://hl7.org/fhir/sid/icd-9-cm,
473.9,473.9,condition,Other Code,condition_description,473.9,Unspecified sinusitis (chronic),http://hl7.org/fhir/sid/icd-9-cm,
788.33,788.33,condition,Other Code,condition_description,788.33,Mixed incontinence (male) (female),http://hl7.org/fhir/sid/icd-9-cm,
780.60,780.60,condition,Other Code,condition_description,780.60,"Fever, unspecified",http://hl7.org/fhir/sid/icd-9-cm,
691.8,691.8,condition,Other Code,condition_description,691.8,Other atopic dermatitis and related conditions,http://hl7.org/fhir/sid/icd-9-cm,
716.97,716.97,condition,Other Code,condition_description,716.97,"Arthropathy, unspecified, ankle and foot",http://hl7.org/fhir/sid/icd-9-cm,
E947.9,E947.9,condition,Other Code,condition_description,E947.9,Unspecified drug or medicinal substance causing adverse effects in therapeutic use,http://hl7.org/fhir/sid/icd-9-cm,
822.0,822.0,condition,Other Code,condition_description,822.0,Closed fracture of patella,http://hl7.org/fhir/sid/icd-9-cm,
337.20,337.20,condition,Other Code,condition_description,337.20,"Reflex sympathetic dystrophy, unspecified",http://hl7.org/fhir/sid/icd-9-cm,
618.01,618.01,condition,Other Code,condition_description,618.01,"Cystocele, midline",http://hl7.org/fhir/sid/icd-9-cm,
314.01,314.01,condition,Other Code,condition_description,314.01,Attention deficit disorder with hyperactivity,http://hl7.org/fhir/sid/icd-9-cm,
372.05,372.05,condition,Other Code,condition_description,372.05,Acute atopic conjunctivitis,http://hl7.org/fhir/sid/icd-9-cm,
087.9,087.9,condition,Other Code,condition_description,087.9,"Relapsing fever, unspecified",http://hl7.org/fhir/sid/icd-9-cm,
212.0,212.0,condition,Other Code,condition_description,212.0,"Benign neoplasm of nasal cavities, middle ear, and accessory sinuses",http://hl7.org/fhir/sid/icd-9-cm,
692.9,692.9,condition,Other Code,condition_description,692.9,"Contact dermatitis and other eczema, unspecified cause",http://hl7.org/fhir/sid/icd-9-cm,
371.52,371.52,condition,Other Code,condition_description,371.52,Other anterior corneal dystrophies,http://hl7.org/fhir/sid/icd-9-cm,
840.8,840.8,condition,Other Code,condition_description,840.8,Sprains and strains of other specified sites of shoulder and upper arm,http://hl7.org/fhir/sid/icd-9-cm,
384.20,384.20,condition,Other Code,condition_description,384.20,"Perforation of tympanic membrane, unspecified",http://hl7.org/fhir/sid/icd-9-cm,
719.47,719.47,condition,Other Code,condition_description,719.47,"Pain in joint, ankle and foot",http://hl7.org/fhir/sid/icd-9-cm,
474.11,474.11,condition,Other Code,condition_description,474.11,Hypertrophy of tonsils alone,http://hl7.org/fhir/sid/icd-9-cm,
V43.66,V43.66,condition,Other Code,condition_description,V43.66,Ankle joint replacement,http://hl7.org/fhir/sid/icd-9-cm,
375.15,375.15,condition,Other Code,condition_description,375.15,"Tear film insufficiency, unspecified",http://hl7.org/fhir/sid/icd-9-cm,
729.1,729.1,condition,Other Code,condition_description,729.1,"Myalgia and myositis, unspecified",http://hl7.org/fhir/sid/icd-9-cm,
477.9,477.9,condition,Other Code,condition_description,477.9,"Allergic rhinitis, cause unspecified",http://hl7.org/fhir/sid/icd-9-cm,
389.9,389.9,condition,Other Code,condition_description,389.9,Unspecified hearing loss,http://hl7.org/fhir/sid/icd-9-cm,
474.01,474.01,condition,Other Code,condition_description,474.01,Chronic adenoiditis,http://hl7.org/fhir/sid/icd-9-cm,
840.4,840.4,condition,Other Code,condition_description,840.4,Rotator cuff (capsule) sprain,http://hl7.org/fhir/sid/icd-9-cm,
V85.21,V85.21,condition,Other Code,condition_description,V85.21,"Body Mass Index 25.0-25.9, adult",http://hl7.org/fhir/sid/icd-9-cm,
V77.91,V77.91,condition,Other Code,condition_description,V77.91,Screening for lipoid disorders,http://hl7.org/fhir/sid/icd-9-cm,
799.9,799.9,condition,Other Code,condition_description,799.9,Other unknown and unspecified cause of morbidity and mortality,http://hl7.org/fhir/sid/icd-9-cm,
V78.1,V78.1,condition,Other Code,condition_description,V78.1,Screening for other and unspecified deficiency anemia,http://hl7.org/fhir/sid/icd-9-cm,
V77.1,V77.1,condition,Other Code,condition_description,V77.1,Screening for diabetes mellitus,http://hl7.org/fhir/sid/icd-9-cm,
278.02,278.02,condition,Other Code,condition_description,278.02,Overweight,http://hl7.org/fhir/sid/icd-9-cm,
789.00,789.00,condition,Other Code,condition_description,789.00,"Abdominal pain, unspecified site",http://hl7.org/fhir/sid/icd-9-cm,
V16.0,V16.0,condition,Other Code,condition_description,V16.0,Family history of malignant neoplasm of gastrointestinal tract,http://hl7.org/fhir/sid/icd-9-cm,
626.0,626.0,condition,Other Code,condition_description,626.0,Absence of menstruation,http://hl7.org/fhir/sid/icd-9-cm,
372.30,372.30,condition,Other Code,condition_description,372.30,"Conjunctivitis, unspecified",http://hl7.org/fhir/sid/icd-9-cm,
V76.51,V76.51,condition,Other Code,condition_description,V76.51,Special screening for malignant neoplasms of colon,http://hl7.org/fhir/sid/icd-9-cm,
709.9,709.9,condition,Other Code,condition_description,709.9,Unspecified disorder of skin and subcutaneous tissue,http://hl7.org/fhir/sid/icd-9-cm,
478.19,478.19,condition,Other Code,condition_description,478.19,Other disease of nasal cavity and sinuses,http://hl7.org/fhir/sid/icd-9-cm,
696.1,696.1,condition,Other Code,condition_description,696.1,Other psoriasis,http://hl7.org/fhir/sid/icd-9-cm,
786.2,786.2,condition,Other Code,condition_description,786.2,Cough,http://hl7.org/fhir/sid/icd-9-cm,
V79.0,V79.0,condition,Other Code,condition_description,V79.0,Screening for depression,http://hl7.org/fhir/sid/icd-9-cm,
V74.1,V74.1,condition,Other Code,condition_description,V74.1,Screening examination for pulmonary tuberculosis,http://hl7.org/fhir/sid/icd-9-cm,
V45.61,V45.61,condition,Other Code,condition_description,V45.61,Cataract extraction status,http://hl7.org/fhir/sid/icd-9-cm,
780.93,780.93,condition,Other Code,condition_description,780.93,Memory loss,http://hl7.org/fhir/sid/icd-9-cm,
381.01,381.01,condition,Other Code,condition_description,381.01,Acute serous otitis media,http://hl7.org/fhir/sid/icd-9-cm,
I34.0,I34.0,condition,Other Code,condition_description,I34.0,Nonrheumatic mitral (valve) insufficiency,http://hl7.org/fhir/sid/icd-10-cm,
H90.8,H90.8,condition,Other Code,condition_description,H90.8,"Mixed conductive and sensorineural hearing loss, unspecified",http://hl7.org/fhir/sid/icd-10-cm,
H90.2,H90.2,condition,Other Code,condition_description,H90.2,"Conductive hearing loss, unspecified",http://hl7.org/fhir/sid/icd-10-cm,
H72.92,H72.92,condition,Other Code,condition_description,H72.92,"Unspecified perforation of tympanic membrane, left ear",http://hl7.org/fhir/sid/icd-10-cm,
E66.3,E66.3,condition,Other Code,condition_description,E66.3,Overweight,http://hl7.org/fhir/sid/icd-10-cm,
R09.81,R09.81,condition,Other Code,condition_description,R09.81,Nasal congestion,http://hl7.org/fhir/sid/icd-10-cm,
I38,I38,condition,Other Code,condition_description,I38,"Endocarditis, valve unspecified",http://hl7.org/fhir/sid/icd-10-cm,
Q21.21,Q21.21,condition,Other Code,condition_description,Q21.21,Partial atrioventricular septal defect,http://hl7.org/fhir/sid/icd-10-cm,
H90.6,H90.6,condition,Other Code,condition_description,H90.6,"Mixed conductive and sensorineural hearing loss, bilateral",http://hl7.org/fhir/sid/icd-10-cm,
B07.0,B07.0,condition,Other Code,condition_description,B07.0,Plantar wart,http://hl7.org/fhir/sid/icd-10-cm,
H66.90,H66.90,condition,Other Code,condition_description,H66.90,"Otitis media, unspecified, unspecified ear",http://hl7.org/fhir/sid/icd-10-cm,
Z11.1,Z11.1,condition,Other Code,condition_description,Z11.1,Encounter for screening for respiratory tuberculosis,http://hl7.org/fhir/sid/icd-10-cm,
H65.33,H65.33,condition,Other Code,condition_description,H65.33,"Chronic mucoid otitis media, bilateral",http://hl7.org/fhir/sid/icd-10-cm,
K13.0,K13.0,condition,Other Code,condition_description,K13.0,Diseases of lips,http://hl7.org/fhir/sid/icd-10-cm,
H65.23,H65.23,condition,Other Code,condition_description,H65.23,"Chronic serous otitis media, bilateral",http://hl7.org/fhir/sid/icd-10-cm,
K31.7,K31.7,condition,Other Code,condition_description,K31.7,Polyp of stomach and duodenum,http://hl7.org/fhir/sid/icd-10-cm,
M62.838,M62.838,condition,Other Code,condition_description,M62.838,Other muscle spasm,http://hl7.org/fhir/sid/icd-10-cm,
M79.602,M79.602,condition,Other Code,condition_description,M79.602,Pain in left arm,http://hl7.org/fhir/sid/icd-10-cm,
I10,I10,condition,Other Code,condition_description,I10,Essential (primary) hypertension,http://hl7.org/fhir/sid/icd-10-cm,
E11.21,E11.21,condition,Other Code,condition_description,E11.21,Type 2 diabetes mellitus with diabetic nephropathy,http://hl7.org/fhir/sid/icd-10-cm,
E11.00,E11.00,condition,Other Code,condition_description,E11.00,Type 2 diabetes mellitus with hyperosmolarity without nonketotic hyperglycemic-hyperosmolar coma (NKHHC),http://hl7.org/fhir/sid/icd-10-cm,
R12,R12,condition,Other Code,condition_description,R12,Heartburn,http://hl7.org/fhir/sid/icd-10-cm,
Z79.84,Z79.84,condition,Other Code,condition_description,Z79.84,Long term (current) use of oral hypoglycemic drugs,http://hl7.org/fhir/sid/icd-10-cm,
M54.2,M54.2,condition,Other Code,condition_description,M54.2,Cervicalgia,http://hl7.org/fhir/sid/icd-10-cm,
H90.5,H90.5,condition,Other Code,condition_description,H90.5,Unspecified sensorineural hearing loss,http://hl7.org/fhir/sid/icd-10-cm,
R62.50,R62.50,condition,Other Code,condition_description,R62.50,Unspecified lack of expected normal physiological development in childhood,http://hl7.org/fhir/sid/icd-10-cm,
R26.9,R26.9,condition,Other Code,condition_description,R26.9,Unspecified abnormalities of gait and mobility,http://hl7.org/fhir/sid/icd-10-cm,
M25.512,M25.512,condition,Other Code,condition_description,M25.512,Pain in left shoulder,http://hl7.org/fhir/sid/icd-10-cm,
H90.3,H90.3,condition,Other Code,condition_description,H90.3,"Sensorineural hearing loss, bilateral",http://hl7.org/fhir/sid/icd-10-cm,
F44.6,F44.6,condition,Other Code,condition_description,F44.6,Conversion disorder with sensory symptom or deficit,http://hl7.org/fhir/sid/icd-10-cm,
R79.9,R79.9,condition,Other Code,condition_description,R79.9,"Abnormal finding of blood chemistry, unspecified",http://hl7.org/fhir/sid/icd-10-cm,
H92.01,H92.01,condition,Other Code,condition_description,H92.01,"Otalgia, right ear",http://hl7.org/fhir/sid/icd-10-cm,
Z68.32,Z68.32,condition,Other Code,condition_description,Z68.32,"Body mass index [BMI] 32.0-32.9, adult",http://hl7.org/fhir/sid/icd-10-cm,
S83.005S,S83.005S,condition,Other Code,condition_description,S83.005S,"Unspecified dislocation of left patella, sequela",http://hl7.org/fhir/sid/icd-10-cm,
Q25.0,Q25.0,condition,Other Code,condition_description,Q25.0,Patent ductus arteriosus,http://hl7.org/fhir/sid/icd-10-cm,
H65.21,H65.21,condition,Other Code,condition_description,H65.21,"Chronic serous otitis media, right ear",http://hl7.org/fhir/sid/icd-10-cm,
R73.9,R73.9,condition,Other Code,condition_description,R73.9,"Hyperglycemia, unspecified",http://hl7.org/fhir/sid/icd-10-cm,
M25.562,M25.562,condition,Other Code,condition_description,M25.562,Pain in left knee,http://hl7.org/fhir/sid/icd-10-cm,
I44.4,I44.4,condition,Other Code,condition_description,I44.4,Left anterior fascicular block,http://hl7.org/fhir/sid/icd-10-cm,
H65.22,H65.22,condition,Other Code,condition_description,H65.22,"Chronic serous otitis media, left ear",http://hl7.org/fhir/sid/icd-10-cm,
J32.9,J32.9,condition,Other Code,condition_description,J32.9,"Chronic sinusitis, unspecified",http://hl7.org/fhir/sid/icd-10-cm,
R10.13,R10.13,condition,Other Code,condition_description,R10.13,Epigastric pain,http://hl7.org/fhir/sid/icd-10-cm,
M27.2,M27.2,condition,Other Code,condition_description,M27.2,Inflammatory conditions of jaws,http://hl7.org/fhir/sid/icd-10-cm,
L20.9,L20.9,condition,Other Code,condition_description,L20.9,"Atopic dermatitis, unspecified",http://hl7.org/fhir/sid/icd-10-cm,
R53.83,R53.83,condition,Other Code,condition_description,R53.83,Other fatigue,http://hl7.org/fhir/sid/icd-10-cm,
M85.80,M85.80,condition,Other Code,condition_description,M85.80,"Other specified disorders of bone density and structure, unspecified site",http://hl7.org/fhir/sid/icd-10-cm,
K52.9,K52.9,condition,Other Code,condition_description,K52.9,"Noninfective gastroenteritis and colitis, unspecified",http://hl7.org/fhir/sid/icd-10-cm,
Z13.21,Z13.21,condition,Other Code,condition_description,Z13.21,Encounter for screening for nutritional disorder,http://hl7.org/fhir/sid/icd-10-cm,
R05.9,R05.9,condition,Other Code,condition_description,R05.9,"Cough, unspecified",http://hl7.org/fhir/sid/icd-10-cm,
R63.8,R63.8,condition,Other Code,condition_description,R63.8,Other symptoms and signs concerning food and fluid intake,http://hl7.org/fhir/sid/icd-10-cm,
Z29.8,Z29.8,condition,Other Code,condition_description,Z29.8,Encounter for other specified prophylactic measures,http://hl7.org/fhir/sid/icd-10-cm,
R43.9,R43.9,condition,Other Code,condition_description,R43.9,Unspecified disturbances of smell and taste,http://hl7.org/fhir/sid/icd-10-cm,
I35.1,I35.1,condition,Other Code,condition_description,I35.1,Nonrheumatic aortic (valve) insufficiency,http://hl7.org/fhir/sid/icd-10-cm,
J02.9,J02.9,condition,Other Code,condition_description,J02.9,"Acute pharyngitis, unspecified",http://hl7.org/fhir/sid/icd-10-cm,
Z20.828,Z20.828,condition,Other Code,condition_description,Z20.828,Contact with and (suspected) exposure to other viral communicable diseases,http://hl7.org/fhir/sid/icd-10-cm,
J18.9,J18.9,condition,Other Code,condition_description,J18.9,"Pneumonia, unspecified organism",http://hl7.org/fhir/sid/icd-10-cm,
H52.03,H52.03,condition,Other Code,condition_description,H52.03,"Hypermetropia, bilateral",http://hl7.org/fhir/sid/icd-10-cm,
J34.89,J34.89,condition,Other Code,condition_description,J34.89,Other specified disorders of nose and nasal sinuses,http://hl7.org/fhir/sid/icd-10-cm,
H04.551,H04.551,condition,Other Code,condition_description,H04.551,Acquired stenosis of right nasolacrimal duct,http://hl7.org/fhir/sid/icd-10-cm,
R11.10,R11.10,condition,Other Code,condition_description,R11.10,"Vomiting, unspecified",http://hl7.org/fhir/sid/icd-10-cm,
R09.89,R09.89,condition,Other Code,condition_description,R09.89,Other specified symptoms and signs involving the circulatory and respiratory systems,http://hl7.org/fhir/sid/icd-10-cm,
K58.8,K58.8,condition,Other Code,condition_description,K58.8,Other irritable bowel syndrome,http://hl7.org/fhir/sid/icd-10-cm,
R19.7,R19.7,condition,Other Code,condition_description,R19.7,"Diarrhea, unspecified",http://hl7.org/fhir/sid/icd-10-cm,
R10.84,R10.84,condition,Other Code,condition_description,R10.84,Generalized abdominal pain,http://hl7.org/fhir/sid/icd-10-cm,
R10.30,R10.30,condition,Other Code,condition_description,R10.30,"Lower abdominal pain, unspecified",http://hl7.org/fhir/sid/icd-10-cm,
R52,R52,condition,Other Code,condition_description,R52,"Pain, unspecified",http://hl7.org/fhir/sid/icd-10-cm,
Z87.19,Z87.19,condition,Other Code,condition_description,Z87.19,Personal history of other diseases of the digestive system,http://hl7.org/fhir/sid/icd-10-cm,
D53.9,D53.9,condition,Other Code,condition_description,D53.9,"Nutritional anemia, unspecified",http://hl7.org/fhir/sid/icd-10-cm,
E11.22,E11.22,condition,Other Code,condition_description,E11.22,Type 2 diabetes mellitus with diabetic chronic kidney disease,http://hl7.org/fhir/sid/icd-10-cm,
H92.02,H92.02,condition,Other Code,condition_description,H92.02,"Otalgia, left ear",http://hl7.org/fhir/sid/icd-10-cm,
H66.3X2,H66.3X2,condition,Other Code,condition_description,H66.3X2,"Other chronic suppurative otitis media, left ear",http://hl7.org/fhir/sid/icd-10-cm,
H66.93,H66.93,condition,Other Code,condition_description,H66.93,"Otitis media, unspecified, bilateral",http://hl7.org/fhir/sid/icd-10-cm,
Z86.2,Z86.2,condition,Other Code,condition_description,Z86.2,Personal history of diseases of the blood and blood-forming organs and certain disorders involving the immune mechanism,http://hl7.org/fhir/sid/icd-10-cm,
H66.3X3,H66.3X3,condition,Other Code,condition_description,H66.3X3,"Other chronic suppurative otitis media, bilateral",http://hl7.org/fhir/sid/icd-10-cm,
Z13.31,Z13.31,condition,Other Code,condition_description,Z13.31,Encounter for screening for depression,http://hl7.org/fhir/sid/icd-10-cm,
Z68.35,Z68.35,condition,Other Code,condition_description,Z68.35,"Body mass index [BMI] 35.0-35.9, adult",http://hl7.org/fhir/sid/icd-10-cm,
H61.23,H61.23,condition,Other Code,condition_description,H61.23,"Impacted cerumen, bilateral",http://hl7.org/fhir/sid/icd-10-cm,
H73.20,H73.20,condition,Other Code,condition_description,H73.20,"Unspecified myringitis, unspecified ear",http://hl7.org/fhir/sid/icd-10-cm,
F33.42,F33.42,condition,Other Code,condition_description,F33.42,"Major depressive disorder, recurrent, in full remission",http://hl7.org/fhir/sid/icd-10-cm,
R10.31,R10.31,condition,Other Code,condition_description,R10.31,Right lower quadrant pain,http://hl7.org/fhir/sid/icd-10-cm,
I45.6,I45.6,condition,Other Code,condition_description,I45.6,Pre-excitation syndrome,http://hl7.org/fhir/sid/icd-10-cm,
K59.1,K59.1,condition,Other Code,condition_description,K59.1,Functional diarrhea,http://hl7.org/fhir/sid/icd-10-cm,
G47.429,G47.429,condition,Other Code,condition_description,G47.429,Narcolepsy in conditions classified elsewhere without cataplexy,http://hl7.org/fhir/sid/icd-10-cm,
R59.1,R59.1,condition,Other Code,condition_description,R59.1,Generalized enlarged lymph nodes,http://hl7.org/fhir/sid/icd-10-cm,
Q21.0,Q21.0,condition,Other Code,condition_description,Q21.0,Ventricular septal defect,http://hl7.org/fhir/sid/icd-10-cm,
K04.7,K04.7,condition,Other Code,condition_description,K04.7,Periapical abscess without sinus,http://hl7.org/fhir/sid/icd-10-cm,
F03.90,F03.90,condition,Other Code,condition_description,F03.90,"Unspecified dementia, unspecified severity, without behavioral disturbance, psychotic disturbance, mood disturbance, and anxiety",http://hl7.org/fhir/sid/icd-10-cm,
K59.00,K59.00,condition,Other Code,condition_description,K59.00,"Constipation, unspecified",http://hl7.org/fhir/sid/icd-10-cm,
R10.9,R10.9,condition,Other Code,condition_description,R10.9,Unspecified abdominal pain,http://hl7.org/fhir/sid/icd-10-cm,
Q92.9,Q92.9,condition,Other Code,condition_description,Q92.9,"Trisomy and partial trisomy of autosomes, unspecified",http://hl7.org/fhir/sid/icd-10-cm,
G30.0,G30.0,condition,Other Code,condition_description,G30.0,Alzheimer's disease with early onset,http://hl7.org/fhir/sid/icd-10-cm,
K62.5,K62.5,condition,Other Code,condition_description,K62.5,Hemorrhage of anus and rectum,http://hl7.org/fhir/sid/icd-10-cm,
K57.30,K57.30,condition,Other Code,condition_description,K57.30,Diverticulosis of large intestine without perforation or abscess without bleeding,http://hl7.org/fhir/sid/icd-10-cm,
D12.2,D12.2,condition,Other Code,condition_description,D12.2,Benign neoplasm of ascending colon,http://hl7.org/fhir/sid/icd-10-cm,
L85.3,L85.3,condition,Other Code,condition_description,L85.3,Xerosis cutis,http://hl7.org/fhir/sid/icd-10-cm,
K59.09,K59.09,condition,Other Code,condition_description,K59.09,Other constipation,http://hl7.org/fhir/sid/icd-10-cm,
T14.8XXA,T14.8XXA,condition,Other Code,condition_description,T14.8XXA,"Other injury of unspecified body region, initial encounter",http://hl7.org/fhir/sid/icd-10-cm,
R00.2,R00.2,condition,Other Code,condition_description,R00.2,Palpitations,http://hl7.org/fhir/sid/icd-10-cm,
R11.2,R11.2,condition,Other Code,condition_description,R11.2,"Nausea with vomiting, unspecified",http://hl7.org/fhir/sid/icd-10-cm,
R94.31,R94.31,condition,Other Code,condition_description,R94.31,Abnormal electrocardiogram [ECG] [EKG],http://hl7.org/fhir/sid/icd-10-cm,
M25.551,M25.551,condition,Other Code,condition_description,M25.551,Pain in right hip,http://hl7.org/fhir/sid/icd-10-cm,
M25.511,M25.511,condition,Other Code,condition_description,M25.511,Pain in right shoulder,http://hl7.org/fhir/sid/icd-10-cm,
M25.50,M25.50,condition,Other Code,condition_description,M25.50,Pain in unspecified joint,http://hl7.org/fhir/sid/icd-10-cm,
Z95.818,Z95.818,condition,Other Code,condition_description,Z95.818,Presence of other cardiac implants and grafts,http://hl7.org/fhir/sid/icd-10-cm,
V77.0,V77.0,condition,Other Code,condition_description,V77.0,Screening for thyroid disorders,http://hl7.org/fhir/sid/icd-9-cm,
V78.0,V78.0,condition,Other Code,condition_description,V78.0,Screening for iron deficiency anemia,http://hl7.org/fhir/sid/icd-9-cm,
790.6,790.6,condition,Other Code,condition_description,790.6,Other abnormal blood chemistry,http://hl7.org/fhir/sid/icd-9-cm,
315.9,315.9,condition,Other Code,condition_description,315.9,Unspecified delay in development,http://hl7.org/fhir/sid/icd-9-cm,
110.1,110.1,condition,Other Code,condition_description,110.1,Dermatophytosis of nail,http://hl7.org/fhir/sid/icd-9-cm,
H92.12,H92.12,condition,Other Code,condition_description,H92.12,"Otorrhea, left ear",http://hl7.org/fhir/sid/icd-10-cm,
H69.83,H69.83,condition,Other Code,condition_description,H69.83,"Other specified disorders of Eustachian tube, bilateral",http://hl7.org/fhir/sid/icd-10-cm,
873.42,873.42,condition,Other Code,condition_description,873.42,"Open wound of forehead, without mention of complication",http://hl7.org/fhir/sid/icd-9-cm,
278.00,278.00,condition,Other Code,condition_description,278.00,"Obesity, unspecified",http://hl7.org/fhir/sid/icd-9-cm,
465.9,465.9,condition,Other Code,condition_description,465.9,Acute upper respiratory infections of unspecified site,http://hl7.org/fhir/sid/icd-9-cm,
V58.89,V58.89,condition,Other Code,condition_description,V58.89,Other specified aftercare,http://hl7.org/fhir/sid/icd-9-cm,
H60.8X3,H60.8X3,condition,Other Code,condition_description,H60.8X3,"Other otitis externa, bilateral",http://hl7.org/fhir/sid/icd-10-cm,
Z83.79,Z83.79,condition,Other Code,condition_description,Z83.79,Family history of other diseases of the digestive system,http://hl7.org/fhir/sid/icd-10-cm,
F79,F79,condition,Other Code,condition_description,F79,Unspecified intellectual disabilities,http://hl7.org/fhir/sid/icd-10-cm,
I95.9,I95.9,condition,Other Code,condition_description,I95.9,"Hypotension, unspecified",http://hl7.org/fhir/sid/icd-10-cm,
M1A.0790,M1A.0790,condition,Other Code,condition_description,M1A.0790,"Idiopathic chronic gout, unspecified ankle and foot, without tophus (tophi)",http://hl7.org/fhir/sid/icd-10-cm,
Z68.42,Z68.42,condition,Other Code,condition_description,Z68.42,"Body mass index [BMI] 45.0-49.9, adult",http://hl7.org/fhir/sid/icd-10-cm,
Z68.41,Z68.41,condition,Other Code,condition_description,Z68.41,"Body mass index [BMI] 40.0-44.9, adult",http://hl7.org/fhir/sid/icd-10-cm,
H93.19,H93.19,condition,Other Code,condition_description,H93.19,"Tinnitus, unspecified ear",http://hl7.org/fhir/sid/icd-10-cm,
H66.92,H66.92,condition,Other Code,condition_description,H66.92,"Otitis media, unspecified, left ear",http://hl7.org/fhir/sid/icd-10-cm,
Q55.0,Q55.0,condition,Other Code,condition_description,Q55.0,Absence and aplasia of testis,http://hl7.org/fhir/sid/icd-10-cm,
N64.4,N64.4,condition,Other Code,condition_description,N64.4,Mastodynia,http://hl7.org/fhir/sid/icd-10-cm,
R19.00,R19.00,condition,Other Code,condition_description,R19.00,"Intra-abdominal and pelvic swelling, mass and lump, unspecified site",http://hl7.org/fhir/sid/icd-10-cm,
367.20,367.20,condition,Other Code,condition_description,367.20,"Astigmatism, unspecified",http://hl7.org/fhir/sid/icd-9-cm,
378.20,378.20,condition,Other Code,condition_description,378.20,"Intermittent heterotropia, unspecified",http://hl7.org/fhir/sid/icd-9-cm,
174.8,174.8,condition,Other Code,condition_description,174.8,Malignant neoplasm of other specified sites of female breast,http://hl7.org/fhir/sid/icd-9-cm,
229.0,229.0,condition,Other Code,condition_description,229.0,Benign neoplasm of lymph nodes,http://hl7.org/fhir/sid/icd-9-cm,
233.0,233.0,condition,Other Code,condition_description,233.0,Carcinoma in situ of breast,http://hl7.org/fhir/sid/icd-9-cm,
C50.411,C50.411,condition,Other Code,condition_description,C50.411,Malignant neoplasm of upper-outer quadrant of right female breast,http://hl7.org/fhir/sid/icd-10-cm,
Z12.39,Z12.39,condition,Other Code,condition_description,Z12.39,Encounter for other screening for malignant neoplasm of breast,http://hl7.org/fhir/sid/icd-10-cm,
J45.20,J45.20,condition,Other Code,condition_description,J45.20,"Mild intermittent asthma, uncomplicated",http://hl7.org/fhir/sid/icd-10-cm,
R63.4,R63.4,condition,Other Code,condition_description,R63.4,Abnormal weight loss,http://hl7.org/fhir/sid/icd-10-cm,
F41.8,F41.8,condition,Other Code,condition_description,F41.8,Other specified anxiety disorders,http://hl7.org/fhir/sid/icd-10-cm,
J45.909,J45.909,condition,Other Code,condition_description,J45.909,"Unspecified asthma, uncomplicated",http://hl7.org/fhir/sid/icd-10-cm,
L65.9,L65.9,condition,Other Code,condition_description,L65.9,"Nonscarring hair loss, unspecified",http://hl7.org/fhir/sid/icd-10-cm,
V15.09,V15.09,condition,Other Code,condition_description,V15.09,"Other allergy, other than to medicinal agents",http://hl7.org/fhir/sid/icd-9-cm,
695.3,695.3,condition,Other Code,condition_description,695.3,Rosacea,http://hl7.org/fhir/sid/icd-9-cm,
796.4,796.4,condition,Other Code,condition_description,796.4,Other abnormal clinical findings,http://hl7.org/fhir/sid/icd-9-cm,
V04.81,V04.81,condition,Other Code,condition_description,V04.81,Need for prophylactic vaccination and inoculation against influenza,http://hl7.org/fhir/sid/icd-9-cm,
Z68.36,Z68.36,condition,Other Code,condition_description,Z68.36,"Body mass index [BMI] 36.0-36.9, adult",http://hl7.org/fhir/sid/icd-10-cm,
Z68.37,Z68.37,condition,Other Code,condition_description,Z68.37,"Body mass index [BMI] 37.0-37.9, adult",http://hl7.org/fhir/sid/icd-10-cm,
B07.9,B07.9,condition,Other Code,condition_description,B07.9,"Viral wart, unspecified",http://hl7.org/fhir/sid/icd-10-cm,
B07.8,B07.8,condition,Other Code,condition_description,B07.8,Other viral warts,http://hl7.org/fhir/sid/icd-10-cm,
H91.92,H91.92,condition,Other Code,condition_description,H91.92,"Unspecified hearing loss, left ear",http://hl7.org/fhir/sid/icd-10-cm,
300.00,300.00,condition,Other Code,condition_description,300.00,"Anxiety state, unspecified",http://hl7.org/fhir/sid/icd-9-cm,
300.4,300.4,condition,Other Code,condition_description,300.4,Dysthymic disorder,http://hl7.org/fhir/sid/icd-9-cm,
378.05,378.05,condition,Other Code,condition_description,378.05,Alternating esotropia,http://hl7.org/fhir/sid/icd-9-cm,
389.18,389.18,condition,Other Code,condition_description,389.18,"Sensorineural hearing loss, bilateral",http://hl7.org/fhir/sid/icd-9-cm,
380.10,380.10,condition,Other Code,condition_description,380.10,"Infective otitis externa, unspecified",http://hl7.org/fhir/sid/icd-9-cm,
379.50,379.50,condition,Other Code,condition_description,379.50,"Nystagmus, unspecified",http://hl7.org/fhir/sid/icd-9-cm,
H55.00,H55.00,condition,Other Code,condition_description,H55.00,Unspecified nystagmus,http://hl7.org/fhir/sid/icd-10-cm,
H50.05,H50.05,condition,Other Code,condition_description,H50.05,Alternating esotropia,http://hl7.org/fhir/sid/icd-10-cm,
J06.9,J06.9,condition,Other Code,condition_description,J06.9,"Acute upper respiratory infection, unspecified",http://hl7.org/fhir/sid/icd-10-cm,
Z68.34,Z68.34,condition,Other Code,condition_description,Z68.34,"Body mass index [BMI] 34.0-34.9, adult",http://hl7.org/fhir/sid/icd-10-cm,
J30.89,J30.89,condition,Other Code,condition_description,J30.89,Other allergic rhinitis,http://hl7.org/fhir/sid/icd-10-cm,
K63.9,K63.9,condition,Other Code,condition_description,K63.9,"Disease of intestine, unspecified",http://hl7.org/fhir/sid/icd-10-cm,
E66.09,E66.09,condition,Other Code,condition_description,E66.09,Other obesity due to excess calories,http://hl7.org/fhir/sid/icd-10-cm,
Q38.2,Q38.2,condition,Other Code,condition_description,Q38.2,Macroglossia,http://hl7.org/fhir/sid/icd-10-cm,
H61.22,H61.22,condition,Other Code,condition_description,H61.22,"Impacted cerumen, left ear",http://hl7.org/fhir/sid/icd-10-cm,
M62.89,M62.89,condition,Other Code,condition_description,M62.89,Other specified disorders of muscle,http://hl7.org/fhir/sid/icd-10-cm,
H50.00,H50.00,condition,Other Code,condition_description,H50.00,Unspecified esotropia,http://hl7.org/fhir/sid/icd-10-cm,
V25.9,V25.9,condition,Other Code,condition_description,V25.9,Unspecified contraceptive management,http://hl7.org/fhir/sid/icd-9-cm,
M08.90,M08.90,condition,Other Code,condition_description,M08.90,"Juvenile arthritis, unspecified, unspecified site",http://hl7.org/fhir/sid/icd-10-cm,
783.0,783.0,condition,Other Code,condition_description,783.0,Anorexia,http://hl7.org/fhir/sid/icd-9-cm,
Z92.25,Z92.25,condition,Other Code,condition_description,Z92.25,Personal history of immunosuppression therapy,http://hl7.org/fhir/sid/icd-10-cm,
V66.7,V66.7,condition,Other Code,condition_description,V66.7,Encounter for palliative care,http://hl7.org/fhir/sid/icd-9-cm,
263.9,263.9,condition,Other Code,condition_description,263.9,Unspecified protein-calorie malnutrition,http://hl7.org/fhir/sid/icd-9-cm,
V25.49,V25.49,condition,Other Code,condition_description,V25.49,Surveillance of other contraceptive method,http://hl7.org/fhir/sid/icd-9-cm,
M08.00,M08.00,condition,Other Code,condition_description,M08.00,Unspecified juvenile rheumatoid arthritis of unspecified site,http://hl7.org/fhir/sid/icd-10-cm,
584.9,584.9,condition,Other Code,condition_description,584.9,"Acute kidney failure, unspecified",http://hl7.org/fhir/sid/icd-9-cm,
M08.80,M08.80,condition,Other Code,condition_description,M08.80,"Other juvenile arthritis, unspecified site",http://hl7.org/fhir/sid/icd-10-cm,
V58.81,V58.81,condition,Other Code,condition_description,V58.81,Fitting and adjustment of vascular catheter,http://hl7.org/fhir/sid/icd-9-cm,
997.5,997.5,condition,Other Code,condition_description,997.5,"Urinary complications, not elsewhere classified",http://hl7.org/fhir/sid/icd-9-cm,
180.9,180.9,condition,Other Code,condition_description,180.9,"Malignant neoplasm of cervix uteri, unspecified site",http://hl7.org/fhir/sid/icd-9-cm,
Z30.42,Z30.42,condition,Other Code,condition_description,Z30.42,Encounter for surveillance of injectable contraceptive,http://hl7.org/fhir/sid/icd-10-cm,
780.96,780.96,condition,Other Code,condition_description,780.96,Generalized pain,http://hl7.org/fhir/sid/icd-9-cm,
Z30.40,Z30.40,condition,Other Code,condition_description,Z30.40,"Encounter for surveillance of contraceptives, unspecified",http://hl7.org/fhir/sid/icd-10-cm,
R05,R05,condition,Other Code,condition_description,R05,Cough,http://hl7.org/fhir/sid/icd-10-cm,
R06.2,R06.2,condition,Other Code,condition_description,R06.2,Wheezing,http://hl7.org/fhir/sid/icd-10-cm,
D84.9,D84.9,condition,Other Code,condition_description,D84.9,"Immunodeficiency, unspecified",http://hl7.org/fhir/sid/icd-10-cm,
Z30.9,Z30.9,condition,Other Code,condition_description,Z30.9,"Encounter for contraceptive management, unspecified",http://hl7.org/fhir/sid/icd-10-cm,
J10.1,J10.1,condition,Other Code,condition_description,J10.1,Influenza due to other identified influenza virus with other respiratory manifestations,http://hl7.org/fhir/sid/icd-10-cm,
R51.9,R51.9,condition,Other Code,condition_description,R51.9,"Headache, unspecified",http://hl7.org/fhir/sid/icd-10-cm,
D89.9,D89.9,condition,Other Code,condition_description,D89.9,"Disorder involving the immune mechanism, unspecified",http://hl7.org/fhir/sid/icd-10-cm,
B00.1,B00.1,condition,Other Code,condition_description,B00.1,Herpesviral vesicular dermatitis,http://hl7.org/fhir/sid/icd-10-cm,
J20.9,J20.9,condition,Other Code,condition_description,J20.9,"Acute bronchitis, unspecified",http://hl7.org/fhir/sid/icd-10-cm,
J01.00,J01.00,condition,Other Code,condition_description,J01.00,"Acute maxillary sinusitis, unspecified",http://hl7.org/fhir/sid/icd-10-cm,
Q12.0,Q12.0,condition,Other Code,condition_description,Q12.0,Congenital cataract,http://hl7.org/fhir/sid/icd-10-cm,
G47.30,G47.30,condition,Other Code,condition_description,G47.30,"Sleep apnea, unspecified",http://hl7.org/fhir/sid/icd-10-cm,
J02.0,J02.0,condition,Other Code,condition_description,J02.0,Streptococcal pharyngitis,http://hl7.org/fhir/sid/icd-10-cm,
R56.9,R56.9,condition,Other Code,condition_description,R56.9,Unspecified convulsions,http://hl7.org/fhir/sid/icd-10-cm,
N39.0,N39.0,condition,Other Code,condition_description,N39.0,"Urinary tract infection, site not specified",http://hl7.org/fhir/sid/icd-10-cm,
Z87.898,Z87.898,condition,Other Code,condition_description,Z87.898,Personal history of other specified conditions,http://hl7.org/fhir/sid/icd-10-cm,
G93.89,G93.89,condition,Other Code,condition_description,G93.89,Other specified disorders of brain,http://hl7.org/fhir/sid/icd-10-cm,
E53.8,E53.8,condition,Other Code,condition_description,E53.8,Deficiency of other specified B group vitamins,http://hl7.org/fhir/sid/icd-10-cm,
G93.40,G93.40,condition,Other Code,condition_description,G93.40,"Encephalopathy, unspecified",http://hl7.org/fhir/sid/icd-10-cm,
J18.1,J18.1,condition,Other Code,condition_description,J18.1,"Lobar pneumonia, unspecified organism",http://hl7.org/fhir/sid/icd-10-cm,
R10.816,R10.816,condition,Other Code,condition_description,R10.816,Epigastric abdominal tenderness,http://hl7.org/fhir/sid/icd-10-cm,
J00,J00,condition,Other Code,condition_description,J00,Acute nasopharyngitis [common cold],http://hl7.org/fhir/sid/icd-10-cm,
M54.5,M54.5,condition,Other Code,condition_description,M54.5,Low back pain,http://hl7.org/fhir/sid/icd-10-cm,
R30.0,R30.0,condition,Other Code,condition_description,R30.0,Dysuria,http://hl7.org/fhir/sid/icd-10-cm,
M54.50,M54.50,condition,Other Code,condition_description,M54.50,"Low back pain, unspecified",http://hl7.org/fhir/sid/icd-10-cm,
M25.561,M25.561,condition,Other Code,condition_description,M25.561,Pain in right knee,http://hl7.org/fhir/sid/icd-10-cm,
U07.1,U07.1,condition,Other Code,condition_description,U07.1,Emergency use of U07.1 | COVID-19,http://hl7.org/fhir/sid/icd-10-cm,
Z68.30,Z68.30,condition,Other Code,condition_description,Z68.30,"Body mass index [BMI] 30.0-30.9, adult",http://hl7.org/fhir/sid/icd-10-cm,
L70.9,L70.9,condition,Other Code,condition_description,L70.9,"Acne, unspecified",http://hl7.org/fhir/sid/icd-10-cm,
N12,N12,condition,Other Code,condition_description,N12,"Tubulo-interstitial nephritis, not specified as acute or chronic",http://hl7.org/fhir/sid/icd-10-cm,
S40.811A,S40.811A,condition,Other Code,condition_description,S40.811A,"Abrasion of right upper arm, initial encounter",http://hl7.org/fhir/sid/icd-10-cm,
M41.9,M41.9,condition,Other Code,condition_description,M41.9,"Scoliosis, unspecified",http://hl7.org/fhir/sid/icd-10-cm,
Z79.1,Z79.1,condition,Other Code,condition_description,Z79.1,Long term (current) use of non-steroidal anti-inflammatories (NSAID),http://hl7.org/fhir/sid/icd-10-cm,
718.36,718.36,condition,Other Code,condition_description,718.36,"Recurrent dislocation of joint, lower leg",http://hl7.org/fhir/sid/icd-9-cm,
V45.89,V45.89,condition,Other Code,condition_description,V45.89,Other postprocedural status,http://hl7.org/fhir/sid/icd-9-cm,
745.5,745.5,condition,Other Code,condition_description,745.5,Ostium secundum type atrial septal defect,http://hl7.org/fhir/sid/icd-9-cm,
300.3,300.3,condition,Other Code,condition_description,300.3,Obsessive-compulsive disorders,http://hl7.org/fhir/sid/icd-9-cm,
787.91,787.91,condition,Other Code,condition_description,787.91,Diarrhea,http://hl7.org/fhir/sid/icd-9-cm,
009.2,009.2,condition,Other Code,condition_description,009.2,Infectious diarrhea,http://hl7.org/fhir/sid/icd-9-cm,
V05.9,V05.9,condition,Other Code,condition_description,V05.9,Need for prophylactic vaccination and inoculation against unspecified single disease,http://hl7.org/fhir/sid/icd-9-cm,
K05.10,K05.10,condition,Other Code,condition_description,K05.10,"Chronic gingivitis, plaque induced",http://hl7.org/fhir/sid/icd-10-cm,
Z63.8,Z63.8,condition,Other Code,condition_description,Z63.8,Other specified problems related to primary support group,http://hl7.org/fhir/sid/icd-10-cm,
R23.4,R23.4,condition,Other Code,condition_description,R23.4,Changes in skin texture,http://hl7.org/fhir/sid/icd-10-cm,
F43.25,F43.25,condition,Other Code,condition_description,F43.25,Adjustment disorder with mixed disturbance of emotions and conduct,http://hl7.org/fhir/sid/icd-10-cm,
N93.8,N93.8,condition,Other Code,condition_description,N93.8,Other specified abnormal uterine and vaginal bleeding,http://hl7.org/fhir/sid/icd-10-cm,
I51.7,I51.7,condition,Other Code,condition_description,I51.7,Cardiomegaly,http://hl7.org/fhir/sid/icd-10-cm,
M76.51,M76.51,condition,Other Code,condition_description,M76.51,"Patellar tendinitis, right knee",http://hl7.org/fhir/sid/icd-10-cm,
M54.6,M54.6,condition,Other Code,condition_description,M54.6,Pain in thoracic spine,http://hl7.org/fhir/sid/icd-10-cm,
F43.21,F43.21,condition,Other Code,condition_description,F43.21,Adjustment disorder with depressed mood,http://hl7.org/fhir/sid/icd-10-cm,
Q21.22,Q21.22,condition,Other Code,condition_description,Q21.22,Transitional atrioventricular septal defect,http://hl7.org/fhir/sid/icd-10-cm,
Q21.10,Q21.10,condition,Other Code,condition_description,Q21.10,"Atrial septal defect, unspecified",http://hl7.org/fhir/sid/icd-10-cm,
R40.0,R40.0,condition,Other Code,condition_description,R40.0,Somnolence,http://hl7.org/fhir/sid/icd-10-cm,
F33.1,F33.1,condition,Other Code,condition_description,F33.1,"Major depressive disorder, recurrent, moderate",http://hl7.org/fhir/sid/icd-10-cm,
E11.69,E11.69,condition,Other Code,condition_description,E11.69,Type 2 diabetes mellitus with other specified complication,http://hl7.org/fhir/sid/icd-10-cm,
R06.09,R06.09,condition,Other Code,condition_description,R06.09,Other forms of dyspnea,http://hl7.org/fhir/sid/icd-10-cm,
G44.229,G44.229,condition,Other Code,condition_description,G44.229,"Chronic tension-type headache, not intractable",http://hl7.org/fhir/sid/icd-10-cm,
N93.9,N93.9,condition,Other Code,condition_description,N93.9,"Abnormal uterine and vaginal bleeding, unspecified",http://hl7.org/fhir/sid/icd-10-cm,
G89.29,G89.29,condition,Other Code,condition_description,G89.29,Other chronic pain,http://hl7.org/fhir/sid/icd-10-cm,
F33.41,F33.41,condition,Other Code,condition_description,F33.41,"Major depressive disorder, recurrent, in partial remission",http://hl7.org/fhir/sid/icd-10-cm,
Z30.8,Z30.8,condition,Other Code,condition_description,Z30.8,Encounter for other contraceptive management,http://hl7.org/fhir/sid/icd-10-cm,
Z95.2,Z95.2,condition,Other Code,condition_description,Z95.2,Presence of prosthetic heart valve,http://hl7.org/fhir/sid/icd-10-cm,
I26.99,I26.99,condition,Other Code,condition_description,I26.99,Other pulmonary embolism without acute cor pulmonale,http://hl7.org/fhir/sid/icd-10-cm,
B37.31,B37.31,condition,Other Code,condition_description,B37.31,Acute candidiasis of vulva and vagina,http://hl7.org/fhir/sid/icd-10-cm,
B37.3,B37.3,condition,Other Code,condition_description,B37.3,Candidiasis of vulva and vagina,http://hl7.org/fhir/sid/icd-10-cm,
H61.20,H61.20,condition,Other Code,condition_description,H61.20,"Impacted cerumen, unspecified ear",http://hl7.org/fhir/sid/icd-10-cm,
H91.90,H91.90,condition,Other Code,condition_description,H91.90,"Unspecified hearing loss, unspecified ear",http://hl7.org/fhir/sid/icd-10-cm,
Z68.39,Z68.39,condition,Other Code,condition_description,Z68.39,"Body mass index [BMI] 39.0-39.9, adult",http://hl7.org/fhir/sid/icd-10-cm,
R10.12,R10.12,condition,Other Code,condition_description,R10.12,Left upper quadrant pain,http://hl7.org/fhir/sid/icd-10-cm,
L73.2,L73.2,condition,Other Code,condition_description,L73.2,Hidradenitis suppurativa,http://hl7.org/fhir/sid/icd-10-cm,
D72.9,D72.9,condition,Other Code,condition_description,D72.9,"Disorder of white blood cells, unspecified",http://hl7.org/fhir/sid/icd-10-cm,
E73.9,E73.9,condition,Other Code,condition_description,E73.9,"Lactose intolerance, unspecified",http://hl7.org/fhir/sid/icd-10-cm,
D70.9,D70.9,condition,Other Code,condition_description,D70.9,"Neutropenia, unspecified",http://hl7.org/fhir/sid/icd-10-cm,
L20.89,L20.89,condition,Other Code,condition_description,L20.89,Other atopic dermatitis,http://hl7.org/fhir/sid/icd-10-cm,
S63.641A,S63.641A,condition,Other Code,condition_description,S63.641A,"Sprain of metacarpophalangeal joint of right thumb, initial encounter",http://hl7.org/fhir/sid/icd-10-cm,
J31.0,J31.0,condition,Other Code,condition_description,J31.0,Chronic rhinitis,http://hl7.org/fhir/sid/icd-10-cm,
J01.40,J01.40,condition,Other Code,condition_description,J01.40,"Acute pansinusitis, unspecified",http://hl7.org/fhir/sid/icd-10-cm,
Z30.41,Z30.41,condition,Other Code,condition_description,Z30.41,Encounter for surveillance of contraceptive pills,http://hl7.org/fhir/sid/icd-10-cm,
N94.6,N94.6,condition,Other Code,condition_description,N94.6,"Dysmenorrhea, unspecified",http://hl7.org/fhir/sid/icd-10-cm,
J01.90,J01.90,condition,Other Code,condition_description,J01.90,"Acute sinusitis, unspecified",http://hl7.org/fhir/sid/icd-10-cm,
L03.011,L03.011,condition,Other Code,condition_description,L03.011,Cellulitis of right finger,http://hl7.org/fhir/sid/icd-10-cm,
S46.811D,S46.811D,condition,Other Code,condition_description,S46.811D,"Strain of other muscles, fascia and tendons at shoulder and upper arm level, right arm, subsequent encounter",http://hl7.org/fhir/sid/icd-10-cm,
L02.91,L02.91,condition,Other Code,condition_description,L02.91,"Cutaneous abscess, unspecified",http://hl7.org/fhir/sid/icd-10-cm,
L02.511,L02.511,condition,Other Code,condition_description,L02.511,Cutaneous abscess of right hand,http://hl7.org/fhir/sid/icd-10-cm,
R05.1,R05.1,condition,Other Code,condition_description,R05.1,Acute cough,http://hl7.org/fhir/sid/icd-10-cm,
B97.89,B97.89,condition,Other Code,condition_description,B97.89,Other viral agents as the cause of diseases classified elsewhere,http://hl7.org/fhir/sid/icd-10-cm,
J98.8,J98.8,condition,Other Code,condition_description,J98.8,Other specified respiratory disorders,http://hl7.org/fhir/sid/icd-10-cm,
382.00,382.00,condition,Other Code,condition_description,382.00,Acute suppurative otitis media without spontaneous rupture of eardrum,http://hl7.org/fhir/sid/icd-9-cm,
272.4,272.4,condition,Other Code,condition_description,272.4,Other and unspecified hyperlipidemia,http://hl7.org/fhir/sid/icd-9-cm,
792.2,792.2,condition,Other Code,condition_description,792.2,Nonspecific abnormal findings in semen,http://hl7.org/fhir/sid/icd-9-cm,
783.1,783.1,condition,Other Code,condition_description,783.1,Abnormal weight gain,http://hl7.org/fhir/sid/icd-9-cm,
462,462,condition,Other Code,condition_description,462,Acute pharyngitis,http://hl7.org/fhir/sid/icd-9-cm,
780.99,780.99,condition,Other Code,condition_description,780.99,Other general symptoms,http://hl7.org/fhir/sid/icd-9-cm,
719.45,719.45,condition,Other Code,condition_description,719.45,"Pain in joint, pelvic region and thigh",http://hl7.org/fhir/sid/icd-9-cm,
719.46,719.46,condition,Other Code,condition_description,719.46,"Pain in joint, lower leg",http://hl7.org/fhir/sid/icd-9-cm,
783.43,783.43,condition,Other Code,condition_description,783.43,Short stature,http://hl7.org/fhir/sid/icd-9-cm,
V43.64,V43.64,condition,Other Code,condition_description,V43.64,Hip joint replacement,http://hl7.org/fhir/sid/icd-9-cm,
V43.65,V43.65,condition,Other Code,condition_description,V43.65,Knee joint replacement,http://hl7.org/fhir/sid/icd-9-cm,
L03.213,L03.213,condition,Other Code,condition_description,L03.213,Periorbital cellulitis,http://hl7.org/fhir/sid/icd-10-cm,
L03.211,L03.211,condition,Other Code,condition_description,L03.211,Cellulitis of face,http://hl7.org/fhir/sid/icd-10-cm,
783.21,783.21,condition,Other Code,condition_description,783.21,Loss of weight,http://hl7.org/fhir/sid/icd-9-cm,
R21,R21,condition,Other Code,condition_description,R21,Rash and other nonspecific skin eruption,http://hl7.org/fhir/sid/icd-10-cm,
H57.9,H57.9,condition,Other Code,condition_description,H57.9,Unspecified disorder of eye and adnexa,http://hl7.org/fhir/sid/icd-10-cm,
E56.9,E56.9,condition,Other Code,condition_description,E56.9,"Vitamin deficiency, unspecified",http://hl7.org/fhir/sid/icd-10-cm,
R06.83,R06.83,condition,Other Code,condition_description,R06.83,Snoring,http://hl7.org/fhir/sid/icd-10-cm,
585,585,condition,Other Code,condition_description,585,Chronic kidney disease (CKD),http://hl7.org/fhir/sid/icd-9-cm,
780.2,780.2,condition,Other Code,condition_description,780.2,Syncope and collapse,http://hl7.org/fhir/sid/icd-9-cm,
070.51,070.51,condition,Other Code,condition_description,070.51,Acute hepatitis C without mention of hepatic coma,http://hl7.org/fhir/sid/icd-9-cm,
250.61,250.61,condition,Other Code,condition_description,250.61,"Diabetes with neurological manifestations, type I [juvenile type], not stated as uncontrolled",http://hl7.org/fhir/sid/icd-9-cm,
250.41,250.41,condition,Other Code,condition_description,250.41,"Diabetes with renal manifestations, type I [juvenile type], not stated as uncontrolled",http://hl7.org/fhir/sid/icd-9-cm,
536.3,536.3,condition,Other Code,condition_description,536.3,Gastroparesis,http://hl7.org/fhir/sid/icd-9-cm,
285.9,285.9,condition,Other Code,condition_description,285.9,"Anemia, unspecified",http://hl7.org/fhir/sid/icd-9-cm,
414.00,414.00,condition,Other Code,condition_description,414.00,"Coronary atherosclerosis of unspecified type of vessel, native or graft",http://hl7.org/fhir/sid/icd-9-cm,
250.03,250.03,condition,Other Code,condition_description,250.03,"Diabetes mellitus without mention of complication, type I [juvenile type], uncontrolled",http://hl7.org/fhir/sid/icd-9-cm,
585.6,585.6,condition,Other Code,condition_description,585.6,End stage renal disease,http://hl7.org/fhir/sid/icd-9-cm,
250.81,250.81,condition,Other Code,condition_description,250.81,"Diabetes with other specified manifestations, type I [juvenile type], not stated as uncontrolled",http://hl7.org/fhir/sid/icd-9-cm,
787.03,787.03,condition,Other Code,condition_description,787.03,Vomiting alone,http://hl7.org/fhir/sid/icd-9-cm,
578.9,578.9,condition,Other Code,condition_description,578.9,"Hemorrhage of gastrointestinal tract, unspecified",http://hl7.org/fhir/sid/icd-9-cm,
729.81,729.81,condition,Other Code,condition_description,729.81,Swelling of limb,http://hl7.org/fhir/sid/icd-9-cm,
786.05,786.05,condition,Other Code,condition_description,786.05,Shortness of breath,http://hl7.org/fhir/sid/icd-9-cm,
250.10,250.10,condition,Other Code,condition_description,250.10,"Diabetes with ketoacidosis, type II or unspecified type, not stated as uncontrolled",http://hl7.org/fhir/sid/icd-9-cm,
536.8,536.8,condition,Other Code,condition_description,536.8,Dyspepsia and other specified disorders of function of stomach,http://hl7.org/fhir/sid/icd-9-cm,
780.6,780.6,condition,Other Code,condition_description,780.6,Fever and other physiologic disturbances of temperature regulation,http://hl7.org/fhir/sid/icd-9-cm,
707.8,707.8,condition,Other Code,condition_description,707.8,Chronic ulcer of other specified sites,http://hl7.org/fhir/sid/icd-9-cm,
581.9,581.9,condition,Other Code,condition_description,581.9,Nephrotic syndrome with unspecified pathological lesion in kidney,http://hl7.org/fhir/sid/icd-9-cm,
518.3,518.3,condition,Other Code,condition_description,518.3,Pulmonary eosinophilia,http://hl7.org/fhir/sid/icd-9-cm,
583.81,583.81,condition,Other Code,condition_description,583.81,"Nephritis and nephropathy, not specified as acute or chronic, in diseases classified elsewhere",http://hl7.org/fhir/sid/icd-9-cm,
593.9,593.9,condition,Other Code,condition_description,593.9,Unspecified disorder of kidney and ureter,http://hl7.org/fhir/sid/icd-9-cm,
787.01,787.01,condition,Other Code,condition_description,787.01,Nausea with vomiting,http://hl7.org/fhir/sid/icd-9-cm,
586,586,condition,Other Code,condition_description,586,"Renal failure, unspecified",http://hl7.org/fhir/sid/icd-9-cm,
789.1,789.1,condition,Other Code,condition_description,789.1,Hepatomegaly,http://hl7.org/fhir/sid/icd-9-cm,
250.80,250.80,condition,Other Code,condition_description,250.80,"Diabetes with other specified manifestations, type II or unspecified type, not stated as uncontrolled",http://hl7.org/fhir/sid/icd-9-cm,
251.2,251.2,condition,Other Code,condition_description,251.2,"Hypoglycemia, unspecified",http://hl7.org/fhir/sid/icd-9-cm,
530.11,530.11,condition,Other Code,condition_description,530.11,Reflux esophagitis,http://hl7.org/fhir/sid/icd-9-cm,
403.91,403.91,condition,Other Code,condition_description,403.91,"Hypertensive chronic kidney disease, unspecified, with chronic kidney disease stage V or end stage renal disease",http://hl7.org/fhir/sid/icd-9-cm,
211.0,211.0,condition,Other Code,condition_description,211.0,Benign neoplasm of esophagus,http://hl7.org/fhir/sid/icd-9-cm,
285.29,285.29,condition,Other Code,condition_description,285.29,Anemia of other chronic disease,http://hl7.org/fhir/sid/icd-9-cm,
682.9,682.9,condition,Other Code,condition_description,682.9,Cellulitis and abscess of unspecified sites,http://hl7.org/fhir/sid/icd-9-cm,
250.01,250.01,condition,Other Code,condition_description,250.01,"Diabetes mellitus without mention of complication, type I [juvenile type], not stated as uncontrolled",http://hl7.org/fhir/sid/icd-9-cm,
682.7,682.7,condition,Other Code,condition_description,682.7,"Cellulitis and abscess of foot, except toes",http://hl7.org/fhir/sid/icd-9-cm,
599.7,599.7,condition,Other Code,condition_description,599.7,Hematuria,http://hl7.org/fhir/sid/icd-9-cm,
592.0,592.0,condition,Other Code,condition_description,592.0,Calculus of kidney,http://hl7.org/fhir/sid/icd-9-cm,
730.17,730.17,condition,Other Code,condition_description,730.17,"Chronic osteomyelitis, ankle and foot",http://hl7.org/fhir/sid/icd-9-cm,
789.09,789.09,condition,Other Code,condition_description,789.09,"Abdominal pain, other specified site",http://hl7.org/fhir/sid/icd-9-cm,
585.5,585.5,condition,Other Code,condition_description,585.5,"Chronic kidney disease, Stage V",http://hl7.org/fhir/sid/icd-9-cm,
787.3,787.3,condition,Other Code,condition_description,787.3,"Flatulence, eructation, and gas pain",http://hl7.org/fhir/sid/icd-9-cm,
730.27,730.27,condition,Other Code,condition_description,730.27,"Unspecified osteomyelitis, ankle and foot",http://hl7.org/fhir/sid/icd-9-cm,
285.21,285.21,condition,Other Code,condition_description,285.21,Anemia in chronic kidney disease,http://hl7.org/fhir/sid/icd-9-cm,
923.00,923.00,condition,Other Code,condition_description,923.00,Contusion of shoulder region,http://hl7.org/fhir/sid/icd-9-cm,
558.9,558.9,condition,Other Code,condition_description,558.9,Other and unspecified noninfectious gastroenteritis and colitis,http://hl7.org/fhir/sid/icd-9-cm,
276.51,276.51,condition,Other Code,condition_description,276.51,Dehydration,http://hl7.org/fhir/sid/icd-9-cm,
825.25,825.25,condition,Other Code,condition_description,825.25,Closed fracture of metatarsal bone(s),http://hl7.org/fhir/sid/icd-9-cm,
789.07,789.07,condition,Other Code,condition_description,789.07,"Abdominal pain, generalized",http://hl7.org/fhir/sid/icd-9-cm,
826.0,826.0,condition,Other Code,condition_description,826.0,Closed fracture of one or more phalanges of foot,http://hl7.org/fhir/sid/icd-9-cm,
250.60,250.60,condition,Other Code,condition_description,250.60,"Diabetes with neurological manifestations, type II or unspecified type, not stated as uncontrolled",http://hl7.org/fhir/sid/icd-9-cm,
041.11,041.11,condition,Other Code,condition_description,041.11,Methicillin susceptible Staphylococcus aureus in conditions classified elsewhere and of unspecified site,http://hl7.org/fhir/sid/icd-9-cm,
572.0,572.0,condition,Other Code,condition_description,572.0,Abscess of liver,http://hl7.org/fhir/sid/icd-9-cm,
682.2,682.2,condition,Other Code,condition_description,682.2,Cellulitis and abscess of trunk,http://hl7.org/fhir/sid/icd-9-cm,
789.59,789.59,condition,Other Code,condition_description,789.59,Other ascites,http://hl7.org/fhir/sid/icd-9-cm,
998.59,998.59,condition,Other Code,condition_description,998.59,Other postoperative infection,http://hl7.org/fhir/sid/icd-9-cm,
701.1,701.1,condition,Other Code,condition_description,701.1,"Keratoderma, acquired",http://hl7.org/fhir/sid/icd-9-cm,
879.8,879.8,condition,Other Code,condition_description,879.8,"Open wound(s) (multiple) of unspecified site(s), without mention of complication",http://hl7.org/fhir/sid/icd-9-cm,
288.8,288.8,condition,Other Code,condition_description,288.8,Other specified disease of white blood cells,http://hl7.org/fhir/sid/icd-9-cm,
272.0,272.0,condition,Other Code,condition_description,272.0,Pure hypercholesterolemia,http://hl7.org/fhir/sid/icd-9-cm,
403.90,403.90,condition,Other Code,condition_description,403.90,"Hypertensive chronic kidney disease, unspecified, with chronic kidney disease stage I through stage IV, or unspecified",http://hl7.org/fhir/sid/icd-9-cm,
996.60,996.60,condition,Other Code,condition_description,996.60,"Infection and inflammatory reaction due to unspecified device, implant, and graft",http://hl7.org/fhir/sid/icd-9-cm,
V72.5,V72.5,condition,Other Code,condition_description,V72.5,"Radiological examination, not elsewhere classified",http://hl7.org/fhir/sid/icd-9-cm,
585.9,585.9,condition,Other Code,condition_description,585.9,"Chronic kidney disease, unspecified",http://hl7.org/fhir/sid/icd-9-cm,
553.9,553.9,condition,Other Code,condition_description,553.9,Hernia of unspecified site without mention of obstruction or gangrene,http://hl7.org/fhir/sid/icd-9-cm,
V45.1,V45.1,condition,Other Code,condition_description,V45.1,Postsurgical renal dialysis status,http://hl7.org/fhir/sid/icd-9-cm,
276.7,276.7,condition,Other Code,condition_description,276.7,Hyperpotassemia,http://hl7.org/fhir/sid/icd-9-cm,
782.0,782.0,condition,Other Code,condition_description,782.0,Disturbance of skin sensation,http://hl7.org/fhir/sid/icd-9-cm,
784.0,784.0,condition,Other Code,condition_description,784.0,Headache,http://hl7.org/fhir/sid/icd-9-cm,
486,486,condition,Other Code,condition_description,486,"Pneumonia, organism unspecified",http://hl7.org/fhir/sid/icd-9-cm,
V44.8,V44.8,condition,Other Code,condition_description,V44.8,Other artificial opening status,http://hl7.org/fhir/sid/icd-9-cm,
444.21,444.21,condition,Other Code,condition_description,444.21,Arterial embolism and thrombosis of upper extremity,http://hl7.org/fhir/sid/icd-9-cm,
893.0,893.0,condition,Other Code,condition_description,893.0,"Open wound of toe(s), without mention of complication",http://hl7.org/fhir/sid/icd-9-cm,
824.0,824.0,condition,Other Code,condition_description,824.0,"Fracture of medial malleolus, closed",http://hl7.org/fhir/sid/icd-9-cm,
962.3,962.3,condition,Other Code,condition_description,962.3,Poisoning by insulins and antidiabetic agents,http://hl7.org/fhir/sid/icd-9-cm,
719.49,719.49,condition,Other Code,condition_description,719.49,"Pain in joint, multiple sites",http://hl7.org/fhir/sid/icd-9-cm,
578.0,578.0,condition,Other Code,condition_description,578.0,Hematemesis,http://hl7.org/fhir/sid/icd-9-cm,
440.24,440.24,condition,Other Code,condition_description,440.24,Atherosclerosis of native arteries of the extremities with gangrene,http://hl7.org/fhir/sid/icd-9-cm,
574.20,574.20,condition,Other Code,condition_description,574.20,"Calculus of gallbladder without mention of cholecystitis, without mention of obstruction",http://hl7.org/fhir/sid/icd-9-cm,
782.3,782.3,condition,Other Code,condition_description,782.3,Edema,http://hl7.org/fhir/sid/icd-9-cm,
575.10,575.10,condition,Other Code,condition_description,575.10,"Cholecystitis, unspecified",http://hl7.org/fhir/sid/icd-9-cm,
288.60,288.60,condition,Other Code,condition_description,288.60,"Leukocytosis, unspecified",http://hl7.org/fhir/sid/icd-9-cm,
276.8,276.8,condition,Other Code,condition_description,276.8,Hypopotassemia,http://hl7.org/fhir/sid/icd-9-cm,
824.8,824.8,condition,Other Code,condition_description,824.8,"Unspecified fracture of ankle, closed",http://hl7.org/fhir/sid/icd-9-cm,
459.9,459.9,condition,Other Code,condition_description,459.9,Unspecified circulatory system disorder,http://hl7.org/fhir/sid/icd-9-cm,
338.18,338.18,condition,Other Code,condition_description,338.18,Other acute postoperative pain,http://hl7.org/fhir/sid/icd-9-cm,
440.21,440.21,condition,Other Code,condition_description,440.21,Atherosclerosis of native arteries of the extremities with intermittent claudication,http://hl7.org/fhir/sid/icd-9-cm,
959.01,959.01,condition,Other Code,condition_description,959.01,"Head injury, unspecified",http://hl7.org/fhir/sid/icd-9-cm,
E849.9,E849.9,condition,Other Code,condition_description,E849.9,Accidents occurring in unspecified place,http://hl7.org/fhir/sid/icd-9-cm,
427.5,427.5,condition,Other Code,condition_description,427.5,Cardiac arrest,http://hl7.org/fhir/sid/icd-9-cm,
780.39,780.39,condition,Other Code,condition_description,780.39,Other convulsions,http://hl7.org/fhir/sid/icd-9-cm,
443.9,443.9,condition,Other Code,condition_description,443.9,"Peripheral vascular disease, unspecified",http://hl7.org/fhir/sid/icd-9-cm,
813.81,813.81,condition,Other Code,condition_description,813.81,Closed fracture of unspecified part of radius (alone),http://hl7.org/fhir/sid/icd-9-cm,
443.0,443.0,condition,Other Code,condition_description,443.0,Raynaud's syndrome,http://hl7.org/fhir/sid/icd-9-cm,
959.7,959.7,condition,Other Code,condition_description,959.7,"Knee, leg, ankle, and foot injury",http://hl7.org/fhir/sid/icd-9-cm,
428.0,428.0,condition,Other Code,condition_description,428.0,"Congestive heart failure, unspecified",http://hl7.org/fhir/sid/icd-9-cm,
E858.0,E858.0,condition,Other Code,condition_description,E858.0,Accidental poisoning by hormones and synthetic substitutes,http://hl7.org/fhir/sid/icd-9-cm,
790.29,790.29,condition,Other Code,condition_description,790.29,Other abnormal glucose,http://hl7.org/fhir/sid/icd-9-cm,
785.4,785.4,condition,Other Code,condition_description,785.4,Gangrene,http://hl7.org/fhir/sid/icd-9-cm,
250.70,250.70,condition,Other Code,condition_description,250.70,"Diabetes with peripheral circulatory disorders, type II or unspecified type, not stated as uncontrolled",http://hl7.org/fhir/sid/icd-9-cm,
V54.09,V54.09,condition,Other Code,condition_description,V54.09,Other aftercare involving internal fixation device,http://hl7.org/fhir/sid/icd-9-cm,
814.00,814.00,condition,Other Code,condition_description,814.00,"Closed fracture of carpal bone, unspecified",http://hl7.org/fhir/sid/icd-9-cm,
276.3,276.3,condition,Other Code,condition_description,276.3,Alkalosis,http://hl7.org/fhir/sid/icd-9-cm,
E885.9,E885.9,condition,Other Code,condition_description,E885.9,"Fall from other slipping, tripping, or stumbling",http://hl7.org/fhir/sid/icd-9-cm,
414.01,414.01,condition,Other Code,condition_description,414.01,Coronary atherosclerosis of native coronary artery,http://hl7.org/fhir/sid/icd-9-cm,
729.5,729.5,condition,Other Code,condition_description,729.5,Pain in limb,http://hl7.org/fhir/sid/icd-9-cm,
799.02,799.02,condition,Other Code,condition_description,799.02,Hypoxemia,http://hl7.org/fhir/sid/icd-9-cm,
V58.67,V58.67,condition,Other Code,condition_description,V58.67,Long-term (current) use of insulin,http://hl7.org/fhir/sid/icd-9-cm,
813.43,813.43,condition,Other Code,condition_description,813.43,Closed fracture of distal end of ulna (alone),http://hl7.org/fhir/sid/icd-9-cm,
786.07,786.07,condition,Other Code,condition_description,786.07,Wheezing,http://hl7.org/fhir/sid/icd-9-cm,
709.8,709.8,condition,Other Code,condition_description,709.8,Other specified disorders of skin,http://hl7.org/fhir/sid/icd-9-cm,
996.77,996.77,condition,Other Code,condition_description,996.77,Other complications due to internal joint prosthesis,http://hl7.org/fhir/sid/icd-9-cm,
996.67,996.67,condition,Other Code,condition_description,996.67,"Infection and inflammatory reaction due to other internal orthopedic device, implant, and graft",http://hl7.org/fhir/sid/icd-9-cm,
823.82,823.82,condition,Other Code,condition_description,823.82,Closed fracture of unspecified part of fibula with tibia,http://hl7.org/fhir/sid/icd-9-cm,
711.00,711.00,condition,Other Code,condition_description,711.00,"Pyogenic arthritis, site unspecified",http://hl7.org/fhir/sid/icd-9-cm,
997.60,997.60,condition,Other Code,condition_description,997.60,Unspecified complication of amputation stump,http://hl7.org/fhir/sid/icd-9-cm,
730.16,730.16,condition,Other Code,condition_description,730.16,"Chronic osteomyelitis, lower leg",http://hl7.org/fhir/sid/icd-9-cm,
572.8,572.8,condition,Other Code,condition_description,572.8,Other sequelae of chronic liver disease,http://hl7.org/fhir/sid/icd-9-cm,
792.9,792.9,condition,Other Code,condition_description,792.9,Other nonspecific abnormal findings in body substances,http://hl7.org/fhir/sid/icd-9-cm,
V49.76,V49.76,condition,Other Code,condition_description,V49.76,Above knee amputation status,http://hl7.org/fhir/sid/icd-9-cm,
730.10,730.10,condition,Other Code,condition_description,730.10,"Chronic osteomyelitis, site unspecified",http://hl7.org/fhir/sid/icd-9-cm,
998.32,998.32,condition,Other Code,condition_description,998.32,Disruption of external operation (surgical) wound,http://hl7.org/fhir/sid/icd-9-cm,
995.91,995.91,condition,Other Code,condition_description,995.91,Sepsis,http://hl7.org/fhir/sid/icd-9-cm,
V54.01,V54.01,condition,Other Code,condition_description,V54.01,Encounter for removal of internal fixation device,http://hl7.org/fhir/sid/icd-9-cm,
298.9,298.9,condition,Other Code,condition_description,298.9,Unspecified psychosis,http://hl7.org/fhir/sid/icd-9-cm,
276.6,276.6,condition,Other Code,condition_description,276.6,Fluid overload,http://hl7.org/fhir/sid/icd-9-cm,
V14.1,V14.1,condition,Other Code,condition_description,V14.1,Personal history of allergy to other antibiotic agent,http://hl7.org/fhir/sid/icd-9-cm,
276.2,276.2,condition,Other Code,condition_description,276.2,Acidosis,http://hl7.org/fhir/sid/icd-9-cm,
997.2,997.2,condition,Other Code,condition_description,997.2,"Peripheral vascular complications, not elsewhere classified",http://hl7.org/fhir/sid/icd-9-cm,
711.06,711.06,condition,Other Code,condition_description,711.06,"Pyogenic arthritis, lower leg",http://hl7.org/fhir/sid/icd-9-cm,
440.20,440.20,condition,Other Code,condition_description,440.20,"Atherosclerosis of native arteries of the extremities, unspecified",http://hl7.org/fhir/sid/icd-9-cm,
038.9,038.9,condition,Other Code,condition_description,038.9,Unspecified septicemia,http://hl7.org/fhir/sid/icd-9-cm,
440.23,440.23,condition,Other Code,condition_description,440.23,Atherosclerosis of native arteries of the extremities with ulceration,http://hl7.org/fhir/sid/icd-9-cm,
V54.89,V54.89,condition,Other Code,condition_description,V54.89,Other orthopedic aftercare,http://hl7.org/fhir/sid/icd-9-cm,
730.20,730.20,condition,Other Code,condition_description,730.20,"Unspecified osteomyelitis, site unspecified",http://hl7.org/fhir/sid/icd-9-cm,
070.54,070.54,condition,Other Code,condition_description,070.54,Chronic hepatitis C without mention of hepatic coma,http://hl7.org/fhir/sid/icd-9-cm,
268.9,268.9,condition,Other Code,condition_description,268.9,Unspecified vitamin D deficiency,http://hl7.org/fhir/sid/icd-9-cm,
733.82,733.82,condition,Other Code,condition_description,733.82,Nonunion of fracture,http://hl7.org/fhir/sid/icd-9-cm,
410.40,410.40,condition,Other Code,condition_description,410.40,"Acute myocardial infarction of other inferior wall, episode of care unspecified",http://hl7.org/fhir/sid/icd-9-cm,
682.6,682.6,condition,Other Code,condition_description,682.6,"Cellulitis and abscess of leg, except foot",http://hl7.org/fhir/sid/icd-9-cm,
780.97,780.97,condition,Other Code,condition_description,780.97,Altered mental status,http://hl7.org/fhir/sid/icd-9-cm,
894.0,894.0,condition,Other Code,condition_description,894.0,"Multiple and unspecified open wound of lower limb, without mention of complication",http://hl7.org/fhir/sid/icd-9-cm,
250.63,250.63,condition,Other Code,condition_description,250.63,"Diabetes with neurological manifestations, type I [juvenile type], uncontrolled",http://hl7.org/fhir/sid/icd-9-cm,
250.40,250.40,condition,Other Code,condition_description,250.40,"Diabetes with renal manifestations, type II or unspecified type, not stated as uncontrolled",http://hl7.org/fhir/sid/icd-9-cm,
998.12,998.12,condition,Other Code,condition_description,998.12,Hematoma complicating a procedure,http://hl7.org/fhir/sid/icd-9-cm,
250.02,250.02,condition,Other Code,condition_description,250.02,"Diabetes mellitus without mention of complication, type II or unspecified type, uncontrolled",http://hl7.org/fhir/sid/icd-9-cm,
995.92,995.92,condition,Other Code,condition_description,995.92,Severe sepsis,http://hl7.org/fhir/sid/icd-9-cm,
576.1,576.1,condition,Other Code,condition_description,576.1,Cholangitis,http://hl7.org/fhir/sid/icd-9-cm,
996.1,996.1,condition,Other Code,condition_description,996.1,"Mechanical complication of other vascular device, implant, and graft",http://hl7.org/fhir/sid/icd-9-cm,
456.1,456.1,condition,Other Code,condition_description,456.1,Esophageal varices without mention of bleeding,http://hl7.org/fhir/sid/icd-9-cm,
730.26,730.26,condition,Other Code,condition_description,730.26,"Unspecified osteomyelitis, lower leg",http://hl7.org/fhir/sid/icd-9-cm,
823.20,823.20,condition,Other Code,condition_description,823.20,Closed fracture of shaft of tibia alone,http://hl7.org/fhir/sid/icd-9-cm,
V56.0,V56.0,condition,Other Code,condition_description,V56.0,Encounter for extracorporeal dialysis,http://hl7.org/fhir/sid/icd-9-cm,
112.9,112.9,condition,Other Code,condition_description,112.9,Candidiasis of unspecified site,http://hl7.org/fhir/sid/icd-9-cm,
897.1,897.1,condition,Other Code,condition_description,897.1,"Traumatic amputation of leg(s) (complete) (partial), unilateral, below knee, complicated",http://hl7.org/fhir/sid/icd-9-cm,
V09.80,V09.80,condition,Other Code,condition_description,V09.80,Infection with microorganisms without mention of resistance to multiple drugs,http://hl7.org/fhir/sid/icd-9-cm,
041.10,041.10,condition,Other Code,condition_description,041.10,"Staphylococcus infection in conditions classified elsewhere and of unspecified site, staphylococcus, unspecified",http://hl7.org/fhir/sid/icd-9-cm,
792.0,792.0,condition,Other Code,condition_description,792.0,Nonspecific abnormal findings in cerebrospinal fluid,http://hl7.org/fhir/sid/icd-9-cm,
415.19,415.19,condition,Other Code,condition_description,415.19,Other pulmonary embolism and infarction,http://hl7.org/fhir/sid/icd-9-cm,
577.1,577.1,condition,Other Code,condition_description,577.1,Chronic pancreatitis,http://hl7.org/fhir/sid/icd-9-cm,
345.90,345.90,condition,Other Code,condition_description,345.90,"Epilepsy, unspecified, without mention of intractable epilepsy",http://hl7.org/fhir/sid/icd-9-cm,
453.40,453.40,condition,Other Code,condition_description,453.40,Acute venous embolism and thrombosis of unspecified deep vessels of lower extremity,http://hl7.org/fhir/sid/icd-9-cm,
716.96,716.96,condition,Other Code,condition_description,716.96,"Arthropathy, unspecified, lower leg",http://hl7.org/fhir/sid/icd-9-cm,
701.4,701.4,condition,Other Code,condition_description,701.4,Keloid scar,http://hl7.org/fhir/sid/icd-9-cm,
715.90,715.90,condition,Other Code,condition_description,715.90,"Osteoarthrosis, unspecified whether generalized or localized, site unspecified",http://hl7.org/fhir/sid/icd-9-cm,
V71.89,V71.89,condition,Other Code,condition_description,V71.89,Observation and evaluation for other specified suspected conditions,http://hl7.org/fhir/sid/icd-9-cm,
280.9,280.9,condition,Other Code,condition_description,280.9,"Iron deficiency anemia, unspecified",http://hl7.org/fhir/sid/icd-9-cm,
453.41,453.41,condition,Other Code,condition_description,453.41,Acute venous embolism and thrombosis of deep vessels of proximal lower extremity,http://hl7.org/fhir/sid/icd-9-cm,
707.20,707.20,condition,Other Code,condition_description,707.20,"Pressure ulcer, unspecified stage",http://hl7.org/fhir/sid/icd-9-cm,
454.8,454.8,condition,Other Code,condition_description,454.8,Varicose veins of lower extremities with other complications,http://hl7.org/fhir/sid/icd-9-cm,
V58.61,V58.61,condition,Other Code,condition_description,V58.61,Long-term (current) use of anticoagulants,http://hl7.org/fhir/sid/icd-9-cm,
891.0,891.0,condition,Other Code,condition_description,891.0,"Open wound of knee, leg [except thigh], and ankle, without mention of complication",http://hl7.org/fhir/sid/icd-9-cm,
V12.51,V12.51,condition,Other Code,condition_description,V12.51,Personal history of venous thrombosis and embolism,http://hl7.org/fhir/sid/icd-9-cm,
707.13,707.13,condition,Other Code,condition_description,707.13,Ulcer of ankle,http://hl7.org/fhir/sid/icd-9-cm,
454.0,454.0,condition,Other Code,condition_description,454.0,Varicose veins of lower extremities with ulcer,http://hl7.org/fhir/sid/icd-9-cm,
454.1,454.1,condition,Other Code,condition_description,454.1,Varicose veins of lower extremities with inflammation,http://hl7.org/fhir/sid/icd-9-cm,
401.1,401.1,condition,Other Code,condition_description,401.1,Benign essential hypertension,http://hl7.org/fhir/sid/icd-9-cm,
V72.81,V72.81,condition,Other Code,condition_description,V72.81,Pre-operative cardiovascular examination,http://hl7.org/fhir/sid/icd-9-cm,
923.9,923.9,condition,Other Code,condition_description,923.9,Contusion of unspecified part of upper limb,http://hl7.org/fhir/sid/icd-9-cm,
784.7,784.7,condition,Other Code,condition_description,784.7,Epistaxis,http://hl7.org/fhir/sid/icd-9-cm,
459.81,459.81,condition,Other Code,condition_description,459.81,"Venous (peripheral) insufficiency, unspecified",http://hl7.org/fhir/sid/icd-9-cm,
782.1,782.1,condition,Other Code,condition_description,782.1,Rash and other nonspecific skin eruption,http://hl7.org/fhir/sid/icd-9-cm,
V71.7,V71.7,condition,Other Code,condition_description,V71.7,Observation for suspected cardiovascular disease,http://hl7.org/fhir/sid/icd-9-cm,
707.06,707.06,condition,Other Code,condition_description,707.06,"Pressure ulcer, ankle",http://hl7.org/fhir/sid/icd-9-cm,
V81.2,V81.2,condition,Other Code,condition_description,V81.2,Screening for other and unspecified cardiovascular conditions,http://hl7.org/fhir/sid/icd-9-cm,
E879.0,E879.0,condition,Other Code,condition_description,E879.0,"Cardiac catheterization as the cause of abnormal reaction of patient, or of later complication, without mention of misadventure at time of procedure",http://hl7.org/fhir/sid/icd-9-cm,
336.1,336.1,condition,Other Code,condition_description,336.1,Vascular myelopathies,http://hl7.org/fhir/sid/icd-9-cm,
719.08,719.08,condition,Other Code,condition_description,719.08,"Effusion of joint, other specified sites",http://hl7.org/fhir/sid/icd-9-cm,
228.1,228.1,condition,Other Code,condition_description,228.1,"Lymphangioma, any site",http://hl7.org/fhir/sid/icd-9-cm,
722.52,722.52,condition,Other Code,condition_description,722.52,Degeneration of lumbar or lumbosacral intervertebral disc,http://hl7.org/fhir/sid/icd-9-cm,
723.1,723.1,condition,Other Code,condition_description,723.1,Cervicalgia,http://hl7.org/fhir/sid/icd-9-cm,
389.10,389.10,condition,Other Code,condition_description,389.10,"Sensorineural hearing loss, unspecified",http://hl7.org/fhir/sid/icd-9-cm,
724.4,724.4,condition,Other Code,condition_description,724.4,"Thoracic or lumbosacral neuritis or radiculitis, unspecified",http://hl7.org/fhir/sid/icd-9-cm,
515,515,condition,Other Code,condition_description,515,Postinflammatory pulmonary fibrosis,http://hl7.org/fhir/sid/icd-9-cm,
698.9,698.9,condition,Other Code,condition_description,698.9,Unspecified pruritic disorder,http://hl7.org/fhir/sid/icd-9-cm,
491.0,491.0,condition,Other Code,condition_description,491.0,Simple chronic bronchitis,http://hl7.org/fhir/sid/icd-9-cm,
710.1,710.1,condition,Other Code,condition_description,710.1,Systemic sclerosis,http://hl7.org/fhir/sid/icd-9-cm,
793.99,793.99,condition,Other Code,condition_description,793.99,Other nonspecific (abnormal) findings on radiological and other examinations of body structure,http://hl7.org/fhir/sid/icd-9-cm,
724.02,724.02,condition,Other Code,condition_description,724.02,"Spinal stenosis, lumbar region, without neurogenic claudication",http://hl7.org/fhir/sid/icd-9-cm,
R68.89,R68.89,condition,Other Code,condition_description,R68.89,Other general symptoms and signs,http://hl7.org/fhir/sid/icd-10-cm,
G30.9,G30.9,condition,Other Code,condition_description,G30.9,"Alzheimer's disease, unspecified",http://hl7.org/fhir/sid/icd-10-cm,
I83.893,I83.893,condition,Other Code,condition_description,I83.893,Varicose veins of bilateral lower extremities with other complications,http://hl7.org/fhir/sid/icd-10-cm,
I83.91,I83.91,condition,Other Code,condition_description,I83.91,Asymptomatic varicose veins of right lower extremity,http://hl7.org/fhir/sid/icd-10-cm,
I87.2,I87.2,condition,Other Code,condition_description,I87.2,Venous insufficiency (chronic) (peripheral),http://hl7.org/fhir/sid/icd-10-cm,
H91.93,H91.93,condition,Other Code,condition_description,H91.93,"Unspecified hearing loss, bilateral",http://hl7.org/fhir/sid/icd-10-cm,
I83.891,I83.891,condition,Other Code,condition_description,I83.891,Varicose veins of right lower extremity with other complications,http://hl7.org/fhir/sid/icd-10-cm,
L29.9,L29.9,condition,Other Code,condition_description,L29.9,"Pruritus, unspecified",http://hl7.org/fhir/sid/icd-10-cm,
Z48.89,Z48.89,condition,Other Code,condition_description,Z48.89,Encounter for other specified surgical aftercare,http://hl7.org/fhir/sid/icd-10-cm,
M19.90,M19.90,condition,Other Code,condition_description,M19.90,"Unspecified osteoarthritis, unspecified site",http://hl7.org/fhir/sid/icd-10-cm,
Z91.19,Z91.19,condition,Other Code,condition_description,Z91.19,Patient's noncompliance with other medical treatment and regimen,http://hl7.org/fhir/sid/icd-10-cm,
M25.472,M25.472,condition,Other Code,condition_description,M25.472,"Effusion, left ankle",http://hl7.org/fhir/sid/icd-10-cm,
R62.7,R62.7,condition,Other Code,condition_description,R62.7,Adult failure to thrive,http://hl7.org/fhir/sid/icd-10-cm,
M25.572,M25.572,condition,Other Code,condition_description,M25.572,Pain in left ankle and joints of left foot,http://hl7.org/fhir/sid/icd-10-cm,
W19.XXXA,W19.XXXA,condition,Other Code,condition_description,W19.XXXA,"Unspecified fall, initial encounter",http://hl7.org/fhir/sid/icd-10-cm,
Z79.01,Z79.01,condition,Other Code,condition_description,Z79.01,Long term (current) use of anticoagulants,http://hl7.org/fhir/sid/icd-10-cm,
L97.521,L97.521,condition,Other Code,condition_description,L97.521,Non-pressure chronic ulcer of other part of left foot limited to breakdown of skin,http://hl7.org/fhir/sid/icd-10-cm,
I82.412,I82.412,condition,Other Code,condition_description,I82.412,Acute embolism and thrombosis of left femoral vein,http://hl7.org/fhir/sid/icd-10-cm,
Z93.3,Z93.3,condition,Other Code,condition_description,Z93.3,Colostomy status,http://hl7.org/fhir/sid/icd-10-cm,
L97.321,L97.321,condition,Other Code,condition_description,L97.321,Non-pressure chronic ulcer of left ankle limited to breakdown of skin,http://hl7.org/fhir/sid/icd-10-cm,
F03.91,F03.91,condition,Other Code,condition_description,F03.91,"Unspecified dementia, unspecified severity, with behavioral disturbance",http://hl7.org/fhir/sid/icd-10-cm,
N30.00,N30.00,condition,Other Code,condition_description,N30.00,Acute cystitis without hematuria,http://hl7.org/fhir/sid/icd-10-cm,
Z79.82,Z79.82,condition,Other Code,condition_description,Z79.82,Long term (current) use of aspirin,http://hl7.org/fhir/sid/icd-10-cm,
L97.222,L97.222,condition,Other Code,condition_description,L97.222,Non-pressure chronic ulcer of left calf with fat layer exposed,http://hl7.org/fhir/sid/icd-10-cm,
L03.116,L03.116,condition,Other Code,condition_description,L03.116,Cellulitis of left lower limb,http://hl7.org/fhir/sid/icd-10-cm,
Z77.22,Z77.22,condition,Other Code,condition_description,Z77.22,Contact with and (suspected) exposure to environmental tobacco smoke (acute) (chronic),http://hl7.org/fhir/sid/icd-10-cm,
N17.9,N17.9,condition,Other Code,condition_description,N17.9,"Acute kidney failure, unspecified",http://hl7.org/fhir/sid/icd-10-cm,
I82.4Y2,I82.4Y2,condition,Other Code,condition_description,I82.4Y2,Acute embolism and thrombosis of unspecified deep veins of left proximal lower extremity,http://hl7.org/fhir/sid/icd-10-cm,
L97.511,L97.511,condition,Other Code,condition_description,L97.511,Non-pressure chronic ulcer of other part of right foot limited to breakdown of skin,http://hl7.org/fhir/sid/icd-10-cm,
E87.79,E87.79,condition,Other Code,condition_description,E87.79,Other fluid overload,http://hl7.org/fhir/sid/icd-10-cm,
R50.9,R50.9,condition,Other Code,condition_description,R50.9,"Fever, unspecified",http://hl7.org/fhir/sid/icd-10-cm,
Y95,Y95,condition,Other Code,condition_description,Y95,Nosocomial condition,http://hl7.org/fhir/sid/icd-10-cm,
I82.409,I82.409,condition,Other Code,condition_description,I82.409,Acute embolism and thrombosis of unspecified deep veins of unspecified lower extremity,http://hl7.org/fhir/sid/icd-10-cm,
L03.90,L03.90,condition,Other Code,condition_description,L03.90,"Cellulitis, unspecified",http://hl7.org/fhir/sid/icd-10-cm,
E87.70,E87.70,condition,Other Code,condition_description,E87.70,"Fluid overload, unspecified",http://hl7.org/fhir/sid/icd-10-cm,
H71.90,H71.90,condition,Other Code,condition_description,H71.90,"Unspecified cholesteatoma, unspecified ear",http://hl7.org/fhir/sid/icd-10-cm,
Z30.017,Z30.017,condition,Other Code,condition_description,Z30.017,Encounter for initial prescription of implantable subdermal contraceptive,http://hl7.org/fhir/sid/icd-10-cm,
Z30.09,Z30.09,condition,Other Code,condition_description,Z30.09,Encounter for other general counseling and advice on contraception,http://hl7.org/fhir/sid/icd-10-cm,
Z90.710,Z90.710,condition,Other Code,condition_description,Z90.710,Acquired absence of both cervix and uterus,http://hl7.org/fhir/sid/icd-10-cm,
K90.49,K90.49,condition,Other Code,condition_description,K90.49,"Malabsorption due to intolerance, not elsewhere classified",http://hl7.org/fhir/sid/icd-10-cm,
K90.41,K90.41,condition,Other Code,condition_description,K90.41,Non-celiac gluten sensitivity,http://hl7.org/fhir/sid/icd-10-cm,
242.90,242.90,condition,Other Code,condition_description,242.90,"Thyrotoxicosis without mention of goiter or other cause, and without mention of thyrotoxic crisis or storm",http://hl7.org/fhir/sid/icd-9-cm,
733.00,733.00,condition,Other Code,condition_description,733.00,"Osteoporosis, unspecified",http://hl7.org/fhir/sid/icd-9-cm,
257.2,257.2,condition,Other Code,condition_description,257.2,Other testicular hypofunction,http://hl7.org/fhir/sid/icd-9-cm,
378.9,378.9,condition,Other Code,condition_description,378.9,Unspecified disorder of eye movements,http://hl7.org/fhir/sid/icd-9-cm,
309.28,309.28,condition,Other Code,condition_description,309.28,Adjustment disorder with mixed anxiety and depressed mood,http://hl7.org/fhir/sid/icd-9-cm,
V70.0,V70.0,condition,Other Code,condition_description,V70.0,Routine general medical examination at a health care facility,http://hl7.org/fhir/sid/icd-9-cm,
378.00,378.00,condition,Other Code,condition_description,378.00,"Esotropia, unspecified",http://hl7.org/fhir/sid/icd-9-cm,
704.8,704.8,condition,Other Code,condition_description,704.8,Other specified diseases of hair and hair follicles,http://hl7.org/fhir/sid/icd-9-cm,
V58.69,V58.69,condition,Other Code,condition_description,V58.69,Long-term (current) use of other medications,http://hl7.org/fhir/sid/icd-9-cm,
V65.49,V65.49,condition,Other Code,condition_description,V65.49,Other specified counseling,http://hl7.org/fhir/sid/icd-9-cm,
340,340,condition,Other Code,condition_description,340,Multiple sclerosis,http://hl7.org/fhir/sid/icd-9-cm,
788.62,788.62,condition,Other Code,condition_description,788.62,Slowing of urinary stream,http://hl7.org/fhir/sid/icd-9-cm,
579.9,579.9,condition,Other Code,condition_description,579.9,Unspecified intestinal malabsorption,http://hl7.org/fhir/sid/icd-9-cm,
V49.89,V49.89,condition,Other Code,condition_description,V49.89,Other specified conditions influencing health status,http://hl7.org/fhir/sid/icd-9-cm,
786.03,786.03,condition,Other Code,condition_description,786.03,Apnea,http://hl7.org/fhir/sid/icd-9-cm,
R74.8,R74.8,condition,Other Code,condition_description,R74.8,Abnormal levels of other serum enzymes,http://hl7.org/fhir/sid/icd-10-cm,
R41.3,R41.3,condition,Other Code,condition_description,R41.3,Other amnesia,http://hl7.org/fhir/sid/icd-10-cm,
E79.0,E79.0,condition,Other Code,condition_description,E79.0,Hyperuricemia without signs of inflammatory arthritis and tophaceous disease,http://hl7.org/fhir/sid/icd-10-cm,
M10.071,M10.071,condition,Other Code,condition_description,M10.071,"Idiopathic gout, right ankle and foot",http://hl7.org/fhir/sid/icd-10-cm,
Z92.29,Z92.29,condition,Other Code,condition_description,Z92.29,Personal history of other drug therapy,http://hl7.org/fhir/sid/icd-10-cm,
T38.0X5S,T38.0X5S,condition,Other Code,condition_description,T38.0X5S,"Adverse effect of glucocorticoids and synthetic analogues, sequela",http://hl7.org/fhir/sid/icd-10-cm,
R53.81,R53.81,condition,Other Code,condition_description,R53.81,Other malaise,http://hl7.org/fhir/sid/icd-10-cm,
Z01.89,Z01.89,condition,Other Code,condition_description,Z01.89,Encounter for other specified special examinations,http://hl7.org/fhir/sid/icd-10-cm,
M81.0,M81.0,condition,Other Code,condition_description,M81.0,Age-related osteoporosis without current pathological fracture,http://hl7.org/fhir/sid/icd-10-cm,
R53.82,R53.82,condition,Other Code,condition_description,R53.82,"Chronic fatigue, unspecified",http://hl7.org/fhir/sid/icd-10-cm,
Z13.820,Z13.820,condition,Other Code,condition_description,Z13.820,Encounter for screening for osteoporosis,http://hl7.org/fhir/sid/icd-10-cm,
D75.1,D75.1,condition,Other Code,condition_description,D75.1,Secondary polycythemia,http://hl7.org/fhir/sid/icd-10-cm,
E22.9,E22.9,condition,Other Code,condition_description,E22.9,"Hyperfunction of pituitary gland, unspecified",http://hl7.org/fhir/sid/icd-10-cm,
G31.84,G31.84,condition,Other Code,condition_description,G31.84,Mild cognitive impairment of uncertain or unknown etiology,http://hl7.org/fhir/sid/icd-10-cm,
M81.8,M81.8,condition,Other Code,condition_description,M81.8,Other osteoporosis without current pathological fracture,http://hl7.org/fhir/sid/icd-10-cm,
M21.852,M21.852,condition,Other Code,condition_description,M21.852,Other specified acquired deformities of left thigh,http://hl7.org/fhir/sid/icd-10-cm,
K76.0,K76.0,condition,Other Code,condition_description,K76.0,"Fatty (change of) liver, not elsewhere classified",http://hl7.org/fhir/sid/icd-10-cm,
M47.897,M47.897,condition,Other Code,condition_description,M47.897,"Other spondylosis, lumbosacral region",http://hl7.org/fhir/sid/icd-10-cm,
M25.552,M25.552,condition,Other Code,condition_description,M25.552,Pain in left hip,http://hl7.org/fhir/sid/icd-10-cm,
R13.14,R13.14,condition,Other Code,condition_description,R13.14,"Dysphagia, pharyngoesophageal phase",http://hl7.org/fhir/sid/icd-10-cm,
M21.052,M21.052,condition,Other Code,condition_description,M21.052,"Valgus deformity, not elsewhere classified, left hip",http://hl7.org/fhir/sid/icd-10-cm,
M10.072,M10.072,condition,Other Code,condition_description,M10.072,"Idiopathic gout, left ankle and foot",http://hl7.org/fhir/sid/icd-10-cm,
K90.9,K90.9,condition,Other Code,condition_description,K90.9,"Intestinal malabsorption, unspecified",http://hl7.org/fhir/sid/icd-10-cm,
M1A.0710,M1A.0710,condition,Other Code,condition_description,M1A.0710,"Idiopathic chronic gout, right ankle and foot, without tophus (tophi)",http://hl7.org/fhir/sid/icd-10-cm,
T50.905A,T50.905A,condition,Other Code,condition_description,T50.905A,"Adverse effect of unspecified drugs, medicaments and biological substances, initial encounter",http://hl7.org/fhir/sid/icd-10-cm,
R69,R69,condition,Other Code,condition_description,R69,"Illness, unspecified",http://hl7.org/fhir/sid/icd-10-cm,
F41.1,F41.1,condition,Other Code,condition_description,F41.1,Generalized anxiety disorder,http://hl7.org/fhir/sid/icd-10-cm,
M1A.4710,M1A.4710,condition,Other Code,condition_description,M1A.4710,"Other secondary chronic gout, right ankle and foot, without tophus (tophi)",http://hl7.org/fhir/sid/icd-10-cm,
Z71.1,Z71.1,condition,Other Code,condition_description,Z71.1,Person with feared health complaint in whom no diagnosis is made,http://hl7.org/fhir/sid/icd-10-cm,
Z12.9,Z12.9,condition,Other Code,condition_description,Z12.9,"Encounter for screening for malignant neoplasm, site unspecified",http://hl7.org/fhir/sid/icd-10-cm,
K92.1,K92.1,condition,Other Code,condition_description,K92.1,Melena,http://hl7.org/fhir/sid/icd-10-cm,
Z99.89,Z99.89,condition,Other Code,condition_description,Z99.89,Dependence on other enabling machines and devices,http://hl7.org/fhir/sid/icd-10-cm,
M1A.9XX0,M1A.9XX0,condition,Other Code,condition_description,M1A.9XX0,"Chronic gout, unspecified, without tophus (tophi)",http://hl7.org/fhir/sid/icd-10-cm,
Z12.89,Z12.89,condition,Other Code,condition_description,Z12.89,Encounter for screening for malignant neoplasm of other sites,http://hl7.org/fhir/sid/icd-10-cm,
Z68.28,Z68.28,condition,Other Code,condition_description,Z68.28,"Body mass index [BMI] 28.0-28.9, adult",http://hl7.org/fhir/sid/icd-10-cm,
H53.2,H53.2,condition,Other Code,condition_description,H53.2,Diplopia,http://hl7.org/fhir/sid/icd-10-cm,
T17.308A,T17.308A,condition,Other Code,condition_description,T17.308A,"Unspecified foreign body in larynx causing other injury, initial encounter",http://hl7.org/fhir/sid/icd-10-cm,
Z12.11,Z12.11,condition,Other Code,condition_description,Z12.11,Encounter for screening for malignant neoplasm of colon,http://hl7.org/fhir/sid/icd-10-cm,
S22.081A,S22.081A,condition,Other Code,condition_description,S22.081A,"Stable burst fracture of T11-T12 vertebra, initial encounter for closed fracture",http://hl7.org/fhir/sid/icd-10-cm,
G40.909,G40.909,condition,Other Code,condition_description,G40.909,"Epilepsy, unspecified, not intractable, without status epilepticus",http://hl7.org/fhir/sid/icd-10-cm,
R29.2,R29.2,condition,Other Code,condition_description,R29.2,Abnormal reflex,http://hl7.org/fhir/sid/icd-10-cm,
R26.81,R26.81,condition,Other Code,condition_description,R26.81,Unsteadiness on feet,http://hl7.org/fhir/sid/icd-10-cm,
R41.89,R41.89,condition,Other Code,condition_description,R41.89,Other symptoms and signs involving cognitive functions and awareness,http://hl7.org/fhir/sid/icd-10-cm,
K59.04,K59.04,condition,Other Code,condition_description,K59.04,Chronic idiopathic constipation,http://hl7.org/fhir/sid/icd-10-cm,
Z76.89,Z76.89,condition,Other Code,condition_description,Z76.89,Persons encountering health services in other specified circumstances,http://hl7.org/fhir/sid/icd-10-cm,
D64.9,D64.9,condition,Other Code,condition_description,D64.9,"Anemia, unspecified",http://hl7.org/fhir/sid/icd-10-cm,
R27.8,R27.8,condition,Other Code,condition_description,R27.8,Other lack of coordination,http://hl7.org/fhir/sid/icd-10-cm,
Z60.8,Z60.8,condition,Other Code,condition_description,Z60.8,Other problems related to social environment,http://hl7.org/fhir/sid/icd-10-cm,
Z68.25,Z68.25,condition,Other Code,condition_description,Z68.25,"Body mass index [BMI] 25.0-25.9, adult",http://hl7.org/fhir/sid/icd-10-cm,
M62.81,M62.81,condition,Other Code,condition_description,M62.81,Muscle weakness (generalized),http://hl7.org/fhir/sid/icd-10-cm,
G25.3,G25.3,condition,Other Code,condition_description,G25.3,Myoclonus,http://hl7.org/fhir/sid/icd-10-cm,
R29.898,R29.898,condition,Other Code,condition_description,R29.898,Other symptoms and signs involving the musculoskeletal system,http://hl7.org/fhir/sid/icd-10-cm,
R26.0,R26.0,condition,Other Code,condition_description,R26.0,Ataxic gait,http://hl7.org/fhir/sid/icd-10-cm,
T50.Z95D,T50.Z95D,condition,Other Code,condition_description,T50.Z95D,"Adverse effect of other vaccines and biological substances, subsequent encounter",http://hl7.org/fhir/sid/icd-10-cm,
M10.9,M10.9,condition,Other Code,condition_description,M10.9,"Gout, unspecified",http://hl7.org/fhir/sid/icd-10-cm,
Z88.0,Z88.0,condition,Other Code,condition_description,Z88.0,Allergy status to penicillin,http://hl7.org/fhir/sid/icd-10-cm,
K58.0,K58.0,condition,Other Code,condition_description,K58.0,Irritable bowel syndrome with diarrhea,http://hl7.org/fhir/sid/icd-10-cm,
F39,F39,condition,Other Code,condition_description,F39,Unspecified mood [affective] disorder,http://hl7.org/fhir/sid/icd-10-cm,
Z74.09,Z74.09,condition,Other Code,condition_description,Z74.09,Other reduced mobility,http://hl7.org/fhir/sid/icd-10-cm,
R41.0,R41.0,condition,Other Code,condition_description,R41.0,"Disorientation, unspecified",http://hl7.org/fhir/sid/icd-10-cm,
J30.9,J30.9,condition,Other Code,condition_description,J30.9,"Allergic rhinitis, unspecified",http://hl7.org/fhir/sid/icd-10-cm,
Z87.440,Z87.440,condition,Other Code,condition_description,Z87.440,Personal history of urinary (tract) infections,http://hl7.org/fhir/sid/icd-10-cm,
M21.42,M21.42,condition,Other Code,condition_description,M21.42,"Flat foot [pes planus] (acquired), left foot",http://hl7.org/fhir/sid/icd-10-cm,
R25.2,R25.2,condition,Other Code,condition_description,R25.2,Cramp and spasm,http://hl7.org/fhir/sid/icd-10-cm,
Z68.26,Z68.26,condition,Other Code,condition_description,Z68.26,"Body mass index [BMI] 26.0-26.9, adult",http://hl7.org/fhir/sid/icd-10-cm,
Z79.890,Z79.890,condition,Other Code,condition_description,Z79.890,Hormone replacement therapy,http://hl7.org/fhir/sid/icd-10-cm,
R30.9,R30.9,condition,Other Code,condition_description,R30.9,"Painful micturition, unspecified",http://hl7.org/fhir/sid/icd-10-cm,
F68.8,F68.8,condition,Other Code,condition_description,F68.8,Other specified disorders of adult personality and behavior,http://hl7.org/fhir/sid/icd-10-cm,
M21.41,M21.41,condition,Other Code,condition_description,M21.41,"Flat foot [pes planus] (acquired), right foot",http://hl7.org/fhir/sid/icd-10-cm,
S22.081D,S22.081D,condition,Other Code,condition_description,S22.081D,"Stable burst fracture of T11-T12 vertebra, subsequent encounter for fracture with routine healing",http://hl7.org/fhir/sid/icd-10-cm,
R22.1,R22.1,condition,Other Code,condition_description,R22.1,"Localized swelling, mass and lump, neck",http://hl7.org/fhir/sid/icd-10-cm,
R55,R55,condition,Other Code,condition_description,R55,Syncope and collapse,http://hl7.org/fhir/sid/icd-10-cm,
R05.3,R05.3,condition,Other Code,condition_description,R05.3,Chronic cough,http://hl7.org/fhir/sid/icd-10-cm,
R16.0,R16.0,condition,Other Code,condition_description,R16.0,"Hepatomegaly, not elsewhere classified",http://hl7.org/fhir/sid/icd-10-cm,
R94.5,R94.5,condition,Other Code,condition_description,R94.5,Abnormal results of liver function studies,http://hl7.org/fhir/sid/icd-10-cm,
V06.1,V06.1,condition,Other Code,condition_description,V06.1,"Need for prophylactic vaccination and inoculation against diphtheria-tetanus-pertussis, combined [DTP] [DTaP]",http://hl7.org/fhir/sid/icd-9-cm,
718.88,718.88,condition,Other Code,condition_description,718.88,"Other joint derangement, not elsewhere classified, other specified sites",http://hl7.org/fhir/sid/icd-9-cm,
426.11,426.11,condition,Other Code,condition_description,426.11,First degree atrioventricular block,http://hl7.org/fhir/sid/icd-9-cm,
I44.0,I44.0,condition,Other Code,condition_description,I44.0,"Atrioventricular block, first degree",http://hl7.org/fhir/sid/icd-10-cm,
R41.9,R41.9,condition,Other Code,condition_description,R41.9,Unspecified symptoms and signs involving cognitive functions and awareness,http://hl7.org/fhir/sid/icd-10-cm,
R06.02,R06.02,condition,Other Code,condition_description,R06.02,Shortness of breath,http://hl7.org/fhir/sid/icd-10-cm,
H04.223,H04.223,condition,Other Code,condition_description,H04.223,"Epiphora due to insufficient drainage, bilateral",http://hl7.org/fhir/sid/icd-10-cm,
H26.9,H26.9,condition,Other Code,condition_description,H26.9,Unspecified cataract,http://hl7.org/fhir/sid/icd-10-cm,
H04.553,H04.553,condition,Other Code,condition_description,H04.553,Acquired stenosis of bilateral nasolacrimal duct,http://hl7.org/fhir/sid/icd-10-cm,
H57.89,H57.89,condition,Other Code,condition_description,H57.89,Other specified disorders of eye and adnexa,http://hl7.org/fhir/sid/icd-10-cm,
K43.9,K43.9,condition,Other Code,condition_description,K43.9,Ventral hernia without obstruction or gangrene,http://hl7.org/fhir/sid/icd-10-cm,
R19.03,R19.03,condition,Other Code,condition_description,R19.03,"Right lower quadrant abdominal swelling, mass and lump",http://hl7.org/fhir/sid/icd-10-cm,
G89.18,G89.18,condition,Other Code,condition_description,G89.18,Other acute postprocedural pain,http://hl7.org/fhir/sid/icd-10-cm,
K43.6,K43.6,condition,Other Code,condition_description,K43.6,"Other and unspecified ventral hernia with obstruction, without gangrene",http://hl7.org/fhir/sid/icd-10-cm,
R11.0,R11.0,condition,Other Code,condition_description,R11.0,Nausea,http://hl7.org/fhir/sid/icd-10-cm,
B37.42,B37.42,condition,Other Code,condition_description,B37.42,Candidal balanitis,http://hl7.org/fhir/sid/icd-10-cm,
H57.02,H57.02,condition,Other Code,condition_description,H57.02,Anisocoria,http://hl7.org/fhir/sid/icd-10-cm,
R73.09,R73.09,condition,Other Code,condition_description,R73.09,Other abnormal glucose,http://hl7.org/fhir/sid/icd-10-cm,
Z04.89,Z04.89,condition,Other Code,condition_description,Z04.89,Encounter for examination and observation for other specified reasons,http://hl7.org/fhir/sid/icd-10-cm,
E86.0,E86.0,condition,Other Code,condition_description,E86.0,Dehydration,http://hl7.org/fhir/sid/icd-10-cm,
K43.2,K43.2,condition,Other Code,condition_description,K43.2,Incisional hernia without obstruction or gangrene,http://hl7.org/fhir/sid/icd-10-cm,
I95.1,I95.1,condition,Other Code,condition_description,I95.1,Orthostatic hypotension,http://hl7.org/fhir/sid/icd-10-cm,
Z68.43,Z68.43,condition,Other Code,condition_description,Z68.43,"Body mass index [BMI] 50.0-59.9, adult",http://hl7.org/fhir/sid/icd-10-cm,
Z13.6,Z13.6,condition,Other Code,condition_description,Z13.6,Encounter for screening for cardiovascular disorders,http://hl7.org/fhir/sid/icd-10-cm,
V67.09,V67.09,condition,Other Code,condition_description,V67.09,"Follow-up examination, following other surgery",http://hl7.org/fhir/sid/icd-9-cm,
724.5,724.5,condition,Other Code,condition_description,724.5,"Backache, unspecified",http://hl7.org/fhir/sid/icd-9-cm,
746.4,746.4,condition,Other Code,condition_description,746.4,Congenital insufficiency of aortic valve,http://hl7.org/fhir/sid/icd-9-cm,
367.1,367.1,condition,Other Code,condition_description,367.1,Myopia,http://hl7.org/fhir/sid/icd-9-cm,
Q23.1,Q23.1,condition,Other Code,condition_description,Q23.1,Congenital insufficiency of aortic valve,http://hl7.org/fhir/sid/icd-10-cm,
Q41.0,Q41.0,condition,Other Code,condition_description,Q41.0,"Congenital absence, atresia and stenosis of duodenum",http://hl7.org/fhir/sid/icd-10-cm,
244.8,244.8,condition,Other Code,condition_description,244.8,Other specified acquired hypothyroidism,http://hl7.org/fhir/sid/icd-9-cm,
Z12.31,Z12.31,condition,Other Code,condition_description,Z12.31,Encounter for screening mammogram for malignant neoplasm of breast,http://hl7.org/fhir/sid/icd-10-cm,
L98.9,L98.9,condition,Other Code,condition_description,L98.9,"Disorder of the skin and subcutaneous tissue, unspecified",http://hl7.org/fhir/sid/icd-10-cm,
L72.0,L72.0,condition,Other Code,condition_description,L72.0,Epidermal cyst,http://hl7.org/fhir/sid/icd-10-cm,
Z80.3,Z80.3,condition,Other Code,condition_description,Z80.3,Family history of malignant neoplasm of breast,http://hl7.org/fhir/sid/icd-10-cm,
I31.39,I31.39,condition,Other Code,condition_description,I31.39,Other pericardial effusion (noninflammatory),http://hl7.org/fhir/sid/icd-10-cm,
I63.411,I63.411,condition,Other Code,condition_description,I63.411,Cerebral infarction due to embolism of right middle cerebral artery,http://hl7.org/fhir/sid/icd-10-cm,
Z86.69,Z86.69,condition,Other Code,condition_description,Z86.69,Personal history of other diseases of the nervous system and sense organs,http://hl7.org/fhir/sid/icd-10-cm,
I31.3,I31.3,condition,Other Code,condition_description,I31.3,Pericardial effusion (noninflammatory),http://hl7.org/fhir/sid/icd-10-cm,
Q21.12,Q21.12,condition,Other Code,condition_description,Q21.12,Patent foramen ovale,http://hl7.org/fhir/sid/icd-10-cm,
H92.11,H92.11,condition,Other Code,condition_description,H92.11,"Otorrhea, right ear",http://hl7.org/fhir/sid/icd-10-cm,
H61.301,H61.301,condition,Other Code,condition_description,H61.301,"Acquired stenosis of right external ear canal, unspecified",http://hl7.org/fhir/sid/icd-10-cm,
H65.493,H65.493,condition,Other Code,condition_description,H65.493,"Other chronic nonsuppurative otitis media, bilateral",http://hl7.org/fhir/sid/icd-10-cm,
H66.12,H66.12,condition,Other Code,condition_description,H66.12,"Chronic tubotympanic suppurative otitis media, left ear",http://hl7.org/fhir/sid/icd-10-cm,
H61.321,H61.321,condition,Other Code,condition_description,H61.321,Acquired stenosis of right external ear canal secondary to inflammation and infection,http://hl7.org/fhir/sid/icd-10-cm,
R53.1,R53.1,condition,Other Code,condition_description,R53.1,Weakness,http://hl7.org/fhir/sid/icd-10-cm,
Z86.73,Z86.73,condition,Other Code,condition_description,Z86.73,"Personal history of transient ischemic attack (TIA), and cerebral infarction without residual deficits",http://hl7.org/fhir/sid/icd-10-cm,
307.7,307.7,condition,Other Code,condition_description,307.7,Encopresis,http://hl7.org/fhir/sid/icd-9-cm,
307.6,307.6,condition,Other Code,condition_description,307.6,Enuresis,http://hl7.org/fhir/sid/icd-9-cm,
338.29,338.29,condition,Other Code,condition_description,338.29,Other chronic pain,http://hl7.org/fhir/sid/icd-9-cm,
338.11,338.11,condition,Other Code,condition_description,338.11,Acute pain due to trauma,http://hl7.org/fhir/sid/icd-9-cm,
722.10,722.10,condition,Other Code,condition_description,722.10,Displacement of lumbar intervertebral disc without myelopathy,http://hl7.org/fhir/sid/icd-9-cm,
185,185,condition,Other Code,condition_description,185,Malignant neoplasm of prostate,http://hl7.org/fhir/sid/icd-9-cm,
724.3,724.3,condition,Other Code,condition_description,724.3,Sciatica,http://hl7.org/fhir/sid/icd-9-cm,
V28.3,V28.3,condition,Other Code,condition_description,V28.3,Encounter for routine screening for malformation using ultrasonics,http://hl7.org/fhir/sid/icd-9-cm,
656.53,656.53,condition,Other Code,condition_description,656.53,"Poor fetal growth, affecting management of mother, antepartum condition or complication",http://hl7.org/fhir/sid/icd-9-cm,
737.30,737.30,condition,Other Code,condition_description,737.30,"Scoliosis [and kyphoscoliosis], idiopathic",http://hl7.org/fhir/sid/icd-9-cm,
722.0,722.0,condition,Other Code,condition_description,722.0,Displacement of cervical intervertebral disc without myelopathy,http://hl7.org/fhir/sid/icd-9-cm,
V28.82,V28.82,condition,Other Code,condition_description,V28.82,Encounter for screening for risk of pre-term labor,http://hl7.org/fhir/sid/icd-9-cm,
723.4,723.4,condition,Other Code,condition_description,723.4,Brachial neuritis or radiculitis NOS,http://hl7.org/fhir/sid/icd-9-cm,
724.2,724.2,condition,Other Code,condition_description,724.2,Lumbago,http://hl7.org/fhir/sid/icd-9-cm,
715.92,715.92,condition,Other Code,condition_description,715.92,"Osteoarthrosis, unspecified whether generalized or localized, upper arm",http://hl7.org/fhir/sid/icd-9-cm,
787.20,787.20,condition,Other Code,condition_description,787.20,"Dysphagia, unspecified",http://hl7.org/fhir/sid/icd-9-cm,
715.93,715.93,condition,Other Code,condition_description,715.93,"Osteoarthrosis, unspecified whether generalized or localized, forearm",http://hl7.org/fhir/sid/icd-9-cm,
553.3,553.3,condition,Other Code,condition_description,553.3,Diaphragmatic hernia without mention of obstruction or gangrene,http://hl7.org/fhir/sid/icd-9-cm,
V04.89,V04.89,condition,Other Code,condition_description,V04.89,Need for prophylactic vaccination and inoculation against other viral diseases,http://hl7.org/fhir/sid/icd-9-cm,
M79.671,M79.671,condition,Other Code,condition_description,M79.671,Pain in right foot,http://hl7.org/fhir/sid/icd-10-cm,
E78.41,E78.41,condition,Other Code,condition_description,E78.41,Elevated Lipoprotein(a),http://hl7.org/fhir/sid/icd-10-cm,
N95.0,N95.0,condition,Other Code,condition_description,N95.0,Postmenopausal bleeding,http://hl7.org/fhir/sid/icd-10-cm,
V72.41,V72.41,condition,Other Code,condition_description,V72.41,"Pregnancy examination or test, negative result",http://hl7.org/fhir/sid/icd-9-cm,
780.52,780.52,condition,Other Code,condition_description,780.52,"Insomnia, unspecified",http://hl7.org/fhir/sid/icd-9-cm,
308.9,308.9,condition,Other Code,condition_description,308.9,Unspecified acute reaction to stress,http://hl7.org/fhir/sid/icd-9-cm,
278.1,278.1,condition,Other Code,condition_description,278.1,Localized adiposity,http://hl7.org/fhir/sid/icd-9-cm,
692.6,692.6,condition,Other Code,condition_description,692.6,Contact dermatitis and other eczema due to plants [except food],http://hl7.org/fhir/sid/icd-9-cm,
416.8,416.8,condition,Other Code,condition_description,416.8,Other chronic pulmonary heart diseases,http://hl7.org/fhir/sid/icd-9-cm,
369.9,369.9,condition,Other Code,condition_description,369.9,Unspecified visual loss,http://hl7.org/fhir/sid/icd-9-cm,
659.63,659.63,condition,Other Code,condition_description,659.63,"Elderly multigravida, antepartum condition or complication",http://hl7.org/fhir/sid/icd-9-cm,
367.31,367.31,condition,Other Code,condition_description,367.31,Anisometropia,http://hl7.org/fhir/sid/icd-9-cm,
377.15,377.15,condition,Other Code,condition_description,377.15,Partial optic atrophy,http://hl7.org/fhir/sid/icd-9-cm,
362.50,362.50,condition,Other Code,condition_description,362.50,"Macular degeneration (senile), unspecified",http://hl7.org/fhir/sid/icd-9-cm,
358.00,358.00,condition,Other Code,condition_description,358.00,Myasthenia gravis without (acute) exacerbation,http://hl7.org/fhir/sid/icd-9-cm,
648.83,648.83,condition,Other Code,condition_description,648.83,"Abnormal glucose tolerance of mother, antepartum condition or complication",http://hl7.org/fhir/sid/icd-9-cm,
V43.1,V43.1,condition,Other Code,condition_description,V43.1,Lens replaced by other means,http://hl7.org/fhir/sid/icd-9-cm,
628.8,628.8,condition,Other Code,condition_description,628.8,"Infertility, female, of other specified origin",http://hl7.org/fhir/sid/icd-9-cm,
368.14,368.14,condition,Other Code,condition_description,368.14,Visual distortions of shape and size,http://hl7.org/fhir/sid/icd-9-cm,
593.4,593.4,condition,Other Code,condition_description,593.4,Other ureteric obstruction,http://hl7.org/fhir/sid/icd-9-cm,
V58.65,V58.65,condition,Other Code,condition_description,V58.65,Long-term (current) use of steroids,http://hl7.org/fhir/sid/icd-9-cm,
611.72,611.72,condition,Other Code,condition_description,611.72,Lump or mass in breast,http://hl7.org/fhir/sid/icd-9-cm,
747.21,747.21,condition,Other Code,condition_description,747.21,Anomalies of aortic arch,http://hl7.org/fhir/sid/icd-9-cm,
721.1,721.1,condition,Other Code,condition_description,721.1,Cervical spondylosis with myelopathy,http://hl7.org/fhir/sid/icd-9-cm,
723.0,723.0,condition,Other Code,condition_description,723.0,Spinal stenosis in cervical region,http://hl7.org/fhir/sid/icd-9-cm,
250.90,250.90,condition,Other Code,condition_description,250.90,"Diabetes with unspecified complication, type II or unspecified type, not stated as uncontrolled",http://hl7.org/fhir/sid/icd-9-cm,
333.1,333.1,condition,Other Code,condition_description,333.1,Essential and other specified forms of tremor,http://hl7.org/fhir/sid/icd-9-cm,
Q24.8,Q24.8,condition,Other Code,condition_description,Q24.8,Other specified congenital malformations of heart,http://hl7.org/fhir/sid/icd-10-cm,
379.21,379.21,condition,Other Code,condition_description,379.21,Vitreous degeneration,http://hl7.org/fhir/sid/icd-9-cm,
Q87.19,Q87.19,condition,Other Code,condition_description,Q87.19,Other congenital malformation syndromes predominantly associated with short stature,http://hl7.org/fhir/sid/icd-10-cm,
I37.0,I37.0,condition,Other Code,condition_description,I37.0,Nonrheumatic pulmonary valve stenosis,http://hl7.org/fhir/sid/icd-10-cm,
R73.03,R73.03,condition,Other Code,condition_description,R73.03,Prediabetes,http://hl7.org/fhir/sid/icd-10-cm,
E04.1,E04.1,condition,Other Code,condition_description,E04.1,Nontoxic single thyroid nodule,http://hl7.org/fhir/sid/icd-10-cm,
E05.00,E05.00,condition,Other Code,condition_description,E05.00,Thyrotoxicosis with diffuse goiter without thyrotoxic crisis or storm,http://hl7.org/fhir/sid/icd-10-cm,
Z30.011,Z30.011,condition,Other Code,condition_description,Z30.011,Encounter for initial prescription of contraceptive pills,http://hl7.org/fhir/sid/icd-10-cm,
H90.A32,H90.A32,condition,Other Code,condition_description,H90.A32,"Mixed conductive and sensorineural hearing loss, unilateral, left ear with restricted hearing on the contralateral side",http://hl7.org/fhir/sid/icd-10-cm,
H90.A12,H90.A12,condition,Other Code,condition_description,H90.A12,"Conductive hearing loss, unilateral, left ear with restricted hearing on the contralateral side",http://hl7.org/fhir/sid/icd-10-cm,
625.9,625.9,condition,Other Code,condition_description,625.9,Unspecified symptom associated with female genital organs,http://hl7.org/fhir/sid/icd-9-cm,
622.11,622.11,condition,Other Code,condition_description,622.11,Mild dysplasia of cervix,http://hl7.org/fhir/sid/icd-9-cm,
Z86.19,Z86.19,condition,Other Code,condition_description,Z86.19,Personal history of other infectious and parasitic diseases,http://hl7.org/fhir/sid/icd-10-cm,
Z86.16,Z86.16,condition,Other Code,condition_description,Z86.16,Personal history of COVID-19,http://hl7.org/fhir/sid/icd-10-cm,
425.1,425.1,condition,Other Code,condition_description,425.1,Hypertrophic cardiomyopathy,http://hl7.org/fhir/sid/icd-9-cm,
425.18,425.18,condition,Other Code,condition_description,425.18,Other hypertrophic cardiomyopathy,http://hl7.org/fhir/sid/icd-9-cm,
458.9,458.9,condition,Other Code,condition_description,458.9,"Hypotension, unspecified",http://hl7.org/fhir/sid/icd-9-cm,
425.11,425.11,condition,Other Code,condition_description,425.11,Hypertrophic obstructive cardiomyopathy,http://hl7.org/fhir/sid/icd-9-cm,
427.31,427.31,condition,Other Code,condition_description,427.31,Atrial fibrillation,http://hl7.org/fhir/sid/icd-9-cm,
794.31,794.31,condition,Other Code,condition_description,794.31,Nonspecific abnormal electrocardiogram [ECG] [EKG],http://hl7.org/fhir/sid/icd-9-cm,
I42.2,I42.2,condition,Other Code,condition_description,I42.2,Other hypertrophic cardiomyopathy,http://hl7.org/fhir/sid/icd-10-cm,
Z83.49,Z83.49,condition,Other Code,condition_description,Z83.49,"Family history of other endocrine, nutritional and metabolic diseases",http://hl7.org/fhir/sid/icd-10-cm,
R93.1,R93.1,condition,Other Code,condition_description,R93.1,Abnormal findings on diagnostic imaging of heart and coronary circulation,http://hl7.org/fhir/sid/icd-10-cm,
R07.89,R07.89,condition,Other Code,condition_description,R07.89,Other chest pain,http://hl7.org/fhir/sid/icd-10-cm,
Z01.812,Z01.812,condition,Other Code,condition_description,Z01.812,Encounter for preprocedural laboratory examination,http://hl7.org/fhir/sid/icd-10-cm,
K40.90,K40.90,condition,Other Code,condition_description,K40.90,"Unilateral inguinal hernia, without obstruction or gangrene, not specified as recurrent",http://hl7.org/fhir/sid/icd-10-cm,
I45.5,I45.5,condition,Other Code,condition_description,I45.5,Other specified heart block,http://hl7.org/fhir/sid/icd-10-cm,
I50.20,I50.20,condition,Other Code,condition_description,I50.20,Unspecified systolic (congestive) heart failure,http://hl7.org/fhir/sid/icd-10-cm,
F42.2,F42.2,condition,Other Code,condition_description,F42.2,Mixed obsessional thoughts and acts,http://hl7.org/fhir/sid/icd-10-cm,
R15.1,R15.1,condition,Other Code,condition_description,R15.1,Fecal smearing,http://hl7.org/fhir/sid/icd-10-cm,
I42.1,I42.1,condition,Other Code,condition_description,I42.1,Obstructive hypertrophic cardiomyopathy,http://hl7.org/fhir/sid/icd-10-cm,
I51.3,I51.3,condition,Other Code,condition_description,I51.3,"Intracardiac thrombosis, not elsewhere classified",http://hl7.org/fhir/sid/icd-10-cm,
493.90,493.90,condition,Other Code,condition_description,493.90,"Asthma, unspecified type, unspecified",http://hl7.org/fhir/sid/icd-9-cm,
V13.65,V13.65,condition,Other Code,condition_description,V13.65,Personal history of (corrected) congenital malformations of heart and circulatory system,http://hl7.org/fhir/sid/icd-9-cm,
281.0,281.0,condition,Other Code,condition_description,281.0,Pernicious anemia,http://hl7.org/fhir/sid/icd-9-cm,
366.9,366.9,condition,Other Code,condition_description,366.9,Unspecified cataract,http://hl7.org/fhir/sid/icd-9-cm,
V10.79,V10.79,condition,Other Code,condition_description,V10.79,Personal history of other lymphatic and hematopoietic neoplasms,http://hl7.org/fhir/sid/icd-9-cm,
216.7,216.7,condition,Other Code,condition_description,216.7,"Benign neoplasm of skin of lower limb, including hip",http://hl7.org/fhir/sid/icd-9-cm,
H93.293,H93.293,condition,Other Code,condition_description,H93.293,"Other abnormal auditory perceptions, bilateral",http://hl7.org/fhir/sid/icd-10-cm,
H90.12,H90.12,condition,Other Code,condition_description,H90.12,"Conductive hearing loss, unilateral, left ear, with unrestricted hearing on the contralateral side",http://hl7.org/fhir/sid/icd-10-cm,
L40.9,L40.9,condition,Other Code,condition_description,L40.9,"Psoriasis, unspecified",http://hl7.org/fhir/sid/icd-10-cm,
R00.0,R00.0,condition,Other Code,condition_description,R00.0,"Tachycardia, unspecified",http://hl7.org/fhir/sid/icd-10-cm,
D22.9,D22.9,condition,Other Code,condition_description,D22.9,"Melanocytic nevi, unspecified",http://hl7.org/fhir/sid/icd-10-cm,
T50.Z95A,T50.Z95A,condition,Other Code,condition_description,T50.Z95A,"Adverse effect of other vaccines and biological substances, initial encounter",http://hl7.org/fhir/sid/icd-10-cm,
H73.13,H73.13,condition,Other Code,condition_description,H73.13,"Chronic myringitis, bilateral",http://hl7.org/fhir/sid/icd-10-cm,
H65.01,H65.01,condition,Other Code,condition_description,H65.01,"Acute serous otitis media, right ear",http://hl7.org/fhir/sid/icd-10-cm,
Z53.21,Z53.21,condition,Other Code,condition_description,Z53.21,Procedure and treatment not carried out due to patient leaving prior to being seen by health care provider,http://hl7.org/fhir/sid/icd-10-cm,
M54.9,M54.9,condition,Other Code,condition_description,M54.9,"Dorsalgia, unspecified",http://hl7.org/fhir/sid/icd-10-cm,
H66.012,H66.012,condition,Other Code,condition_description,H66.012,"Acute suppurative otitis media with spontaneous rupture of ear drum, left ear",http://hl7.org/fhir/sid/icd-10-cm,
L30.4,L30.4,condition,Other Code,condition_description,L30.4,Erythema intertrigo,http://hl7.org/fhir/sid/icd-10-cm,
M79.10,M79.10,condition,Other Code,condition_description,M79.10,"Myalgia, unspecified site",http://hl7.org/fhir/sid/icd-10-cm,
N89.8,N89.8,condition,Other Code,condition_description,N89.8,Other specified noninflammatory disorders of vagina,http://hl7.org/fhir/sid/icd-10-cm,
N76.1,N76.1,condition,Other Code,condition_description,N76.1,Subacute and chronic vaginitis,http://hl7.org/fhir/sid/icd-10-cm,
301.7,301.7,condition,Other Code,condition_description,301.7,Antisocial personality disorder,http://hl7.org/fhir/sid/icd-9-cm,
V40.9,V40.9,condition,Other Code,condition_description,V40.9,Unspecified mental or behavioral problem,http://hl7.org/fhir/sid/icd-9-cm,
R10.32,R10.32,condition,Other Code,condition_description,R10.32,Left lower quadrant pain,http://hl7.org/fhir/sid/icd-10-cm,
F84.0,F84.0,condition,Other Code,condition_description,F84.0,Autistic disorder,http://hl7.org/fhir/sid/icd-10-cm,
Q90.1,Q90.1,condition,Other Code,condition_description,Q90.1,"Trisomy 21, mosaicism (mitotic nondisjunction)",http://hl7.org/fhir/sid/icd-10-cm,
Z00.01,Z00.01,condition,Other Code,condition_description,Z00.01,Encounter for general adult medical examination with abnormal findings,http://hl7.org/fhir/sid/icd-10-cm,
E78.1,E78.1,condition,Other Code,condition_description,E78.1,Pure hyperglyceridemia,http://hl7.org/fhir/sid/icd-10-cm,
299.00,299.00,condition,Other Code,condition_description,299.00,"Autistic disorder, current or active state",http://hl7.org/fhir/sid/icd-9-cm,
S92.902D,S92.902D,condition,Other Code,condition_description,S92.902D,"Unspecified fracture of left foot, subsequent encounter for fracture with routine healing",http://hl7.org/fhir/sid/icd-10-cm,
S92.212D,S92.212D,condition,Other Code,condition_description,S92.212D,"Displaced fracture of cuboid bone of left foot, subsequent encounter for fracture with routine healing",http://hl7.org/fhir/sid/icd-10-cm,
J40,J40,condition,Other Code,condition_description,J40,"Bronchitis, not specified as acute or chronic",http://hl7.org/fhir/sid/icd-10-cm,
S99.922D,S99.922D,condition,Other Code,condition_description,S99.922D,"Unspecified injury of left foot, subsequent encounter",http://hl7.org/fhir/sid/icd-10-cm,
S92.212A,S92.212A,condition,Other Code,condition_description,S92.212A,"Displaced fracture of cuboid bone of left foot, initial encounter for closed fracture",http://hl7.org/fhir/sid/icd-10-cm,
F63.9,F63.9,condition,Other Code,condition_description,F63.9,"Impulse disorder, unspecified",http://hl7.org/fhir/sid/icd-10-cm,
F72,F72,condition,Other Code,condition_description,F72,Severe intellectual disabilities,http://hl7.org/fhir/sid/icd-10-cm,
D75.89,D75.89,condition,Other Code,condition_description,D75.89,Other specified diseases of blood and blood-forming organs,http://hl7.org/fhir/sid/icd-10-cm,
R41.840,R41.840,condition,Other Code,condition_description,R41.840,Attention and concentration deficit,http://hl7.org/fhir/sid/icd-10-cm,
E83.9,E83.9,condition,Other Code,condition_description,E83.9,"Disorder of mineral metabolism, unspecified",http://hl7.org/fhir/sid/icd-10-cm,
N13.9,N13.9,condition,Other Code,condition_description,N13.9,"Obstructive and reflux uropathy, unspecified",http://hl7.org/fhir/sid/icd-10-cm,
N18.30,N18.30,condition,Other Code,condition_description,N18.30,"Chronic kidney disease, stage 3 unspecified",http://hl7.org/fhir/sid/icd-10-cm,
M89.9,M89.9,condition,Other Code,condition_description,M89.9,"Disorder of bone, unspecified",http://hl7.org/fhir/sid/icd-10-cm,
N18.9,N18.9,condition,Other Code,condition_description,N18.9,"Chronic kidney disease, unspecified",http://hl7.org/fhir/sid/icd-10-cm,
N18.3,N18.3,condition,Other Code,condition_description,N18.3,"Chronic kidney disease, stage 3 (moderate)",http://hl7.org/fhir/sid/icd-10-cm,
R80.8,R80.8,condition,Other Code,condition_description,R80.8,Other proteinuria,http://hl7.org/fhir/sid/icd-10-cm,
S82.232D,S82.232D,condition,Other Code,condition_description,S82.232D,"Displaced oblique fracture of shaft of left tibia, subsequent encounter for closed fracture with routine healing",http://hl7.org/fhir/sid/icd-10-cm,
A49.8,A49.8,condition,Other Code,condition_description,A49.8,Other bacterial infections of unspecified site,http://hl7.org/fhir/sid/icd-10-cm,
R33.9,R33.9,condition,Other Code,condition_description,R33.9,"Retention of urine, unspecified",http://hl7.org/fhir/sid/icd-10-cm,
R89.5,R89.5,condition,Other Code,condition_description,R89.5,"Abnormal microbiological findings in specimens from other organs, systems and tissues",http://hl7.org/fhir/sid/icd-10-cm,
F90.9,F90.9,condition,Other Code,condition_description,F90.9,"Attention-deficit hyperactivity disorder, unspecified type",http://hl7.org/fhir/sid/icd-10-cm,
T81.49XA,T81.49XA,condition,Other Code,condition_description,T81.49XA,"Infection following a procedure, other surgical site, initial encounter",http://hl7.org/fhir/sid/icd-10-cm,
Z87.81,Z87.81,condition,Other Code,condition_description,Z87.81,Personal history of (healed) traumatic fracture,http://hl7.org/fhir/sid/icd-10-cm,
I96,I96,condition,Other Code,condition_description,I96,"Gangrene, not elsewhere classified",http://hl7.org/fhir/sid/icd-10-cm,
Z45.2,Z45.2,condition,Other Code,condition_description,Z45.2,Encounter for adjustment and management of vascular access device,http://hl7.org/fhir/sid/icd-10-cm,
T81.32XA,T81.32XA,condition,Other Code,condition_description,T81.32XA,"Disruption of internal operation (surgical) wound, not elsewhere classified, initial encounter",http://hl7.org/fhir/sid/icd-10-cm,
S82.402A,S82.402A,condition,Other Code,condition_description,S82.402A,"Unspecified fracture of shaft of left fibula, initial encounter for closed fracture",http://hl7.org/fhir/sid/icd-10-cm,
S82.392A,S82.392A,condition,Other Code,condition_description,S82.392A,"Other fracture of lower end of left tibia, initial encounter for closed fracture",http://hl7.org/fhir/sid/icd-10-cm,
N18.31,N18.31,condition,Other Code,condition_description,N18.31,"Chronic kidney disease, stage 3a",http://hl7.org/fhir/sid/icd-10-cm,
Z79.2,Z79.2,condition,Other Code,condition_description,Z79.2,Long term (current) use of antibiotics,http://hl7.org/fhir/sid/icd-10-cm,
Z86.74,Z86.74,condition,Other Code,condition_description,Z86.74,Personal history of sudden cardiac arrest,http://hl7.org/fhir/sid/icd-10-cm,
I12.9,I12.9,condition,Other Code,condition_description,I12.9,"Hypertensive chronic kidney disease with stage 1 through stage 4 chronic kidney disease, or unspecified chronic kidney disease",http://hl7.org/fhir/sid/icd-10-cm,
S82.202D,S82.202D,condition,Other Code,condition_description,S82.202D,"Unspecified fracture of shaft of left tibia, subsequent encounter for closed fracture with routine healing",http://hl7.org/fhir/sid/icd-10-cm,
S82.872A,S82.872A,condition,Other Code,condition_description,S82.872A,"Displaced pilon fracture of left tibia, initial encounter for closed fracture",http://hl7.org/fhir/sid/icd-10-cm,
B95.7,B95.7,condition,Other Code,condition_description,B95.7,Other staphylococcus as the cause of diseases classified elsewhere,http://hl7.org/fhir/sid/icd-10-cm,
M06.4,M06.4,condition,Other Code,condition_description,M06.4,Inflammatory polyarthropathy,http://hl7.org/fhir/sid/icd-10-cm,
I13.0,I13.0,condition,Other Code,condition_description,I13.0,"Hypertensive heart and chronic kidney disease with heart failure and stage 1 through stage 4 chronic kidney disease, or unspecified chronic kidney disease",http://hl7.org/fhir/sid/icd-10-cm,
Z88.4,Z88.4,condition,Other Code,condition_description,Z88.4,Allergy status to anesthetic agent,http://hl7.org/fhir/sid/icd-10-cm,
I97.89,I97.89,condition,Other Code,condition_description,I97.89,"Other postprocedural complications and disorders of the circulatory system, not elsewhere classified",http://hl7.org/fhir/sid/icd-10-cm,
T84.7XXA,T84.7XXA,condition,Other Code,condition_description,T84.7XXA,"Infection and inflammatory reaction due to other internal orthopedic prosthetic devices, implants and grafts, initial encounter",http://hl7.org/fhir/sid/icd-10-cm,
T84.7XXD,T84.7XXD,condition,Other Code,condition_description,T84.7XXD,"Infection and inflammatory reaction due to other internal orthopedic prosthetic devices, implants and grafts, subsequent encounter",http://hl7.org/fhir/sid/icd-10-cm,
Z79.52,Z79.52,condition,Other Code,condition_description,Z79.52,Long term (current) use of systemic steroids,http://hl7.org/fhir/sid/icd-10-cm,
M08.3,M08.3,condition,Other Code,condition_description,M08.3,Juvenile rheumatoid polyarthritis (seronegative),http://hl7.org/fhir/sid/icd-10-cm,
S82.202K,S82.202K,condition,Other Code,condition_description,S82.202K,"Unspecified fracture of shaft of left tibia, subsequent encounter for closed fracture with nonunion",http://hl7.org/fhir/sid/icd-10-cm,
I50.22,I50.22,condition,Other Code,condition_description,I50.22,Chronic systolic (congestive) heart failure,http://hl7.org/fhir/sid/icd-10-cm,
N36.44,N36.44,condition,Other Code,condition_description,N36.44,Muscular disorders of urethra,http://hl7.org/fhir/sid/icd-10-cm,
T81.89XA,T81.89XA,condition,Other Code,condition_description,T81.89XA,"Other complications of procedures, not elsewhere classified, initial encounter",http://hl7.org/fhir/sid/icd-10-cm,
S82.202A,S82.202A,condition,Other Code,condition_description,S82.202A,"Unspecified fracture of shaft of left tibia, initial encounter for closed fracture",http://hl7.org/fhir/sid/icd-10-cm,
M20.62,M20.62,condition,Other Code,condition_description,M20.62,"Acquired deformities of toe(s), unspecified, left foot",http://hl7.org/fhir/sid/icd-10-cm,
Z96.7,Z96.7,condition,Other Code,condition_description,Z96.7,Presence of other bone and tendon implants,http://hl7.org/fhir/sid/icd-10-cm,
S92.352D,S92.352D,condition,Other Code,condition_description,S92.352D,"Displaced fracture of fifth metatarsal bone, left foot, subsequent encounter for fracture with routine healing",http://hl7.org/fhir/sid/icd-10-cm,
S92.352A,S92.352A,condition,Other Code,condition_description,S92.352A,"Displaced fracture of fifth metatarsal bone, left foot, initial encounter for closed fracture",http://hl7.org/fhir/sid/icd-10-cm,
V05.3,V05.3,condition,Other Code,condition_description,V05.3,Need for prophylactic vaccination and inoculation against viral hepatitis,http://hl7.org/fhir/sid/icd-9-cm,
478.0,478.0,condition,Other Code,condition_description,478.0,Hypertrophy of nasal turbinates,http://hl7.org/fhir/sid/icd-9-cm,
372.14,372.14,condition,Other Code,condition_description,372.14,Other chronic allergic conjunctivitis,http://hl7.org/fhir/sid/icd-9-cm,
470,470,condition,Other Code,condition_description,470,Deviated nasal septum,http://hl7.org/fhir/sid/icd-9-cm,
477.0,477.0,condition,Other Code,condition_description,477.0,Allergic rhinitis due to pollen,http://hl7.org/fhir/sid/icd-9-cm,
706.8,706.8,condition,Other Code,condition_description,706.8,Other specified diseases of sebaceous glands,http://hl7.org/fhir/sid/icd-9-cm,
M54.40,M54.40,condition,Other Code,condition_description,M54.40,"Lumbago with sciatica, unspecified side",http://hl7.org/fhir/sid/icd-10-cm,
R76.0,R76.0,condition,Other Code,condition_description,R76.0,Raised antibody titer,http://hl7.org/fhir/sid/icd-10-cm,
M51.37,M51.37,condition,Other Code,condition_description,M51.37,"Other intervertebral disc degeneration, lumbosacral region",http://hl7.org/fhir/sid/icd-10-cm,
M54.16,M54.16,condition,Other Code,condition_description,M54.16,"Radiculopathy, lumbar region",http://hl7.org/fhir/sid/icd-10-cm,
M47.819,M47.819,condition,Other Code,condition_description,M47.819,"Spondylosis without myelopathy or radiculopathy, site unspecified",http://hl7.org/fhir/sid/icd-10-cm,
M46.90,M46.90,condition,Other Code,condition_description,M46.90,"Unspecified inflammatory spondylopathy, site unspecified",http://hl7.org/fhir/sid/icd-10-cm,
I73.00,I73.00,condition,Other Code,condition_description,I73.00,Raynaud's syndrome without gangrene,http://hl7.org/fhir/sid/icd-10-cm,
709.2,709.2,condition,Other Code,condition_description,709.2,Scar conditions and fibrosis of skin,http://hl7.org/fhir/sid/icd-9-cm,
110.4,110.4,condition,Other Code,condition_description,110.4,Dermatophytosis of foot,http://hl7.org/fhir/sid/icd-9-cm,
703.8,703.8,condition,Other Code,condition_description,703.8,Other specified diseases of nail,http://hl7.org/fhir/sid/icd-9-cm,
110.3,110.3,condition,Other Code,condition_description,110.3,Dermatophytosis of groin and perianal area,http://hl7.org/fhir/sid/icd-9-cm,
701.2,701.2,condition,Other Code,condition_description,701.2,Acquired acanthosis nigricans,http://hl7.org/fhir/sid/icd-9-cm,
E11.36,E11.36,condition,Other Code,condition_description,E11.36,Type 2 diabetes mellitus with diabetic cataract,http://hl7.org/fhir/sid/icd-10-cm,
Z87.738,Z87.738,condition,Other Code,condition_description,Z87.738,Personal history of other specified (corrected) congenital malformations of digestive system,http://hl7.org/fhir/sid/icd-10-cm,
Q43.1,Q43.1,condition,Other Code,condition_description,Q43.1,Hirschsprung's disease,http://hl7.org/fhir/sid/icd-10-cm,
E78.00,E78.00,condition,Other Code,condition_description,E78.00,"Pure hypercholesterolemia, unspecified",http://hl7.org/fhir/sid/icd-10-cm,
E78.01,E78.01,condition,Other Code,condition_description,E78.01,Familial hypercholesterolemia,http://hl7.org/fhir/sid/icd-10-cm,
E78.2,E78.2,condition,Other Code,condition_description,E78.2,Mixed hyperlipidemia,http://hl7.org/fhir/sid/icd-10-cm,
R40.4,R40.4,condition,Other Code,condition_description,R40.4,Transient alteration of awareness,http://hl7.org/fhir/sid/icd-10-cm,
H01.004,H01.004,condition,Other Code,condition_description,H01.004,Unspecified blepharitis left upper eyelid,http://hl7.org/fhir/sid/icd-10-cm,
H01.001,H01.001,condition,Other Code,condition_description,H01.001,Unspecified blepharitis right upper eyelid,http://hl7.org/fhir/sid/icd-10-cm,
T43.595A,T43.595A,condition,Other Code,condition_description,T43.595A,"Adverse effect of other antipsychotics and neuroleptics, initial encounter",http://hl7.org/fhir/sid/icd-10-cm,
312.9,312.9,condition,Other Code,condition_description,312.9,Unspecified disturbance of conduct,http://hl7.org/fhir/sid/icd-9-cm,
788.41,788.41,condition,Other Code,condition_description,788.41,Urinary frequency,http://hl7.org/fhir/sid/icd-9-cm,
F06.1,F06.1,condition,Other Code,condition_description,F06.1,Catatonic disorder due to known physiological condition,http://hl7.org/fhir/sid/icd-10-cm,
681.11,681.11,condition,Other Code,condition_description,681.11,Onychia and paronychia of toe,http://hl7.org/fhir/sid/icd-9-cm,
382.4,382.4,condition,Other Code,condition_description,382.4,Unspecified suppurative otitis media,http://hl7.org/fhir/sid/icd-9-cm,
388.70,388.70,condition,Other Code,condition_description,388.70,"Otalgia, unspecified",http://hl7.org/fhir/sid/icd-9-cm,
380.50,380.50,condition,Other Code,condition_description,380.50,"Acquired stenosis of external ear canal, unspecified as to cause",http://hl7.org/fhir/sid/icd-9-cm,
H69.82,H69.82,condition,Other Code,condition_description,H69.82,"Other specified disorders of Eustachian tube, left ear",http://hl7.org/fhir/sid/icd-10-cm,
578.1,578.1,condition,Other Code,condition_description,578.1,Blood in stool,http://hl7.org/fhir/sid/icd-9-cm,
799.59,799.59,condition,Other Code,condition_description,799.59,Other signs and symptoms involving cognition,http://hl7.org/fhir/sid/icd-9-cm,
294.9,294.9,condition,Other Code,condition_description,294.9,Unspecified persistent mental disorders due to conditions classified elsewhere,http://hl7.org/fhir/sid/icd-9-cm,
319,319,condition,Other Code,condition_description,319,Unspecified intellectual disabilities,http://hl7.org/fhir/sid/icd-9-cm,
I50.810,I50.810,condition,Other Code,condition_description,I50.810,"Right heart failure, unspecified",http://hl7.org/fhir/sid/icd-10-cm,
H66.002,H66.002,condition,Other Code,condition_description,H66.002,"Acute suppurative otitis media without spontaneous rupture of ear drum, left ear",http://hl7.org/fhir/sid/icd-10-cm,
H60.513,H60.513,condition,Other Code,condition_description,H60.513,"Acute actinic otitis externa, bilateral",http://hl7.org/fhir/sid/icd-10-cm,
H66.006,H66.006,condition,Other Code,condition_description,H66.006,"Acute suppurative otitis media without spontaneous rupture of ear drum, recurrent, bilateral",http://hl7.org/fhir/sid/icd-10-cm,
E22.1,E22.1,condition,Other Code,condition_description,E22.1,Hyperprolactinemia,http://hl7.org/fhir/sid/icd-10-cm,
E88.81,E88.81,condition,Other Code,condition_description,E88.81,Metabolic syndrome and other insulin resistance,http://hl7.org/fhir/sid/icd-10-cm,
D17.22,D17.22,condition,Other Code,condition_description,D17.22,Benign lipomatous neoplasm of skin and subcutaneous tissue of left arm,http://hl7.org/fhir/sid/icd-10-cm,
R63.2,R63.2,condition,Other Code,condition_description,R63.2,Polyphagia,http://hl7.org/fhir/sid/icd-10-cm,
H60.501,H60.501,condition,Other Code,condition_description,H60.501,"Unspecified acute noninfective otitis externa, right ear",http://hl7.org/fhir/sid/icd-10-cm,
H60.91,H60.91,condition,Other Code,condition_description,H60.91,"Unspecified otitis externa, right ear",http://hl7.org/fhir/sid/icd-10-cm,
H66.001,H66.001,condition,Other Code,condition_description,H66.001,"Acute suppurative otitis media without spontaneous rupture of ear drum, right ear",http://hl7.org/fhir/sid/icd-10-cm,
C92.01,C92.01,condition,Other Code,condition_description,C92.01,"Acute myeloblastic leukemia, in remission",http://hl7.org/fhir/sid/icd-10-cm,
R13.19,R13.19,condition,Other Code,condition_description,R13.19,Other dysphagia,http://hl7.org/fhir/sid/icd-10-cm,
Z87.09,Z87.09,condition,Other Code,condition_description,Z87.09,Personal history of other diseases of the respiratory system,http://hl7.org/fhir/sid/icd-10-cm,
N31.9,N31.9,condition,Other Code,condition_description,N31.9,"Neuromuscular dysfunction of bladder, unspecified",http://hl7.org/fhir/sid/icd-10-cm,
E03.1,E03.1,condition,Other Code,condition_description,E03.1,Congenital hypothyroidism without goiter,http://hl7.org/fhir/sid/icd-10-cm,
Q31.5,Q31.5,condition,Other Code,condition_description,Q31.5,Congenital laryngomalacia,http://hl7.org/fhir/sid/icd-10-cm,
Z93.1,Z93.1,condition,Other Code,condition_description,Z93.1,Gastrostomy status,http://hl7.org/fhir/sid/icd-10-cm,
R82.998,R82.998,condition,Other Code,condition_description,R82.998,Other abnormal findings in urine,http://hl7.org/fhir/sid/icd-10-cm,
N20.0,N20.0,condition,Other Code,condition_description,N20.0,Calculus of kidney,http://hl7.org/fhir/sid/icd-10-cm,
H90.0,H90.0,condition,Other Code,condition_description,H90.0,"Conductive hearing loss, bilateral",http://hl7.org/fhir/sid/icd-10-cm,
T17.908D,T17.908D,condition,Other Code,condition_description,T17.908D,"Unspecified foreign body in respiratory tract, part unspecified causing other injury, subsequent encounter",http://hl7.org/fhir/sid/icd-10-cm,
R47.02,R47.02,condition,Other Code,condition_description,R47.02,Dysphasia,http://hl7.org/fhir/sid/icd-10-cm,
H66.13,H66.13,condition,Other Code,condition_description,H66.13,"Chronic tubotympanic suppurative otitis media, bilateral",http://hl7.org/fhir/sid/icd-10-cm,
R49.0,R49.0,condition,Other Code,condition_description,R49.0,Dysphonia,http://hl7.org/fhir/sid/icd-10-cm,
M25.571,M25.571,condition,Other Code,condition_description,M25.571,Pain in right ankle and joints of right foot,http://hl7.org/fhir/sid/icd-10-cm,
G47.10,G47.10,condition,Other Code,condition_description,G47.10,"Hypersomnia, unspecified",http://hl7.org/fhir/sid/icd-10-cm,
R06.81,R06.81,condition,Other Code,condition_description,R06.81,"Apnea, not elsewhere classified",http://hl7.org/fhir/sid/icd-10-cm,
L02.31,L02.31,condition,Other Code,condition_description,L02.31,Cutaneous abscess of buttock,http://hl7.org/fhir/sid/icd-10-cm,
R46.81,R46.81,condition,Other Code,condition_description,R46.81,Obsessive-compulsive behavior,http://hl7.org/fhir/sid/icd-10-cm,
F43.29,F43.29,condition,Other Code,condition_description,F43.29,Adjustment disorder with other symptoms,http://hl7.org/fhir/sid/icd-10-cm,
L21.9,L21.9,condition,Other Code,condition_description,L21.9,"Seborrheic dermatitis, unspecified",http://hl7.org/fhir/sid/icd-10-cm,
Z90.89,Z90.89,condition,Other Code,condition_description,Z90.89,Acquired absence of other organs,http://hl7.org/fhir/sid/icd-10-cm,
I83.93,I83.93,condition,Other Code,condition_description,I83.93,Asymptomatic varicose veins of bilateral lower extremities,http://hl7.org/fhir/sid/icd-10-cm,
Q24.4,Q24.4,condition,Other Code,condition_description,Q24.4,Congenital subaortic stenosis,http://hl7.org/fhir/sid/icd-10-cm,
Z98.1,Z98.1,condition,Other Code,condition_description,Z98.1,Arthrodesis status,http://hl7.org/fhir/sid/icd-10-cm,
I45.2,I45.2,condition,Other Code,condition_description,I45.2,Bifascicular block,http://hl7.org/fhir/sid/icd-10-cm,
I45.10,I45.10,condition,Other Code,condition_description,I45.10,Unspecified right bundle-branch block,http://hl7.org/fhir/sid/icd-10-cm,
D50.0,D50.0,condition,Other Code,condition_description,D50.0,Iron deficiency anemia secondary to blood loss (chronic),http://hl7.org/fhir/sid/icd-10-cm,
Z68.29,Z68.29,condition,Other Code,condition_description,Z68.29,"Body mass index [BMI] 29.0-29.9, adult",http://hl7.org/fhir/sid/icd-10-cm,
Z30.430,Z30.430,condition,Other Code,condition_description,Z30.430,Encounter for insertion of intrauterine contraceptive device,http://hl7.org/fhir/sid/icd-10-cm,
J81.0,J81.0,condition,Other Code,condition_description,J81.0,Acute pulmonary edema,http://hl7.org/fhir/sid/icd-10-cm,
T83.32XA,T83.32XA,condition,Other Code,condition_description,T83.32XA,"Displacement of intrauterine contraceptive device, initial encounter",http://hl7.org/fhir/sid/icd-10-cm,
I51.1,I51.1,condition,Other Code,condition_description,I51.1,"Rupture of chordae tendineae, not elsewhere classified",http://hl7.org/fhir/sid/icd-10-cm,
Z97.5,Z97.5,condition,Other Code,condition_description,Z97.5,Presence of (intrauterine) contraceptive device,http://hl7.org/fhir/sid/icd-10-cm,
I50.21,I50.21,condition,Other Code,condition_description,I50.21,Acute systolic (congestive) heart failure,http://hl7.org/fhir/sid/icd-10-cm,
I50.32,I50.32,condition,Other Code,condition_description,I50.32,Chronic diastolic (congestive) heart failure,http://hl7.org/fhir/sid/icd-10-cm,
N92.0,N92.0,condition,Other Code,condition_description,N92.0,Excessive and frequent menstruation with regular cycle,http://hl7.org/fhir/sid/icd-10-cm,
M1A.09X0,M1A.09X0,condition,Other Code,condition_description,M1A.09X0,"Idiopathic chronic gout, multiple sites, without tophus (tophi)",http://hl7.org/fhir/sid/icd-10-cm,
F02.81,F02.81,condition,Other Code,condition_description,F02.81,"Dementia in other diseases classified elsewhere, unspecified severity, with behavioral disturbance",http://hl7.org/fhir/sid/icd-10-cm,
Z92.89,Z92.89,condition,Other Code,condition_description,Z92.89,Personal history of other medical treatment,http://hl7.org/fhir/sid/icd-10-cm,
F02.818,F02.818,condition,Other Code,condition_description,F02.818,"Dementia in other diseases classified elsewhere, unspecified severity, with other behavioral disturbance",http://hl7.org/fhir/sid/icd-10-cm,
F02.C18,F02.C18,condition,Other Code,condition_description,F02.C18,"Dementia in other diseases classified elsewhere, severe, with other behavioral disturbance",http://hl7.org/fhir/sid/icd-10-cm,
D23.10,D23.10,condition,Other Code,condition_description,D23.10,"Other benign neoplasm of skin of unspecified eyelid, including canthus",http://hl7.org/fhir/sid/icd-10-cm,
T78.40XD,T78.40XD,condition,Other Code,condition_description,T78.40XD,"Allergy, unspecified, subsequent encounter",http://hl7.org/fhir/sid/icd-10-cm,
478.1,478.1,condition,Other Code,condition_description,478.1,Other diseases of nasal cavity and sinuses,http://hl7.org/fhir/sid/icd-9-cm,
259.1,259.1,condition,Other Code,condition_description,259.1,"Precocious sexual development and puberty, not elsewhere classified",http://hl7.org/fhir/sid/icd-9-cm,
296.80,296.80,condition,Other Code,condition_description,296.80,"Bipolar disorder, unspecified",http://hl7.org/fhir/sid/icd-9-cm,
429.9,429.9,condition,Other Code,condition_description,429.9,"Heart disease, unspecified",http://hl7.org/fhir/sid/icd-9-cm,
794.5,794.5,condition,Other Code,condition_description,794.5,Nonspecific abnormal results of function study of thyroid,http://hl7.org/fhir/sid/icd-9-cm,
714.0,714.0,condition,Other Code,condition_description,714.0,Rheumatoid arthritis,http://hl7.org/fhir/sid/icd-9-cm,
733.99,733.99,condition,Other Code,condition_description,733.99,Other disorders of bone and cartilage,http://hl7.org/fhir/sid/icd-9-cm,
516.34,516.34,condition,Other Code,condition_description,516.34,Respiratory bronchiolitis interstitial lung disease,http://hl7.org/fhir/sid/icd-9-cm,
253.3,253.3,condition,Other Code,condition_description,253.3,Pituitary dwarfism,http://hl7.org/fhir/sid/icd-9-cm,
E23.0,E23.0,condition,Other Code,condition_description,E23.0,Hypopituitarism,http://hl7.org/fhir/sid/icd-10-cm,
G47.09,G47.09,condition,Other Code,condition_description,G47.09,Other insomnia,http://hl7.org/fhir/sid/icd-10-cm,
R11.11,R11.11,condition,Other Code,condition_description,R11.11,Vomiting without nausea,http://hl7.org/fhir/sid/icd-10-cm,
L30.9,L30.9,condition,Other Code,condition_description,L30.9,"Dermatitis, unspecified",http://hl7.org/fhir/sid/icd-10-cm,
L40.8,L40.8,condition,Other Code,condition_description,L40.8,Other psoriasis,http://hl7.org/fhir/sid/icd-10-cm,
Z13.9,Z13.9,condition,Other Code,condition_description,Z13.9,"Encounter for screening, unspecified",http://hl7.org/fhir/sid/icd-10-cm,
L40.0,L40.0,condition,Other Code,condition_description,L40.0,Psoriasis vulgaris,http://hl7.org/fhir/sid/icd-10-cm,
316,316,condition,Other Code,condition_description,316,Psychic factors associated with diseases classified elsewhere,http://hl7.org/fhir/sid/icd-9-cm,
706.1,706.1,condition,Other Code,condition_description,706.1,Other acne,http://hl7.org/fhir/sid/icd-9-cm,
564.1,564.1,condition,Other Code,condition_description,564.1,Irritable bowel syndrome,http://hl7.org/fhir/sid/icd-9-cm,
788.63,788.63,condition,Other Code,condition_description,788.63,Urgency of urination,http://hl7.org/fhir/sid/icd-9-cm,
V72.6,V72.6,condition,Other Code,condition_description,V72.6,Laboratory examination,http://hl7.org/fhir/sid/icd-9-cm,
354.0,354.0,condition,Other Code,condition_description,354.0,Carpal tunnel syndrome,http://hl7.org/fhir/sid/icd-9-cm,
354.2,354.2,condition,Other Code,condition_description,354.2,Lesion of ulnar nerve,http://hl7.org/fhir/sid/icd-9-cm,
656.63,656.63,condition,Other Code,condition_description,656.63,"Excessive fetal growth, affecting management of mother, antepartum condition or complication",http://hl7.org/fhir/sid/icd-9-cm,
648.03,648.03,condition,Other Code,condition_description,648.03,"Diabetes mellitus of mother, complicating pregnancy, childbirth, or the puerperium, antepartum condition or complication",http://hl7.org/fhir/sid/icd-9-cm,
333.84,333.84,condition,Other Code,condition_description,333.84,Organic writers' cramp,http://hl7.org/fhir/sid/icd-9-cm,
719.40,719.40,condition,Other Code,condition_description,719.40,"Pain in joint, site unspecified",http://hl7.org/fhir/sid/icd-9-cm,
373.9,373.9,condition,Other Code,condition_description,373.9,Unspecified inflammation of eyelid,http://hl7.org/fhir/sid/icd-9-cm,
795.79,795.79,condition,Other Code,condition_description,795.79,Other and unspecified nonspecific immunological findings,http://hl7.org/fhir/sid/icd-9-cm,
727.81,727.81,condition,Other Code,condition_description,727.81,Contracture of tendon (sheath),http://hl7.org/fhir/sid/icd-9-cm,
434.91,434.91,condition,Other Code,condition_description,434.91,"Cerebral artery occlusion, unspecified with cerebral infarction",http://hl7.org/fhir/sid/icd-9-cm,
844.8,844.8,condition,Other Code,condition_description,844.8,Sprains and strains of other specified sites of knee and leg,http://hl7.org/fhir/sid/icd-9-cm,
V67.00,V67.00,condition,Other Code,condition_description,V67.00,"Follow-up examination, following surgery, unspecified",http://hl7.org/fhir/sid/icd-9-cm,
796.2,796.2,condition,Other Code,condition_description,796.2,Elevated blood pressure reading without diagnosis of hypertension,http://hl7.org/fhir/sid/icd-9-cm,
V46.8,V46.8,condition,Other Code,condition_description,V46.8,Dependence on other enabling machines,http://hl7.org/fhir/sid/icd-9-cm,
611.71,611.71,condition,Other Code,condition_description,611.71,Mastodynia,http://hl7.org/fhir/sid/icd-9-cm,
112.0,112.0,condition,Other Code,condition_description,112.0,Candidiasis of mouth,http://hl7.org/fhir/sid/icd-9-cm,
V85.51,V85.51,condition,Other Code,condition_description,V85.51,"Body Mass Index, pediatric, less than 5th percentile for age",http://hl7.org/fhir/sid/icd-9-cm,
300.02,300.02,condition,Other Code,condition_description,300.02,Generalized anxiety disorder,http://hl7.org/fhir/sid/icd-9-cm,
374.89,374.89,condition,Other Code,condition_description,374.89,Other disorders of eyelid,http://hl7.org/fhir/sid/icd-9-cm,
373.2,373.2,condition,Other Code,condition_description,373.2,Chalazion,http://hl7.org/fhir/sid/icd-9-cm,
296.32,296.32,condition,Other Code,condition_description,296.32,"Major depressive affective disorder, recurrent episode, moderate",http://hl7.org/fhir/sid/icd-9-cm,
780.8,780.8,condition,Other Code,condition_description,780.8,Generalized hyperhidrosis,http://hl7.org/fhir/sid/icd-9-cm,
N50.89,N50.89,condition,Other Code,condition_description,N50.89,Other specified disorders of the male genital organs,http://hl7.org/fhir/sid/icd-10-cm,
E89.40,E89.40,condition,Other Code,condition_description,E89.40,Asymptomatic postprocedural ovarian failure,http://hl7.org/fhir/sid/icd-10-cm,
Z92.21,Z92.21,condition,Other Code,condition_description,Z92.21,Personal history of antineoplastic chemotherapy,http://hl7.org/fhir/sid/icd-10-cm,
Z85.6,Z85.6,condition,Other Code,condition_description,Z85.6,Personal history of leukemia,http://hl7.org/fhir/sid/icd-10-cm,
Z91.89,Z91.89,condition,Other Code,condition_description,Z91.89,"Other specified personal risk factors, not elsewhere classified",http://hl7.org/fhir/sid/icd-10-cm,
Z01.10,Z01.10,condition,Other Code,condition_description,Z01.10,Encounter for examination of ears and hearing without abnormal findings,http://hl7.org/fhir/sid/icd-10-cm,
C91.00,C91.00,condition,Other Code,condition_description,C91.00,Acute lymphoblastic leukemia not having achieved remission,http://hl7.org/fhir/sid/icd-10-cm,
H72.90,H72.90,condition,Other Code,condition_description,H72.90,"Unspecified perforation of tympanic membrane, unspecified ear",http://hl7.org/fhir/sid/icd-10-cm,
L70.8,L70.8,condition,Other Code,condition_description,L70.8,Other acne,http://hl7.org/fhir/sid/icd-10-cm,
H31.002,H31.002,condition,Other Code,condition_description,H31.002,"Unspecified chorioretinal scars, left eye",http://hl7.org/fhir/sid/icd-10-cm,
Z12.4,Z12.4,condition,Other Code,condition_description,Z12.4,Encounter for screening for malignant neoplasm of cervix,http://hl7.org/fhir/sid/icd-10-cm,
E28.39,E28.39,condition,Other Code,condition_description,E28.39,Other primary ovarian failure,http://hl7.org/fhir/sid/icd-10-cm,
J30.1,J30.1,condition,Other Code,condition_description,J30.1,Allergic rhinitis due to pollen,http://hl7.org/fhir/sid/icd-10-cm,
C91.01,C91.01,condition,Other Code,condition_description,C91.01,"Acute lymphoblastic leukemia, in remission",http://hl7.org/fhir/sid/icd-10-cm,
L84,L84,condition,Other Code,condition_description,L84,Corns and callosities,http://hl7.org/fhir/sid/icd-10-cm,
Z71.85,Z71.85,condition,Other Code,condition_description,Z71.85,Encounter for immunization safety counseling,http://hl7.org/fhir/sid/icd-10-cm,
Z01.419,Z01.419,condition,Other Code,condition_description,Z01.419,Encounter for gynecological examination (general) (routine) without abnormal findings,http://hl7.org/fhir/sid/icd-10-cm,
Z12.83,Z12.83,condition,Other Code,condition_description,Z12.83,Encounter for screening for malignant neoplasm of skin,http://hl7.org/fhir/sid/icd-10-cm,
M43.02,M43.02,condition,Other Code,condition_description,M43.02,"Spondylolysis, cervical region",http://hl7.org/fhir/sid/icd-10-cm,
L71.0,L71.0,condition,Other Code,condition_description,L71.0,Perioral dermatitis,http://hl7.org/fhir/sid/icd-10-cm,
M50.30,M50.30,condition,Other Code,condition_description,M50.30,"Other cervical disc degeneration, unspecified cervical region",http://hl7.org/fhir/sid/icd-10-cm,
M43.12,M43.12,condition,Other Code,condition_description,M43.12,"Spondylolisthesis, cervical region",http://hl7.org/fhir/sid/icd-10-cm,
M53.2X1,M53.2X1,condition,Other Code,condition_description,M53.2X1,"Spinal instabilities, occipito-atlanto-axial region",http://hl7.org/fhir/sid/icd-10-cm,
M85.9,M85.9,condition,Other Code,condition_description,M85.9,"Disorder of bone density and structure, unspecified",http://hl7.org/fhir/sid/icd-10-cm,
N89.6,N89.6,condition,Other Code,condition_description,N89.6,Tight hymenal ring,http://hl7.org/fhir/sid/icd-10-cm,
245.2,245.2,condition,Other Code,condition_description,245.2,Chronic lymphocytic thyroiditis,http://hl7.org/fhir/sid/icd-9-cm,
H50.43,H50.43,condition,Other Code,condition_description,H50.43,Accommodative component in esotropia,http://hl7.org/fhir/sid/icd-10-cm,
F32.4,F32.4,condition,Other Code,condition_description,F32.4,"Major depressive disorder, single episode, in partial remission",http://hl7.org/fhir/sid/icd-10-cm,
758,758,condition,Other Code,condition_description,758,Chromosomal anomalies,http://hl7.org/fhir/sid/icd-9-cm,
782,782,condition,Other Code,condition_description,782,Symptoms involving skin and other integumentary tissue,http://hl7.org/fhir/sid/icd-9-cm,
727.1,727.1,condition,Other Code,condition_description,727.1,Bunion,http://hl7.org/fhir/sid/icd-9-cm,
847,847,condition,Other Code,condition_description,847,Sprains and strains of other and unspecified parts of back,http://hl7.org/fhir/sid/icd-9-cm,
746.89,746.89,condition,Other Code,condition_description,746.89,Other specified congenital anomalies of heart,http://hl7.org/fhir/sid/icd-9-cm,
719.41,719.41,condition,Other Code,condition_description,719.41,"Pain in joint, shoulder region",http://hl7.org/fhir/sid/icd-9-cm,
780.54,780.54,condition,Other Code,condition_description,780.54,"Hypersomnia, unspecified",http://hl7.org/fhir/sid/icd-9-cm,
327.15,327.15,condition,Other Code,condition_description,327.15,Hypersomnia due to mental disorder,http://hl7.org/fhir/sid/icd-9-cm,
V03.82,V03.82,condition,Other Code,condition_description,V03.82,Other specified vaccinations against streptococcus pneumoniae [pneumococcus],http://hl7.org/fhir/sid/icd-9-cm,
288,288,condition,Other Code,condition_description,288,Diseases of white blood cells,http://hl7.org/fhir/sid/icd-9-cm,
V25.02,V25.02,condition,Other Code,condition_description,V25.02,General counseling on initiation of other contraceptive measures,http://hl7.org/fhir/sid/icd-9-cm,
626,626,condition,Other Code,condition_description,626,Disorders of menstruation and other abnormal bleeding from female genital tract,http://hl7.org/fhir/sid/icd-9-cm,
789,789,condition,Other Code,condition_description,789,Other symptoms involving abdomen and pelvis,http://hl7.org/fhir/sid/icd-9-cm,
E980.4,E980.4,condition,Other Code,condition_description,E980.4,"Poisoning by other specified drugs and medicinal substances, undetermined whether accidentally or purposely inflicted",http://hl7.org/fhir/sid/icd-9-cm,
795.51,795.51,condition,Other Code,condition_description,795.51,Nonspecific reaction to tuberculin skin test without active tuberculosis,http://hl7.org/fhir/sid/icd-9-cm,
V13.89,V13.89,condition,Other Code,condition_description,V13.89,Personal history of other specified diseases,http://hl7.org/fhir/sid/icd-9-cm,
727.05,727.05,condition,Other Code,condition_description,727.05,Other tenosynovitis of hand and wrist,http://hl7.org/fhir/sid/icd-9-cm,
625.3,625.3,condition,Other Code,condition_description,625.3,Dysmenorrhea,http://hl7.org/fhir/sid/icd-9-cm,
V72.31,V72.31,condition,Other Code,condition_description,V72.31,Routine gynecological examination,http://hl7.org/fhir/sid/icd-9-cm,
790.09,790.09,condition,Other Code,condition_description,790.09,Other abnormality of red blood cells,http://hl7.org/fhir/sid/icd-9-cm,
V13.29,V13.29,condition,Other Code,condition_description,V13.29,Personal history of other genital system and obstetric disorders,http://hl7.org/fhir/sid/icd-9-cm,
288.5,288.5,condition,Other Code,condition_description,288.5,Decreased white blood cell count,http://hl7.org/fhir/sid/icd-9-cm,
N13.30,N13.30,condition,Other Code,condition_description,N13.30,Unspecified hydronephrosis,http://hl7.org/fhir/sid/icd-10-cm,
R91.8,R91.8,condition,Other Code,condition_description,R91.8,Other nonspecific abnormal finding of lung field,http://hl7.org/fhir/sid/icd-10-cm,
R07.9,R07.9,condition,Other Code,condition_description,R07.9,"Chest pain, unspecified",http://hl7.org/fhir/sid/icd-10-cm,
J98.59,J98.59,condition,Other Code,condition_description,J98.59,"Other diseases of mediastinum, not elsewhere classified",http://hl7.org/fhir/sid/icd-10-cm,
I95.0,I95.0,condition,Other Code,condition_description,I95.0,Idiopathic hypotension,http://hl7.org/fhir/sid/icd-10-cm,
D72.819,D72.819,condition,Other Code,condition_description,D72.819,"Decreased white blood cell count, unspecified",http://hl7.org/fhir/sid/icd-10-cm,
R63.5,R63.5,condition,Other Code,condition_description,R63.5,Abnormal weight gain,http://hl7.org/fhir/sid/icd-10-cm,
M22.2X1,M22.2X1,condition,Other Code,condition_description,M22.2X1,"Patellofemoral disorders, right knee",http://hl7.org/fhir/sid/icd-10-cm,
Q25.45,Q25.45,condition,Other Code,condition_description,Q25.45,Double aortic arch,http://hl7.org/fhir/sid/icd-10-cm,
M76.891,M76.891,condition,Other Code,condition_description,M76.891,"Other specified enthesopathies of right lower limb, excluding foot",http://hl7.org/fhir/sid/icd-10-cm,
Z87.42,Z87.42,condition,Other Code,condition_description,Z87.42,Personal history of other diseases of the female genital tract,http://hl7.org/fhir/sid/icd-10-cm,
N64.89,N64.89,condition,Other Code,condition_description,N64.89,Other specified disorders of breast,http://hl7.org/fhir/sid/icd-10-cm,
N63.20,N63.20,condition,Other Code,condition_description,N63.20,"Unspecified lump in the left breast, unspecified quadrant",http://hl7.org/fhir/sid/icd-10-cm,
R92.2,R92.2,condition,Other Code,condition_description,R92.2,Inconclusive mammogram,http://hl7.org/fhir/sid/icd-10-cm,
N60.32,N60.32,condition,Other Code,condition_description,N60.32,Fibrosclerosis of left breast,http://hl7.org/fhir/sid/icd-10-cm,
N63.0,N63.0,condition,Other Code,condition_description,N63.0,Unspecified lump in unspecified breast,http://hl7.org/fhir/sid/icd-10-cm,
N61.0,N61.0,condition,Other Code,condition_description,N61.0,Mastitis without abscess,http://hl7.org/fhir/sid/icd-10-cm,
N63.25,N63.25,condition,Other Code,condition_description,N63.25,"Unspecified lump in the left breast, overlapping quadrants",http://hl7.org/fhir/sid/icd-10-cm,
I80.01,I80.01,condition,Other Code,condition_description,I80.01,Phlebitis and thrombophlebitis of superficial vessels of right lower extremity,http://hl7.org/fhir/sid/icd-10-cm,
Z78.0,Z78.0,condition,Other Code,condition_description,Z78.0,Asymptomatic menopausal state,http://hl7.org/fhir/sid/icd-10-cm,
M79.661,M79.661,condition,Other Code,condition_description,M79.661,Pain in right lower leg,http://hl7.org/fhir/sid/icd-10-cm,
N91.2,N91.2,condition,Other Code,condition_description,N91.2,"Amenorrhea, unspecified",http://hl7.org/fhir/sid/icd-10-cm,
D68.59,D68.59,condition,Other Code,condition_description,D68.59,Other primary thrombophilia,http://hl7.org/fhir/sid/icd-10-cm,
241,241,condition,Other Code,condition_description,241,Nontoxic nodular goiter,http://hl7.org/fhir/sid/icd-9-cm,
787.2,787.2,condition,Other Code,condition_description,787.2,Dysphagia,http://hl7.org/fhir/sid/icd-9-cm,
780.5,780.5,condition,Other Code,condition_description,780.5,Sleep disturbances,http://hl7.org/fhir/sid/icd-9-cm,
847.9,847.9,condition,Other Code,condition_description,847.9,Sprain of unspecified site of back,http://hl7.org/fhir/sid/icd-9-cm,
V12.3,V12.3,condition,Other Code,condition_description,V12.3,Personal history of diseases of blood and blood-forming organs,http://hl7.org/fhir/sid/icd-9-cm,
389.1,389.1,condition,Other Code,condition_description,389.1,Sensorineural hearing loss,http://hl7.org/fhir/sid/icd-9-cm,
M50.91,M50.91,condition,Other Code,condition_description,M50.91,"Cervical disc disorder, unspecified, high cervical region",http://hl7.org/fhir/sid/icd-10-cm,
M46.92,M46.92,condition,Other Code,condition_description,M46.92,"Unspecified inflammatory spondylopathy, cervical region",http://hl7.org/fhir/sid/icd-10-cm,
E06.9,E06.9,condition,Other Code,condition_description,E06.9,"Thyroiditis, unspecified",http://hl7.org/fhir/sid/icd-10-cm,
L03.012,L03.012,condition,Other Code,condition_description,L03.012,Cellulitis of left finger,http://hl7.org/fhir/sid/icd-10-cm,
R10.11,R10.11,condition,Other Code,condition_description,R10.11,Right upper quadrant pain,http://hl7.org/fhir/sid/icd-10-cm,
L60.0,L60.0,condition,Other Code,condition_description,L60.0,Ingrowing nail,http://hl7.org/fhir/sid/icd-10-cm,
S63.91XA,S63.91XA,condition,Other Code,condition_description,S63.91XA,"Sprain of unspecified part of right wrist and hand, initial encounter",http://hl7.org/fhir/sid/icd-10-cm,
L60.3,L60.3,condition,Other Code,condition_description,L60.3,Nail dystrophy,http://hl7.org/fhir/sid/icd-10-cm,
X58.XXXA,X58.XXXA,condition,Other Code,condition_description,X58.XXXA,"Exposure to other specified factors, initial encounter",http://hl7.org/fhir/sid/icd-10-cm,
L73.8,L73.8,condition,Other Code,condition_description,L73.8,Other specified follicular disorders,http://hl7.org/fhir/sid/icd-10-cm,
L85.8,L85.8,condition,Other Code,condition_description,L85.8,Other specified epidermal thickening,http://hl7.org/fhir/sid/icd-10-cm,
Y99.9,Y99.9,condition,Other Code,condition_description,Y99.9,Unspecified external cause status,http://hl7.org/fhir/sid/icd-10-cm,
Y92.9,Y92.9,condition,Other Code,condition_description,Y92.9,Unspecified place or not applicable,http://hl7.org/fhir/sid/icd-10-cm,
L24.9,L24.9,condition,Other Code,condition_description,L24.9,"Irritant contact dermatitis, unspecified cause",http://hl7.org/fhir/sid/icd-10-cm,
Y93.9,Y93.9,condition,Other Code,condition_description,Y93.9,"Activity, unspecified",http://hl7.org/fhir/sid/icd-10-cm,
788.3,788.3,condition,Other Code,condition_description,788.3,Urinary incontinence,http://hl7.org/fhir/sid/icd-9-cm,
242,242,condition,Other Code,condition_description,242,Thyrotoxicosis with or without goiter,http://hl7.org/fhir/sid/icd-9-cm,
278,278,condition,Other Code,condition_description,278,"Overweight, obesity and other hyperalimentation",http://hl7.org/fhir/sid/icd-9-cm,
V18.0,V18.0,condition,Other Code,condition_description,V18.0,Family history of diabetes mellitus,http://hl7.org/fhir/sid/icd-9-cm,
299,299,condition,Other Code,condition_description,299,Pervasive developmental disorders,http://hl7.org/fhir/sid/icd-9-cm,
522.5,522.5,condition,Other Code,condition_description,522.5,Periapical abscess without sinus,http://hl7.org/fhir/sid/icd-9-cm,
350.1,350.1,condition,Other Code,condition_description,350.1,Trigeminal neuralgia,http://hl7.org/fhir/sid/icd-9-cm,
473,473,condition,Other Code,condition_description,473,Chronic sinusitis,http://hl7.org/fhir/sid/icd-9-cm,
266.2,266.2,condition,Other Code,condition_description,266.2,Other B-complex deficiencies,http://hl7.org/fhir/sid/icd-9-cm,
757.39,757.39,condition,Other Code,condition_description,757.39,Other specified anomalies of skin,http://hl7.org/fhir/sid/icd-9-cm,
490,490,condition,Other Code,condition_description,490,"Bronchitis, not specified as acute or chronic",http://hl7.org/fhir/sid/icd-9-cm,
R39.81,R39.81,condition,Other Code,condition_description,R39.81,Functional urinary incontinence,http://hl7.org/fhir/sid/icd-10-cm,
M35.7,M35.7,condition,Other Code,condition_description,M35.7,Hypermobility syndrome,http://hl7.org/fhir/sid/icd-10-cm,
M21.6X9,M21.6X9,condition,Other Code,condition_description,M21.6X9,Other acquired deformities of unspecified foot,http://hl7.org/fhir/sid/icd-10-cm,
V67.9,V67.9,condition,Other Code,condition_description,V67.9,Unspecified follow-up examination,http://hl7.org/fhir/sid/icd-9-cm,
250,250,condition,Other Code,condition_description,250,Diabetes mellitus,http://hl7.org/fhir/sid/icd-9-cm,
54.9,54.9,condition,Other Code,condition_description,54.9,Other operations of abdominal region,http://hl7.org/fhir/sid/icd-9-cm,
680.9,680.9,condition,Other Code,condition_description,680.9,Carbuncle and furuncle of unspecified site,http://hl7.org/fhir/sid/icd-9-cm,
256.4,256.4,condition,Other Code,condition_description,256.4,Polycystic ovaries,http://hl7.org/fhir/sid/icd-9-cm,
318,318,condition,Other Code,condition_description,318,Other specified intellectual disabilities,http://hl7.org/fhir/sid/icd-9-cm,
250.4,250.4,condition,Other Code,condition_description,250.4,Diabetes with renal manifestations,http://hl7.org/fhir/sid/icd-9-cm,
278.01,278.01,condition,Other Code,condition_description,278.01,Morbid obesity,http://hl7.org/fhir/sid/icd-9-cm,
V85.44,V85.44,condition,Other Code,condition_description,V85.44,"Body Mass Index 60.0-69.9, adult",http://hl7.org/fhir/sid/icd-9-cm,
Z68.44,Z68.44,condition,Other Code,condition_description,Z68.44,"Body mass index [BMI] 60.0-69.9, adult",http://hl7.org/fhir/sid/icd-10-cm,
F71,F71,condition,Other Code,condition_description,F71,Moderate intellectual disabilities,http://hl7.org/fhir/sid/icd-10-cm,
E11.65,E11.65,condition,Other Code,condition_description,E11.65,Type 2 diabetes mellitus with hyperglycemia,http://hl7.org/fhir/sid/icd-10-cm,
D72.829,D72.829,condition,Other Code,condition_description,D72.829,"Elevated white blood cell count, unspecified",http://hl7.org/fhir/sid/icd-10-cm,
786.52,786.52,condition,Other Code,condition_description,786.52,Painful respiration,http://hl7.org/fhir/sid/icd-9-cm,
L02.93,L02.93,condition,Other Code,condition_description,L02.93,"Carbuncle, unspecified",http://hl7.org/fhir/sid/icd-10-cm,
M77.9,M77.9,condition,Other Code,condition_description,M77.9,"Enthesopathy, unspecified",http://hl7.org/fhir/sid/icd-10-cm,
E11.42,E11.42,condition,Other Code,condition_description,E11.42,Type 2 diabetes mellitus with diabetic polyneuropathy,http://hl7.org/fhir/sid/icd-10-cm,
B34.8,B34.8,condition,Other Code,condition_description,B34.8,Other viral infections of unspecified site,http://hl7.org/fhir/sid/icd-10-cm,
A49.9,A49.9,condition,Other Code,condition_description,A49.9,"Bacterial infection, unspecified",http://hl7.org/fhir/sid/icd-10-cm,
H52.31,H52.31,condition,Other Code,condition_description,H52.31,Anisometropia,http://hl7.org/fhir/sid/icd-10-cm,
J69.0,J69.0,condition,Other Code,condition_description,J69.0,Pneumonitis due to inhalation of food and vomit,http://hl7.org/fhir/sid/icd-10-cm,
R80.9,R80.9,condition,Other Code,condition_description,R80.9,"Proteinuria, unspecified",http://hl7.org/fhir/sid/icd-10-cm,
E28.2,E28.2,condition,Other Code,condition_description,E28.2,Polycystic ovarian syndrome,http://hl7.org/fhir/sid/icd-10-cm,
E11.29,E11.29,condition,Other Code,condition_description,E11.29,Type 2 diabetes mellitus with other diabetic kidney complication,http://hl7.org/fhir/sid/icd-10-cm,
J45.901,J45.901,condition,Other Code,condition_description,J45.901,Unspecified asthma with (acute) exacerbation,http://hl7.org/fhir/sid/icd-10-cm,
R06.00,R06.00,condition,Other Code,condition_description,R06.00,"Dyspnea, unspecified",http://hl7.org/fhir/sid/icd-10-cm,
N94.9,N94.9,condition,Other Code,condition_description,N94.9,Unspecified condition associated with female genital organs and menstrual cycle,http://hl7.org/fhir/sid/icd-10-cm,
Z09,Z09,condition,Other Code,condition_description,Z09,Encounter for follow-up examination after completed treatment for conditions other than malignant neoplasm,http://hl7.org/fhir/sid/icd-10-cm,
E11.649,E11.649,condition,Other Code,condition_description,E11.649,Type 2 diabetes mellitus with hypoglycemia without coma,http://hl7.org/fhir/sid/icd-10-cm,
F17.200,F17.200,condition,Other Code,condition_description,F17.200,"Nicotine dependence, unspecified, uncomplicated",http://hl7.org/fhir/sid/icd-10-cm,
E66.2,E66.2,condition,Other Code,condition_description,E66.2,Morbid (severe) obesity with alveolar hypoventilation,http://hl7.org/fhir/sid/icd-10-cm,
R26.2,R26.2,condition,Other Code,condition_description,R26.2,"Difficulty in walking, not elsewhere classified",http://hl7.org/fhir/sid/icd-10-cm,
Z71.82,Z71.82,condition,Other Code,condition_description,Z71.82,Exercise counseling,http://hl7.org/fhir/sid/icd-10-cm,
Z71.3,Z71.3,condition,Other Code,condition_description,Z71.3,Dietary counseling and surveillance,http://hl7.org/fhir/sid/icd-10-cm,
H25.013,H25.013,condition,Other Code,condition_description,H25.013,"Cortical age-related cataract, bilateral",http://hl7.org/fhir/sid/icd-10-cm,
J36,J36,condition,Other Code,condition_description,J36,Peritonsillar abscess,http://hl7.org/fhir/sid/icd-10-cm,
E11.8,E11.8,condition,Other Code,condition_description,E11.8,Type 2 diabetes mellitus with unspecified complications,http://hl7.org/fhir/sid/icd-10-cm,
Y93.01,Y93.01,condition,Other Code,condition_description,Y93.01,"Activity, walking, marching and hiking",http://hl7.org/fhir/sid/icd-10-cm,
W01.0XXA,W01.0XXA,condition,Other Code,condition_description,W01.0XXA,"Fall on same level from slipping, tripping and stumbling without subsequent striking against object, initial encounter",http://hl7.org/fhir/sid/icd-10-cm,
Y92.512,Y92.512,condition,Other Code,condition_description,Y92.512,"Supermarket, store or market as the place of occurrence of the external cause",http://hl7.org/fhir/sid/icd-10-cm,
S70.01XA,S70.01XA,condition,Other Code,condition_description,S70.01XA,"Contusion of right hip, initial encounter",http://hl7.org/fhir/sid/icd-10-cm,
Z02.89,Z02.89,condition,Other Code,condition_description,Z02.89,Encounter for other administrative examinations,http://hl7.org/fhir/sid/icd-10-cm,
I26.94,I26.94,condition,Other Code,condition_description,I26.94,Multiple subsegmental thrombotic pulmonary emboli without acute cor pulmonale,http://hl7.org/fhir/sid/icd-10-cm,
E88.09,E88.09,condition,Other Code,condition_description,E88.09,"Other disorders of plasma-protein metabolism, not elsewhere classified",http://hl7.org/fhir/sid/icd-10-cm,
J12.82,J12.82,condition,Other Code,condition_description,J12.82,Pneumonia due to coronavirus disease 2019,http://hl7.org/fhir/sid/icd-10-cm,
E11.3393,E11.3393,condition,Other Code,condition_description,E11.3393,"Type 2 diabetes mellitus with moderate nonproliferative diabetic retinopathy without macular edema, bilateral",http://hl7.org/fhir/sid/icd-10-cm,
J96.11,J96.11,condition,Other Code,condition_description,J96.11,Chronic respiratory failure with hypoxia,http://hl7.org/fhir/sid/icd-10-cm,
Z86.711,Z86.711,condition,Other Code,condition_description,Z86.711,Personal history of pulmonary embolism,http://hl7.org/fhir/sid/icd-10-cm,
N92.6,N92.6,condition,Other Code,condition_description,N92.6,"Irregular menstruation, unspecified",http://hl7.org/fhir/sid/icd-10-cm,
132.9,132.9,condition,Other Code,condition_description,132.9,"Pediculosis, unspecified",http://hl7.org/fhir/sid/icd-9-cm,
389,389,condition,Other Code,condition_description,389,Hearing loss,http://hl7.org/fhir/sid/icd-9-cm,
382,382,condition,Other Code,condition_description,382,Suppurative and unspecified otitis media,http://hl7.org/fhir/sid/icd-9-cm,
781.2,781.2,condition,Other Code,condition_description,781.2,Abnormality of gait,http://hl7.org/fhir/sid/icd-9-cm,
461.9,461.9,condition,Other Code,condition_description,461.9,"Acute sinusitis, unspecified",http://hl7.org/fhir/sid/icd-9-cm,
381.3,381.3,condition,Other Code,condition_description,381.3,Other and unspecified chronic nonsuppurative otitis media,http://hl7.org/fhir/sid/icd-9-cm,
273.8,273.8,condition,Other Code,condition_description,273.8,Other disorders of plasma protein metabolism,http://hl7.org/fhir/sid/icd-9-cm,
389.06,389.06,condition,Other Code,condition_description,389.06,"Conductive hearing loss, bilateral",http://hl7.org/fhir/sid/icd-9-cm,
472,472,condition,Other Code,condition_description,472,Chronic pharyngitis and nasopharyngitis,http://hl7.org/fhir/sid/icd-9-cm,
714.3,714.3,condition,Other Code,condition_description,714.3,Juvenile chronic polyarthritis,http://hl7.org/fhir/sid/icd-9-cm,
368,368,condition,Other Code,condition_description,368,Visual disturbances,http://hl7.org/fhir/sid/icd-9-cm,
79.99,79.99,condition,Other Code,condition_description,79.99,"Unspecified operation on bone injury, other specified bone",http://hl7.org/fhir/sid/icd-9-cm,
112.3,112.3,condition,Other Code,condition_description,112.3,Candidiasis of skin and nails,http://hl7.org/fhir/sid/icd-9-cm,
695.89,695.89,condition,Other Code,condition_description,695.89,Other specified erythematous conditions,http://hl7.org/fhir/sid/icd-9-cm,
381.02,381.02,condition,Other Code,condition_description,381.02,Acute mucoid otitis media,http://hl7.org/fhir/sid/icd-9-cm,
273.9,273.9,condition,Other Code,condition_description,273.9,Unspecified disorder of plasma protein metabolism,http://hl7.org/fhir/sid/icd-9-cm,
382.01,382.01,condition,Other Code,condition_description,382.01,Acute suppurative otitis media with spontaneous rupture of eardrum,http://hl7.org/fhir/sid/icd-9-cm,
381.4,381.4,condition,Other Code,condition_description,381.4,"Nonsuppurative otitis media, not specified as acute or chronic",http://hl7.org/fhir/sid/icd-9-cm,
L20.82,L20.82,condition,Other Code,condition_description,L20.82,Flexural eczema,http://hl7.org/fhir/sid/icd-10-cm,
H53.002,H53.002,condition,Other Code,condition_description,H53.002,"Unspecified amblyopia, left eye",http://hl7.org/fhir/sid/icd-10-cm,
Z00.129,Z00.129,condition,Other Code,condition_description,Z00.129,Encounter for routine child health examination without abnormal findings,http://hl7.org/fhir/sid/icd-10-cm,
L03.317,L03.317,condition,Other Code,condition_description,L03.317,Cellulitis of buttock,http://hl7.org/fhir/sid/icd-10-cm,
S89.91XA,S89.91XA,condition,Other Code,condition_description,S89.91XA,"Unspecified injury of right lower leg, initial encounter",http://hl7.org/fhir/sid/icd-10-cm,
M93.961,M93.961,condition,Other Code,condition_description,M93.961,"Osteochondropathy, unspecified, right lower leg",http://hl7.org/fhir/sid/icd-10-cm,
L02.214,L02.214,condition,Other Code,condition_description,L02.214,Cutaneous abscess of groin,http://hl7.org/fhir/sid/icd-10-cm,
Z87.2,Z87.2,condition,Other Code,condition_description,Z87.2,Personal history of diseases of the skin and subcutaneous tissue,http://hl7.org/fhir/sid/icd-10-cm,
N90.60,N90.60,condition,Other Code,condition_description,N90.60,Unspecified hypertrophy of vulva,http://hl7.org/fhir/sid/icd-10-cm,
N83.202,N83.202,condition,Other Code,condition_description,N83.202,"Unspecified ovarian cyst, left side",http://hl7.org/fhir/sid/icd-10-cm,
M25.569,M25.569,condition,Other Code,condition_description,M25.569,Pain in unspecified knee,http://hl7.org/fhir/sid/icd-10-cm,
H68.133,H68.133,condition,Other Code,condition_description,H68.133,"Extrinsic cartilagenous obstruction of Eustachian tube, bilateral",http://hl7.org/fhir/sid/icd-10-cm,
L56.8,L56.8,condition,Other Code,condition_description,L56.8,Other specified acute skin changes due to ultraviolet radiation,http://hl7.org/fhir/sid/icd-10-cm,
K20.90,K20.90,condition,Other Code,condition_description,K20.90,"Esophagitis, unspecified without bleeding",http://hl7.org/fhir/sid/icd-10-cm,
766,766,condition,Other Code,condition_description,766,Disorders relating to long gestation and high birthweight,http://hl7.org/fhir/sid/icd-9-cm,
779.81,779.81,condition,Other Code,condition_description,779.81,Neonatal bradycardia,http://hl7.org/fhir/sid/icd-9-cm,
775,775,condition,Other Code,condition_description,775,Endocrine and metabolic disturbances specific to the fetus and newborn,http://hl7.org/fhir/sid/icd-9-cm,
761.3,761.3,condition,Other Code,condition_description,761.3,Polyhydramnios affecting fetus or newborn,http://hl7.org/fhir/sid/icd-9-cm,
770.6,770.6,condition,Other Code,condition_description,770.6,Transitory tachypnea of newborn,http://hl7.org/fhir/sid/icd-9-cm,
789.5,789.5,condition,Other Code,condition_description,789.5,Ascites,http://hl7.org/fhir/sid/icd-9-cm,
774.6,774.6,condition,Other Code,condition_description,774.6,Unspecified fetal and neonatal jaundice,http://hl7.org/fhir/sid/icd-9-cm,
511.9,511.9,condition,Other Code,condition_description,511.9,Unspecified pleural effusion,http://hl7.org/fhir/sid/icd-9-cm,
771.81,771.81,condition,Other Code,condition_description,771.81,Septicemia [sepsis] of newborn,http://hl7.org/fhir/sid/icd-9-cm,
V57.3,V57.3,condition,Other Code,condition_description,V57.3,Care involving speech-language therapy,http://hl7.org/fhir/sid/icd-9-cm,
57,57,condition,Other Code,condition_description,57,Operations on urinary bladder,http://hl7.org/fhir/sid/icd-9-cm,
315.32,315.32,condition,Other Code,condition_description,315.32,Mixed receptive-expressive language disorder,http://hl7.org/fhir/sid/icd-9-cm,
315.31,315.31,condition,Other Code,condition_description,315.31,Expressive language disorder,http://hl7.org/fhir/sid/icd-9-cm,
57.9,57.9,condition,Other Code,condition_description,57.9,Other operations on bladder,http://hl7.org/fhir/sid/icd-9-cm,
686.9,686.9,condition,Other Code,condition_description,686.9,Unspecified local infection of skin and subcutaneous tissue,http://hl7.org/fhir/sid/icd-9-cm,
34,34,condition,Other Code,condition_description,34,"Operations on chest wall, pleura, mediastinum, and diaphragm",http://hl7.org/fhir/sid/icd-9-cm,
684,684,condition,Other Code,condition_description,684,Impetigo,http://hl7.org/fhir/sid/icd-9-cm,
V67.59,V67.59,condition,Other Code,condition_description,V67.59,Other follow-up examination,http://hl7.org/fhir/sid/icd-9-cm,
464.4,464.4,condition,Other Code,condition_description,464.4,Croup,http://hl7.org/fhir/sid/icd-9-cm,
V85.54,V85.54,condition,Other Code,condition_description,V85.54,"Body Mass Index, pediatric, greater than or equal to 95th percentile for age",http://hl7.org/fhir/sid/icd-9-cm,
V01.89,V01.89,condition,Other Code,condition_description,V01.89,Contact with or exposure to other communicable diseases,http://hl7.org/fhir/sid/icd-9-cm,
784.42,784.42,condition,Other Code,condition_description,784.42,Dysphonia,http://hl7.org/fhir/sid/icd-9-cm,
474,474,condition,Other Code,condition_description,474,Chronic disease of tonsils and adenoids,http://hl7.org/fhir/sid/icd-9-cm,
F80.2,F80.2,condition,Other Code,condition_description,F80.2,Mixed receptive-expressive language disorder,http://hl7.org/fhir/sid/icd-10-cm,
H93.25,H93.25,condition,Other Code,condition_description,H93.25,Central auditory processing disorder,http://hl7.org/fhir/sid/icd-10-cm,
J05.0,J05.0,condition,Other Code,condition_description,J05.0,Acute obstructive laryngitis [croup],http://hl7.org/fhir/sid/icd-10-cm,
Z68.54,Z68.54,condition,Other Code,condition_description,Z68.54,"Body mass index [BMI] pediatric, 95th percentile for age to less than 120% of the 95th percentile for age",http://hl7.org/fhir/sid/icd-10-cm,
B34.9,B34.9,condition,Other Code,condition_description,B34.9,"Viral infection, unspecified",http://hl7.org/fhir/sid/icd-10-cm,
Z96.22,Z96.22,condition,Other Code,condition_description,Z96.22,Myringotomy tube(s) status,http://hl7.org/fhir/sid/icd-10-cm,
S92.324D,S92.324D,condition,Other Code,condition_description,S92.324D,"Nondisplaced fracture of second metatarsal bone, right foot, subsequent encounter for fracture with routine healing",http://hl7.org/fhir/sid/icd-10-cm,
Z00.121,Z00.121,condition,Other Code,condition_description,Z00.121,Encounter for routine child health examination with abnormal findings,http://hl7.org/fhir/sid/icd-10-cm,
D58.2,D58.2,condition,Other Code,condition_description,D58.2,Other hemoglobinopathies,http://hl7.org/fhir/sid/icd-10-cm,
G47.39,G47.39,condition,Other Code,condition_description,G47.39,Other sleep apnea,http://hl7.org/fhir/sid/icd-10-cm,
V06.4,V06.4,condition,Other Code,condition_description,V06.4,Need for prophylactic vaccination and inoculation against measles-mumps-rubella (MMR),http://hl7.org/fhir/sid/icd-9-cm,
V06.3,V06.3,condition,Other Code,condition_description,V06.3,Need for prophylactic vaccination and inoculation against diptheria-tetanus- pertussis with poliomyelitis [DTP + polio],http://hl7.org/fhir/sid/icd-9-cm,
52.9,52.9,condition,Other Code,condition_description,52.9,Other operations on pancreas,http://hl7.org/fhir/sid/icd-9-cm,
V05.4,V05.4,condition,Other Code,condition_description,V05.4,Need for prophylactic vaccination and inoculation against varicella,http://hl7.org/fhir/sid/icd-9-cm,
372,372,condition,Other Code,condition_description,372,Disorders of conjunctiva,http://hl7.org/fhir/sid/icd-9-cm,
372.3,372.3,condition,Other Code,condition_description,372.3,Other and unspecified conjunctivitis,http://hl7.org/fhir/sid/icd-9-cm,
V30.00,V30.00,condition,Other Code,condition_description,V30.00,"Single liveborn, born in hospital, delivered without mention of cesarean section",http://hl7.org/fhir/sid/icd-9-cm,
746.81,746.81,condition,Other Code,condition_description,746.81,Subaortic stenosis,http://hl7.org/fhir/sid/icd-9-cm,
461.1,461.1,condition,Other Code,condition_description,461.1,Acute frontal sinusitis,http://hl7.org/fhir/sid/icd-9-cm,
921.9,921.9,condition,Other Code,condition_description,921.9,Unspecified contusion of eye,http://hl7.org/fhir/sid/icd-9-cm,
367.2,367.2,condition,Other Code,condition_description,367.2,Astigmatism,http://hl7.org/fhir/sid/icd-9-cm,
367,367,condition,Other Code,condition_description,367,Disorders of refraction and accommodation,http://hl7.org/fhir/sid/icd-9-cm,
511.89,511.89,condition,Other Code,condition_description,511.89,"Other specified forms of effusion, except tuberculous",http://hl7.org/fhir/sid/icd-9-cm,
I07.1,I07.1,condition,Other Code,condition_description,I07.1,Rheumatic tricuspid insufficiency,http://hl7.org/fhir/sid/icd-10-cm,
A69.20,A69.20,condition,Other Code,condition_description,A69.20,"Lyme disease, unspecified",http://hl7.org/fhir/sid/icd-10-cm,
F80.1,F80.1,condition,Other Code,condition_description,F80.1,Expressive language disorder,http://hl7.org/fhir/sid/icd-10-cm,
B08.4,B08.4,condition,Other Code,condition_description,B08.4,Enteroviral vesicular stomatitis with exanthem,http://hl7.org/fhir/sid/icd-10-cm,
B09,B09,condition,Other Code,condition_description,B09,Unspecified viral infection characterized by skin and mucous membrane lesions,http://hl7.org/fhir/sid/icd-10-cm,
M25.461,M25.461,condition,Other Code,condition_description,M25.461,"Effusion, right knee",http://hl7.org/fhir/sid/icd-10-cm,
K02.9,K02.9,condition,Other Code,condition_description,K02.9,"Dental caries, unspecified",http://hl7.org/fhir/sid/icd-10-cm,
A08.4,A08.4,condition,Other Code,condition_description,A08.4,"Viral intestinal infection, unspecified",http://hl7.org/fhir/sid/icd-10-cm,
F43.0,F43.0,condition,Other Code,condition_description,F43.0,Acute stress reaction,http://hl7.org/fhir/sid/icd-10-cm,
M93.261,M93.261,condition,Other Code,condition_description,M93.261,"Osteochondritis dissecans, right knee",http://hl7.org/fhir/sid/icd-10-cm,
M25.361,M25.361,condition,Other Code,condition_description,M25.361,"Other instability, right knee",http://hl7.org/fhir/sid/icd-10-cm,
Y92.39,Y92.39,condition,Other Code,condition_description,Y92.39,Other specified sports and athletic area as the place of occurrence of the external cause,http://hl7.org/fhir/sid/icd-10-cm,
S83.011D,S83.011D,condition,Other Code,condition_description,S83.011D,"Lateral subluxation of right patella, subsequent encounter",http://hl7.org/fhir/sid/icd-10-cm,
S83.011A,S83.011A,condition,Other Code,condition_description,S83.011A,"Lateral subluxation of right patella, initial encounter",http://hl7.org/fhir/sid/icd-10-cm,
S80.01XA,S80.01XA,condition,Other Code,condition_description,S80.01XA,"Contusion of right knee, initial encounter",http://hl7.org/fhir/sid/icd-10-cm,
X58.XXXD,X58.XXXD,condition,Other Code,condition_description,X58.XXXD,"Exposure to other specified factors, subsequent encounter",http://hl7.org/fhir/sid/icd-10-cm,
M23.51,M23.51,condition,Other Code,condition_description,M23.51,"Chronic instability of knee, right knee",http://hl7.org/fhir/sid/icd-10-cm,
Z53.33,Z53.33,condition,Other Code,condition_description,Z53.33,Arthroscopic surgical procedure converted to open procedure,http://hl7.org/fhir/sid/icd-10-cm,
S83.004A,S83.004A,condition,Other Code,condition_description,S83.004A,"Unspecified dislocation of right patella, initial encounter",http://hl7.org/fhir/sid/icd-10-cm,
Q90.0,Q90.0,condition,Other Code,condition_description,Q90.0,"Trisomy 21, nonmosaicism (meiotic nondisjunction)",http://hl7.org/fhir/sid/icd-10-cm,
Z87.39,Z87.39,condition,Other Code,condition_description,Z87.39,Personal history of other diseases of the musculoskeletal system and connective tissue,http://hl7.org/fhir/sid/icd-10-cm,
M21.072,M21.072,condition,Other Code,condition_description,M21.072,"Valgus deformity, not elsewhere classified, left ankle",http://hl7.org/fhir/sid/icd-10-cm,
M21.071,M21.071,condition,Other Code,condition_description,M21.071,"Valgus deformity, not elsewhere classified, right ankle",http://hl7.org/fhir/sid/icd-10-cm,
765.18,765.18,condition,Other Code,condition_description,765.18,"Other preterm infants, 2,000-2,499 grams",http://hl7.org/fhir/sid/icd-9-cm,
765.28,765.28,condition,Other Code,condition_description,765.28,35-36 completed weeks of gestation,http://hl7.org/fhir/sid/icd-9-cm,
V30.01,V30.01,condition,Other Code,condition_description,V30.01,"Single liveborn, born in hospital, delivered by cesarean section",http://hl7.org/fhir/sid/icd-9-cm,
287.33,287.33,condition,Other Code,condition_description,287.33,Congenital and hereditary thrombocytopenic purpura,http://hl7.org/fhir/sid/icd-9-cm,
728.9,728.9,condition,Other Code,condition_description,728.9,"Unspecified disorder of muscle, ligament, and fascia",http://hl7.org/fhir/sid/icd-9-cm,
564,564,condition,Other Code,condition_description,564,"Functional digestive disorders, not elsewhere classified",http://hl7.org/fhir/sid/icd-9-cm,
381.2,381.2,condition,Other Code,condition_description,381.2,Chronic mucoid otitis media,http://hl7.org/fhir/sid/icd-9-cm,
474.1,474.1,condition,Other Code,condition_description,474.1,Hypertrophy of tonsils and adenoids,http://hl7.org/fhir/sid/icd-9-cm,
V15.1,V15.1,condition,Other Code,condition_description,V15.1,"Personal history of surgery to heart and great vessels, presenting hazards to health",http://hl7.org/fhir/sid/icd-9-cm,
742.59,742.59,condition,Other Code,condition_description,742.59,Other specified congenital anomalies of spinal cord,http://hl7.org/fhir/sid/icd-9-cm,
426.7,426.7,condition,Other Code,condition_description,426.7,Anomalous atrioventricular excitation,http://hl7.org/fhir/sid/icd-9-cm,
478.9,478.9,condition,Other Code,condition_description,478.9,Other and unspecified diseases of upper respiratory tract,http://hl7.org/fhir/sid/icd-9-cm,
H65.32,H65.32,condition,Other Code,condition_description,H65.32,"Chronic mucoid otitis media, left ear",http://hl7.org/fhir/sid/icd-10-cm,
Z98.89,Z98.89,condition,Other Code,condition_description,Z98.89,Other specified postprocedural states,http://hl7.org/fhir/sid/icd-10-cm,
Q90.2,Q90.2,condition,Other Code,condition_description,Q90.2,"Trisomy 21, translocation",http://hl7.org/fhir/sid/icd-10-cm,
H66.91,H66.91,condition,Other Code,condition_description,H66.91,"Otitis media, unspecified, right ear",http://hl7.org/fhir/sid/icd-10-cm,
I77.819,I77.819,condition,Other Code,condition_description,I77.819,"Aortic ectasia, unspecified site",http://hl7.org/fhir/sid/icd-10-cm,
K62.89,K62.89,condition,Other Code,condition_description,K62.89,Other specified diseases of anus and rectum,http://hl7.org/fhir/sid/icd-10-cm,
I77.810,I77.810,condition,Other Code,condition_description,I77.810,Thoracic aortic ectasia,http://hl7.org/fhir/sid/icd-10-cm,
H73.892,H73.892,condition,Other Code,condition_description,H73.892,"Other specified disorders of tympanic membrane, left ear",http://hl7.org/fhir/sid/icd-10-cm,
H69.80,H69.80,condition,Other Code,condition_description,H69.80,"Other specified disorders of Eustachian tube, unspecified ear",http://hl7.org/fhir/sid/icd-10-cm,
R62.59,R62.59,condition,Other Code,condition_description,R62.59,Other lack of expected normal physiological development in childhood,http://hl7.org/fhir/sid/icd-10-cm,
H90.11,H90.11,condition,Other Code,condition_description,H90.11,"Conductive hearing loss, unilateral, right ear, with unrestricted hearing on the contralateral side",http://hl7.org/fhir/sid/icd-10-cm,
H65.91,H65.91,condition,Other Code,condition_description,H65.91,"Unspecified nonsuppurative otitis media, right ear",http://hl7.org/fhir/sid/icd-10-cm,
Q99.8,Q99.8,condition,Other Code,condition_description,Q99.8,Other specified chromosome abnormalities,http://hl7.org/fhir/sid/icd-10-cm,
Q65.89,Q65.89,condition,Other Code,condition_description,Q65.89,Other specified congenital deformities of hip,http://hl7.org/fhir/sid/icd-10-cm,
M89.8X5,M89.8X5,condition,Other Code,condition_description,M89.8X5,"Other specified disorders of bone, thigh",http://hl7.org/fhir/sid/icd-10-cm,
N94.89,N94.89,condition,Other Code,condition_description,N94.89,Other specified conditions associated with female genital organs and menstrual cycle,http://hl7.org/fhir/sid/icd-10-cm,
R62.52,R62.52,condition,Other Code,condition_description,R62.52,Short stature (child),http://hl7.org/fhir/sid/icd-10-cm,
H65.196,H65.196,condition,Other Code,condition_description,H65.196,"Other acute nonsuppurative otitis media, recurrent, bilateral",http://hl7.org/fhir/sid/icd-10-cm,
K56.41,K56.41,condition,Other Code,condition_description,K56.41,Fecal impaction,http://hl7.org/fhir/sid/icd-10-cm,
V06.5,V06.5,condition,Other Code,condition_description,V06.5,Need for prophylactic vaccination and inoculation against tetanus-diphtheria [Td] (DT),http://hl7.org/fhir/sid/icd-9-cm,
300.01,300.01,condition,Other Code,condition_description,300.01,Panic disorder without agoraphobia,http://hl7.org/fhir/sid/icd-9-cm,
V12.29,V12.29,condition,Other Code,condition_description,V12.29,"Personal history of other endocrine, metabolic, and immunity disorders",http://hl7.org/fhir/sid/icd-9-cm,
110,110,condition,Other Code,condition_description,110,Dermatophytosis,http://hl7.org/fhir/sid/icd-9-cm,
E66.8,E66.8,condition,Other Code,condition_description,E66.8,Other obesity,http://hl7.org/fhir/sid/icd-10-cm,
B30.9,B30.9,condition,Other Code,condition_description,B30.9,"Viral conjunctivitis, unspecified",http://hl7.org/fhir/sid/icd-10-cm,
K59.01,K59.01,condition,Other Code,condition_description,K59.01,Slow transit constipation,http://hl7.org/fhir/sid/icd-10-cm,
F41.0,F41.0,condition,Other Code,condition_description,F41.0,Panic disorder [episodic paroxysmal anxiety],http://hl7.org/fhir/sid/icd-10-cm,
F22,F22,condition,Other Code,condition_description,F22,Delusional disorders,http://hl7.org/fhir/sid/icd-10-cm,
Z87.01,Z87.01,condition,Other Code,condition_description,Z87.01,Personal history of pneumonia (recurrent),http://hl7.org/fhir/sid/icd-10-cm,
M20.11,M20.11,condition,Other Code,condition_description,M20.11,"Hallux valgus (acquired), right foot",http://hl7.org/fhir/sid/icd-10-cm,
M20.12,M20.12,condition,Other Code,condition_description,M20.12,"Hallux valgus (acquired), left foot",http://hl7.org/fhir/sid/icd-10-cm,
M17.0,M17.0,condition,Other Code,condition_description,M17.0,Bilateral primary osteoarthritis of knee,http://hl7.org/fhir/sid/icd-10-cm,
I73.9,I73.9,condition,Other Code,condition_description,I73.9,"Peripheral vascular disease, unspecified",http://hl7.org/fhir/sid/icd-10-cm,
I71.4,I71.4,condition,Other Code,condition_description,I71.4,"Abdominal aortic aneurysm, without rupture",http://hl7.org/fhir/sid/icd-10-cm,
I08.8,I08.8,condition,Other Code,condition_description,I08.8,Other rheumatic multiple valve diseases,http://hl7.org/fhir/sid/icd-10-cm,
N40.0,N40.0,condition,Other Code,condition_description,N40.0,Benign prostatic hyperplasia without lower urinary tract symptoms,http://hl7.org/fhir/sid/icd-10-cm,
R23.3,R23.3,condition,Other Code,condition_description,R23.3,Spontaneous ecchymoses,http://hl7.org/fhir/sid/icd-10-cm,
I75.029,I75.029,condition,Other Code,condition_description,I75.029,Atheroembolism of unspecified lower extremity,http://hl7.org/fhir/sid/icd-10-cm,
M17.12,M17.12,condition,Other Code,condition_description,M17.12,"Unilateral primary osteoarthritis, left knee",http://hl7.org/fhir/sid/icd-10-cm,
R23.8,R23.8,condition,Other Code,condition_description,R23.8,Other skin changes,http://hl7.org/fhir/sid/icd-10-cm,
T69.1XXA,T69.1XXA,condition,Other Code,condition_description,T69.1XXA,"Chilblains, initial encounter",http://hl7.org/fhir/sid/icd-10-cm,
I75.023,I75.023,condition,Other Code,condition_description,I75.023,Atheroembolism of bilateral lower extremities,http://hl7.org/fhir/sid/icd-10-cm,
Q27.8,Q27.8,condition,Other Code,condition_description,Q27.8,Other specified congenital malformations of peripheral vascular system,http://hl7.org/fhir/sid/icd-10-cm,
R07.81,R07.81,condition,Other Code,condition_description,R07.81,Pleurodynia,http://hl7.org/fhir/sid/icd-10-cm,
H54.7,H54.7,condition,Other Code,condition_description,H54.7,Unspecified visual loss,http://hl7.org/fhir/sid/icd-10-cm,
W19.XXXD,W19.XXXD,condition,Other Code,condition_description,W19.XXXD,"Unspecified fall, subsequent encounter",http://hl7.org/fhir/sid/icd-10-cm,
K40.91,K40.91,condition,Other Code,condition_description,K40.91,"Unilateral inguinal hernia, without obstruction or gangrene, recurrent",http://hl7.org/fhir/sid/icd-10-cm,
Z91.81,Z91.81,condition,Other Code,condition_description,Z91.81,History of falling,http://hl7.org/fhir/sid/icd-10-cm,
H52.7,H52.7,condition,Other Code,condition_description,H52.7,Unspecified disorder of refraction,http://hl7.org/fhir/sid/icd-10-cm,
K08.9,K08.9,condition,Other Code,condition_description,K08.9,"Disorder of teeth and supporting structures, unspecified",http://hl7.org/fhir/sid/icd-10-cm,
375.55,375.55,condition,Other Code,condition_description,375.55,"Obstruction of nasolacrimal duct, neonatal",http://hl7.org/fhir/sid/icd-9-cm,
E849.0,E849.0,condition,Other Code,condition_description,E849.0,Home accidents,http://hl7.org/fhir/sid/icd-9-cm,
78,78,condition,Other Code,condition_description,78,"Other operations on bones, except facial bones",http://hl7.org/fhir/sid/icd-9-cm,
706.3,706.3,condition,Other Code,condition_description,706.3,Seborrhea,http://hl7.org/fhir/sid/icd-9-cm,
706.2,706.2,condition,Other Code,condition_description,706.2,Sebaceous cyst,http://hl7.org/fhir/sid/icd-9-cm,
G47.9,G47.9,condition,Other Code,condition_description,G47.9,"Sleep disorder, unspecified",http://hl7.org/fhir/sid/icd-10-cm,
F80.9,F80.9,condition,Other Code,condition_description,F80.9,"Developmental disorder of speech and language, unspecified",http://hl7.org/fhir/sid/icd-10-cm,
K46.9,K46.9,condition,Other Code,condition_description,K46.9,Unspecified abdominal hernia without obstruction or gangrene,http://hl7.org/fhir/sid/icd-10-cm,
L90.5,L90.5,condition,Other Code,condition_description,L90.5,Scar conditions and fibrosis of skin,http://hl7.org/fhir/sid/icd-10-cm,
A41.9,A41.9,condition,Other Code,condition_description,A41.9,"Sepsis, unspecified organism",http://hl7.org/fhir/sid/icd-10-cm,
R63.0,R63.0,condition,Other Code,condition_description,R63.0,Anorexia,http://hl7.org/fhir/sid/icd-10-cm,
E87.2,E87.2,condition,Other Code,condition_description,E87.2,Acidosis,http://hl7.org/fhir/sid/icd-10-cm,
R47.01,R47.01,condition,Other Code,condition_description,R47.01,Aphasia,http://hl7.org/fhir/sid/icd-10-cm,
R10.2,R10.2,condition,Other Code,condition_description,R10.2,Pelvic and perineal pain,http://hl7.org/fhir/sid/icd-10-cm,
K42.9,K42.9,condition,Other Code,condition_description,K42.9,Umbilical hernia without obstruction or gangrene,http://hl7.org/fhir/sid/icd-10-cm,
K45.8,K45.8,condition,Other Code,condition_description,K45.8,Other specified abdominal hernia without obstruction or gangrene,http://hl7.org/fhir/sid/icd-10-cm,
L30.8,L30.8,condition,Other Code,condition_description,L30.8,Other specified dermatitis,http://hl7.org/fhir/sid/icd-10-cm,
519.11,519.11,condition,Other Code,condition_description,519.11,Acute bronchospasm,http://hl7.org/fhir/sid/icd-9-cm,
568,568,condition,Other Code,condition_description,568,Other disorders of peritoneum,http://hl7.org/fhir/sid/icd-9-cm,
521,521,condition,Other Code,condition_description,521,Diseases of hard tissues of teeth,http://hl7.org/fhir/sid/icd-9-cm,
541,541,condition,Other Code,condition_description,541,"Appendicitis, unqualified",http://hl7.org/fhir/sid/icd-9-cm,
V12.61,V12.61,condition,Other Code,condition_description,V12.61,Personal history of pneumonia (recurrent),http://hl7.org/fhir/sid/icd-9-cm,
557,557,condition,Other Code,condition_description,557,Vascular insufficiency of intestine,http://hl7.org/fhir/sid/icd-9-cm,
315.39,315.39,condition,Other Code,condition_description,315.39,Other developmental speech or language disorder,http://hl7.org/fhir/sid/icd-9-cm,
682.3,682.3,condition,Other Code,condition_description,682.3,Cellulitis and abscess of upper arm and forearm,http://hl7.org/fhir/sid/icd-9-cm,
378,378,condition,Other Code,condition_description,378,Strabismus and other disorders of binocular eye movements,http://hl7.org/fhir/sid/icd-9-cm,
Q35.9,Q35.9,condition,Other Code,condition_description,Q35.9,"Cleft palate, unspecified",http://hl7.org/fhir/sid/icd-10-cm,
F34.1,F34.1,condition,Other Code,condition_description,F34.1,Dysthymic disorder,http://hl7.org/fhir/sid/icd-10-cm,
F84.9,F84.9,condition,Other Code,condition_description,F84.9,"Pervasive developmental disorder, unspecified",http://hl7.org/fhir/sid/icd-10-cm,
F98.4,F98.4,condition,Other Code,condition_description,F98.4,Stereotyped movement disorders,http://hl7.org/fhir/sid/icd-10-cm,
L01.00,L01.00,condition,Other Code,condition_description,L01.00,"Impetigo, unspecified",http://hl7.org/fhir/sid/icd-10-cm,
H90.A11,H90.A11,condition,Other Code,condition_description,H90.A11,"Conductive hearing loss, unilateral, right ear with restricted hearing on the contralateral side",http://hl7.org/fhir/sid/icd-10-cm,
F88,F88,condition,Other Code,condition_description,F88,Other disorders of psychological development,http://hl7.org/fhir/sid/icd-10-cm,
F89,F89,condition,Other Code,condition_description,F89,Unspecified disorder of psychological development,http://hl7.org/fhir/sid/icd-10-cm,
Z86.59,Z86.59,condition,Other Code,condition_description,Z86.59,Personal history of other mental and behavioral disorders,http://hl7.org/fhir/sid/icd-10-cm,
F43.22,F43.22,condition,Other Code,condition_description,F43.22,Adjustment disorder with anxiety,http://hl7.org/fhir/sid/icd-10-cm,
832,832,condition,Other Code,condition_description,832,Dislocation of elbow,http://hl7.org/fhir/sid/icd-9-cm,
842,842,condition,Other Code,condition_description,842,Sprains and strains of wrist and hand,http://hl7.org/fhir/sid/icd-9-cm,
E927,E927,condition,Other Code,condition_description,E927,Overexertion and strenuous and repetitive movements or loads,http://hl7.org/fhir/sid/icd-9-cm,
34.1,34.1,condition,Other Code,condition_description,34.1,Incision of mediastinum,http://hl7.org/fhir/sid/icd-9-cm,
E927.8,E927.8,condition,Other Code,condition_description,E927.8,Other overexertion and strenuous and repetitive movements or loads,http://hl7.org/fhir/sid/icd-9-cm,
681.02,681.02,condition,Other Code,condition_description,681.02,Onychia and paronychia of finger,http://hl7.org/fhir/sid/icd-9-cm,
487.1,487.1,condition,Other Code,condition_description,487.1,Influenza with other respiratory manifestations,http://hl7.org/fhir/sid/icd-9-cm,
457.2,457.2,condition,Other Code,condition_description,457.2,Lymphangitis,http://hl7.org/fhir/sid/icd-9-cm,
521.05,521.05,condition,Other Code,condition_description,521.05,Odontoclasia,http://hl7.org/fhir/sid/icd-9-cm,
V72.84,V72.84,condition,Other Code,condition_description,V72.84,"Pre-operative examination, unspecified",http://hl7.org/fhir/sid/icd-9-cm,
783.3,783.3,condition,Other Code,condition_description,783.3,Feeding difficulties and mismanagement,http://hl7.org/fhir/sid/icd-9-cm,
Q25.1,Q25.1,condition,Other Code,condition_description,Q25.1,Coarctation of aorta,http://hl7.org/fhir/sid/icd-10-cm,
V05.8,V05.8,condition,Other Code,condition_description,V05.8,Need for prophylactic vaccination and inoculation against other specified disease,http://hl7.org/fhir/sid/icd-9-cm,
H10.9,H10.9,condition,Other Code,condition_description,H10.9,Unspecified conjunctivitis,http://hl7.org/fhir/sid/icd-10-cm,
V03.89,V03.89,condition,Other Code,condition_description,V03.89,Other specified vaccination,http://hl7.org/fhir/sid/icd-9-cm,
J01.80,J01.80,condition,Other Code,condition_description,J01.80,Other acute sinusitis,http://hl7.org/fhir/sid/icd-10-cm,
Z28.82,Z28.82,condition,Other Code,condition_description,Z28.82,Immunization not carried out because of caregiver refusal,http://hl7.org/fhir/sid/icd-10-cm,
L90.6,L90.6,condition,Other Code,condition_description,L90.6,Striae atrophicae,http://hl7.org/fhir/sid/icd-10-cm,
H65.192,H65.192,condition,Other Code,condition_description,H65.192,"Other acute nonsuppurative otitis media, left ear",http://hl7.org/fhir/sid/icd-10-cm,
L44.9,L44.9,condition,Other Code,condition_description,L44.9,"Papulosquamous disorder, unspecified",http://hl7.org/fhir/sid/icd-10-cm,
L72.9,L72.9,condition,Other Code,condition_description,L72.9,"Follicular cyst of the skin and subcutaneous tissue, unspecified",http://hl7.org/fhir/sid/icd-10-cm,
M21.40,M21.40,condition,Other Code,condition_description,M21.40,"Flat foot [pes planus] (acquired), unspecified foot",http://hl7.org/fhir/sid/icd-10-cm,
L21.0,L21.0,condition,Other Code,condition_description,L21.0,Seborrhea capitis,http://hl7.org/fhir/sid/icd-10-cm,
H52.00,H52.00,condition,Other Code,condition_description,H52.00,"Hypermetropia, unspecified eye",http://hl7.org/fhir/sid/icd-10-cm,
H50.32,H50.32,condition,Other Code,condition_description,H50.32,Intermittent alternating esotropia,http://hl7.org/fhir/sid/icd-10-cm,
R06.5,R06.5,condition,Other Code,condition_description,R06.5,Mouth breathing,http://hl7.org/fhir/sid/icd-10-cm,
300,300,condition,Other Code,condition_description,300,"Anxiety, dissociative and somatoform disorders",http://hl7.org/fhir/sid/icd-9-cm,
317,317,condition,Other Code,condition_description,317,Mild intellectual disabilities,http://hl7.org/fhir/sid/icd-9-cm,
579,579,condition,Other Code,condition_description,579,Intestinal malabsorption,http://hl7.org/fhir/sid/icd-9-cm,
535.1,535.1,condition,Other Code,condition_description,535.1,Atrophic gastritis,http://hl7.org/fhir/sid/icd-9-cm,
V65.3,V65.3,condition,Other Code,condition_description,V65.3,Dietary surveillance and counseling,http://hl7.org/fhir/sid/icd-9-cm,
733.9,733.9,condition,Other Code,condition_description,733.9,Other and unspecified disorders of bone and cartilage,http://hl7.org/fhir/sid/icd-9-cm,
427.89,427.89,condition,Other Code,condition_description,427.89,Other specified cardiac dysrhythmias,http://hl7.org/fhir/sid/icd-9-cm,
829,829,condition,Other Code,condition_description,829,Fracture of unspecified bones,http://hl7.org/fhir/sid/icd-9-cm,
V15.29,V15.29,condition,Other Code,condition_description,V15.29,Personal history of surgery to other organs,http://hl7.org/fhir/sid/icd-9-cm,
708.9,708.9,condition,Other Code,condition_description,708.9,"Urticaria, unspecified",http://hl7.org/fhir/sid/icd-9-cm,
816.01,816.01,condition,Other Code,condition_description,816.01,Closed fracture of middle or proximal phalanx or phalanges of hand,http://hl7.org/fhir/sid/icd-9-cm,
782.2,782.2,condition,Other Code,condition_description,782.2,"Localized superficial swelling, mass, or lump",http://hl7.org/fhir/sid/icd-9-cm,
816,816,condition,Other Code,condition_description,816,Fracture of one or more phalanges of hand,http://hl7.org/fhir/sid/icd-9-cm,
V76.44,V76.44,condition,Other Code,condition_description,V76.44,Screening for malignant neoplasms of prostate,http://hl7.org/fhir/sid/icd-9-cm,
F70,F70,condition,Other Code,condition_description,F70,Mild intellectual disabilities,http://hl7.org/fhir/sid/icd-10-cm,
Z12.5,Z12.5,condition,Other Code,condition_description,Z12.5,Encounter for screening for malignant neoplasm of prostate,http://hl7.org/fhir/sid/icd-10-cm,
S92.353D,S92.353D,condition,Other Code,condition_description,S92.353D,"Displaced fracture of fifth metatarsal bone, unspecified foot, subsequent encounter for fracture with routine healing",http://hl7.org/fhir/sid/icd-10-cm,
R35.8,R35.8,condition,Other Code,condition_description,R35.8,Other polyuria,http://hl7.org/fhir/sid/icd-10-cm,
L27.0,L27.0,condition,Other Code,condition_description,L27.0,Generalized skin eruption due to drugs and medicaments taken internally,http://hl7.org/fhir/sid/icd-10-cm,
B86,B86,condition,Other Code,condition_description,B86,Scabies,http://hl7.org/fhir/sid/icd-10-cm,
R60.9,R60.9,condition,Other Code,condition_description,R60.9,"Edema, unspecified",http://hl7.org/fhir/sid/icd-10-cm,
Z51.5,Z51.5,condition,Other Code,condition_description,Z51.5,Encounter for palliative care,http://hl7.org/fhir/sid/icd-10-cm,
M47.812,M47.812,condition,Other Code,condition_description,M47.812,"Spondylosis without myelopathy or radiculopathy, cervical region",http://hl7.org/fhir/sid/icd-10-cm,
R47.1,R47.1,condition,Other Code,condition_description,R47.1,Dysarthria and anarthria,http://hl7.org/fhir/sid/icd-10-cm,
D64.89,D64.89,condition,Other Code,condition_description,D64.89,Other specified anemias,http://hl7.org/fhir/sid/icd-10-cm,
D50.8,D50.8,condition,Other Code,condition_description,D50.8,Other iron deficiency anemias,http://hl7.org/fhir/sid/icd-10-cm,
N32.0,N32.0,condition,Other Code,condition_description,N32.0,Bladder-neck obstruction,http://hl7.org/fhir/sid/icd-10-cm,
M50.823,M50.823,condition,Other Code,condition_description,M50.823,Other cervical disc disorders at C6-C7 level,http://hl7.org/fhir/sid/icd-10-cm,
M50.123,M50.123,condition,Other Code,condition_description,M50.123,Cervical disc disorder at C6-C7 level with radiculopathy,http://hl7.org/fhir/sid/icd-10-cm,
M48.02,M48.02,condition,Other Code,condition_description,M48.02,"Spinal stenosis, cervical region",http://hl7.org/fhir/sid/icd-10-cm,
E83.19,E83.19,condition,Other Code,condition_description,E83.19,Other disorders of iron metabolism,http://hl7.org/fhir/sid/icd-10-cm,
D63.8,D63.8,condition,Other Code,condition_description,D63.8,Anemia in other chronic diseases classified elsewhere,http://hl7.org/fhir/sid/icd-10-cm,
493.9,493.9,condition,Other Code,condition_description,493.9,"Asthma, unspecified",http://hl7.org/fhir/sid/icd-9-cm,
388.6,388.6,condition,Other Code,condition_description,388.6,Otorrhea,http://hl7.org/fhir/sid/icd-9-cm,
385.83,385.83,condition,Other Code,condition_description,385.83,Retained foreign body of middle ear,http://hl7.org/fhir/sid/icd-9-cm,
919.4,919.4,condition,Other Code,condition_description,919.4,"Insect bite, nonvenomous, of other, multiple, and unspecified sites, without mention of infection",http://hl7.org/fhir/sid/icd-9-cm,
931,931,condition,Other Code,condition_description,931,Foreign body in ear,http://hl7.org/fhir/sid/icd-9-cm,
493.02,493.02,condition,Other Code,condition_description,493.02,Extrinsic asthma with (acute) exacerbation,http://hl7.org/fhir/sid/icd-9-cm,
313.81,313.81,condition,Other Code,condition_description,313.81,Oppositional defiant disorder,http://hl7.org/fhir/sid/icd-9-cm,
920,920,condition,Other Code,condition_description,920,"Contusion of face, scalp, and neck except eye(s)",http://hl7.org/fhir/sid/icd-9-cm,
424,424,condition,Other Code,condition_description,424,Other diseases of endocardium,http://hl7.org/fhir/sid/icd-9-cm,
518,518,condition,Other Code,condition_description,518,Other diseases of lung,http://hl7.org/fhir/sid/icd-9-cm,
746.6,746.6,condition,Other Code,condition_description,746.6,Congenital mitral insufficiency,http://hl7.org/fhir/sid/icd-9-cm,
E878.8,E878.8,condition,Other Code,condition_description,E878.8,"Other specified surgical operations and procedures causing abnormal patient reaction, or later complication, without mention of misadventure at time of operation",http://hl7.org/fhir/sid/icd-9-cm,
998.11,998.11,condition,Other Code,condition_description,998.11,Hemorrhage complicating a procedure,http://hl7.org/fhir/sid/icd-9-cm,
E879.8,E879.8,condition,Other Code,condition_description,E879.8,"Other specified procedures as the cause of abnormal reaction of patient, or of later complication, without mention of misadventure at time of procedure",http://hl7.org/fhir/sid/icd-9-cm,
H10.32,H10.32,condition,Other Code,condition_description,H10.32,"Unspecified acute conjunctivitis, left eye",http://hl7.org/fhir/sid/icd-10-cm,
G47.31,G47.31,condition,Other Code,condition_description,G47.31,Primary central sleep apnea,http://hl7.org/fhir/sid/icd-10-cm,
J45.40,J45.40,condition,Other Code,condition_description,J45.40,"Moderate persistent asthma, uncomplicated",http://hl7.org/fhir/sid/icd-10-cm,
F43.10,F43.10,condition,Other Code,condition_description,F43.10,"Post-traumatic stress disorder, unspecified",http://hl7.org/fhir/sid/icd-10-cm,
Z11.3,Z11.3,condition,Other Code,condition_description,Z11.3,Encounter for screening for infections with a predominantly sexual mode of transmission,http://hl7.org/fhir/sid/icd-10-cm,
T76.22XA,T76.22XA,condition,Other Code,condition_description,T76.22XA,"Child sexual abuse, suspected, initial encounter",http://hl7.org/fhir/sid/icd-10-cm,
H53.039,H53.039,condition,Other Code,condition_description,H53.039,"Strabismic amblyopia, unspecified eye",http://hl7.org/fhir/sid/icd-10-cm,
W22.09XA,W22.09XA,condition,Other Code,condition_description,W22.09XA,"Striking against other stationary object, initial encounter",http://hl7.org/fhir/sid/icd-10-cm,
H53.009,H53.009,condition,Other Code,condition_description,H53.009,"Unspecified amblyopia, unspecified eye",http://hl7.org/fhir/sid/icd-10-cm,
S91.209A,S91.209A,condition,Other Code,condition_description,S91.209A,"Unspecified open wound of unspecified toe(s) with damage to nail, initial encounter",http://hl7.org/fhir/sid/icd-10-cm,
F98.8,F98.8,condition,Other Code,condition_description,F98.8,Other specified behavioral and emotional disorders with onset usually occurring in childhood and adolescence,http://hl7.org/fhir/sid/icd-10-cm,
H52.209,H52.209,condition,Other Code,condition_description,H52.209,"Unspecified astigmatism, unspecified eye",http://hl7.org/fhir/sid/icd-10-cm,
F31.64,F31.64,condition,Other Code,condition_description,F31.64,"Bipolar disorder, current episode mixed, severe, with psychotic features",http://hl7.org/fhir/sid/icd-10-cm,
E871.0,E871.0,condition,Other Code,condition_description,E871.0,Foreign object left in body during surgical operation,http://hl7.org/fhir/sid/icd-9-cm,
996.59,996.59,condition,Other Code,condition_description,996.59,"Mechanical complication due to other implant and internal device, not elsewhere classified",http://hl7.org/fhir/sid/icd-9-cm,
375.56,375.56,condition,Other Code,condition_description,375.56,"Stenosis of nasolacrimal duct, acquired",http://hl7.org/fhir/sid/icd-9-cm,
529.8,529.8,condition,Other Code,condition_description,529.8,Other specified conditions of the tongue,http://hl7.org/fhir/sid/icd-9-cm,
J35.3,J35.3,condition,Other Code,condition_description,J35.3,Hypertrophy of tonsils with hypertrophy of adenoids,http://hl7.org/fhir/sid/icd-10-cm,
Y92.410,Y92.410,condition,Other Code,condition_description,Y92.410,Unspecified street and highway as the place of occurrence of the external cause,http://hl7.org/fhir/sid/icd-10-cm,
S50.02XA,S50.02XA,condition,Other Code,condition_description,S50.02XA,"Contusion of left elbow, initial encounter",http://hl7.org/fhir/sid/icd-10-cm,
S50.312A,S50.312A,condition,Other Code,condition_description,S50.312A,"Abrasion of left elbow, initial encounter",http://hl7.org/fhir/sid/icd-10-cm,
Y93.I9,Y93.I9,condition,Other Code,condition_description,Y93.I9,"Activity, other involving external motion",http://hl7.org/fhir/sid/icd-10-cm,
V89.2XXA,V89.2XXA,condition,Other Code,condition_description,V89.2XXA,"Person injured in unspecified motor-vehicle accident, traffic, initial encounter",http://hl7.org/fhir/sid/icd-10-cm,
R34,R34,condition,Other Code,condition_description,R34,Anuria and oliguria,http://hl7.org/fhir/sid/icd-10-cm,
R39.89,R39.89,condition,Other Code,condition_description,R39.89,Other symptoms and signs involving the genitourinary system,http://hl7.org/fhir/sid/icd-10-cm,
N76.0,N76.0,condition,Other Code,condition_description,N76.0,Acute vaginitis,http://hl7.org/fhir/sid/icd-10-cm,
Z81.8,Z81.8,condition,Other Code,condition_description,Z81.8,Family history of other mental and behavioral disorders,http://hl7.org/fhir/sid/icd-10-cm,
Z63.79,Z63.79,condition,Other Code,condition_description,Z63.79,Other stressful life events affecting family and household,http://hl7.org/fhir/sid/icd-10-cm,
Z80.42,Z80.42,condition,Other Code,condition_description,Z80.42,Family history of malignant neoplasm of prostate,http://hl7.org/fhir/sid/icd-10-cm,
E23.6,E23.6,condition,Other Code,condition_description,E23.6,Other disorders of pituitary gland,http://hl7.org/fhir/sid/icd-10-cm,
S09.92XA,S09.92XA,condition,Other Code,condition_description,S09.92XA,"Unspecified injury of nose, initial encounter",http://hl7.org/fhir/sid/icd-10-cm,
F45.1,F45.1,condition,Other Code,condition_description,F45.1,Undifferentiated somatoform disorder,http://hl7.org/fhir/sid/icd-10-cm,
M79.605,M79.605,condition,Other Code,condition_description,M79.605,Pain in left leg,http://hl7.org/fhir/sid/icd-10-cm,
M79.604,M79.604,condition,Other Code,condition_description,M79.604,Pain in right leg,http://hl7.org/fhir/sid/icd-10-cm,
Z80.9,Z80.9,condition,Other Code,condition_description,Z80.9,"Family history of malignant neoplasm, unspecified",http://hl7.org/fhir/sid/icd-10-cm,
H53.029,H53.029,condition,Other Code,condition_description,H53.029,"Refractive amblyopia, unspecified eye",http://hl7.org/fhir/sid/icd-10-cm,
R20.2,R20.2,condition,Other Code,condition_description,R20.2,Paresthesia of skin,http://hl7.org/fhir/sid/icd-10-cm,
M41.84,M41.84,condition,Other Code,condition_description,M41.84,"Other forms of scoliosis, thoracic region",http://hl7.org/fhir/sid/icd-10-cm,
R35.0,R35.0,condition,Other Code,condition_description,R35.0,Frequency of micturition,http://hl7.org/fhir/sid/icd-10-cm,
H57.13,H57.13,condition,Other Code,condition_description,H57.13,"Ocular pain, bilateral",http://hl7.org/fhir/sid/icd-10-cm,
L87.2,L87.2,condition,Other Code,condition_description,L87.2,Elastosis perforans serpiginosa,http://hl7.org/fhir/sid/icd-10-cm,
J01.10,J01.10,condition,Other Code,condition_description,J01.10,"Acute frontal sinusitis, unspecified",http://hl7.org/fhir/sid/icd-10-cm,
V04.0,V04.0,condition,Other Code,condition_description,V04.0,Need for prophylactic vaccination and inoculation against poliomyelitis,http://hl7.org/fhir/sid/icd-9-cm,
743.65,743.65,condition,Other Code,condition_description,743.65,Specified congenital anomalies of lacrimal passages,http://hl7.org/fhir/sid/icd-9-cm,
V58.71,V58.71,condition,Other Code,condition_description,V58.71,"Aftercare following surgery of the sense organs, NEC",http://hl7.org/fhir/sid/icd-9-cm,
388.7,388.7,condition,Other Code,condition_description,388.7,Otalgia,http://hl7.org/fhir/sid/icd-9-cm,
691,691,condition,Other Code,condition_description,691,Atopic dermatitis and related conditions,http://hl7.org/fhir/sid/icd-9-cm,
719.44,719.44,condition,Other Code,condition_description,719.44,"Pain in joint, hand",http://hl7.org/fhir/sid/icd-9-cm,
380.1,380.1,condition,Other Code,condition_description,380.1,Infective otitis externa,http://hl7.org/fhir/sid/icd-9-cm,
918.1,918.1,condition,Other Code,condition_description,918.1,Superficial injury of cornea,http://hl7.org/fhir/sid/icd-9-cm,
923.2,923.2,condition,Other Code,condition_description,923.2,"Contusion of wrist and hand(s), except finger(s) alone",http://hl7.org/fhir/sid/icd-9-cm,
379.91,379.91,condition,Other Code,condition_description,379.91,Pain in or around eye,http://hl7.org/fhir/sid/icd-9-cm,
748.3,748.3,condition,Other Code,condition_description,748.3,"Other anomalies of larynx, trachea, and bronchus",http://hl7.org/fhir/sid/icd-9-cm,
788.1,788.1,condition,Other Code,condition_description,788.1,Dysuria,http://hl7.org/fhir/sid/icd-9-cm,
949.1,949.1,condition,Other Code,condition_description,949.1,"Erythema [first degree], unspecified site",http://hl7.org/fhir/sid/icd-9-cm,
J38.7,J38.7,condition,Other Code,condition_description,J38.7,Other diseases of larynx,http://hl7.org/fhir/sid/icd-10-cm,
314,314,condition,Other Code,condition_description,314,Hyperkinetic syndrome of childhood,http://hl7.org/fhir/sid/icd-9-cm,
H10.33,H10.33,condition,Other Code,condition_description,H10.33,"Unspecified acute conjunctivitis, bilateral",http://hl7.org/fhir/sid/icd-10-cm,
H92.03,H92.03,condition,Other Code,condition_description,H92.03,"Otalgia, bilateral",http://hl7.org/fhir/sid/icd-10-cm,
S99.921A,S99.921A,condition,Other Code,condition_description,S99.921A,"Unspecified injury of right foot, initial encounter",http://hl7.org/fhir/sid/icd-10-cm,
Q38.5,Q38.5,condition,Other Code,condition_description,Q38.5,"Congenital malformations of palate, not elsewhere classified",http://hl7.org/fhir/sid/icd-10-cm,
R63.1,R63.1,condition,Other Code,condition_description,R63.1,Polydipsia,http://hl7.org/fhir/sid/icd-10-cm,
R47.89,R47.89,condition,Other Code,condition_description,R47.89,Other speech disturbances,http://hl7.org/fhir/sid/icd-10-cm,
R35.1,R35.1,condition,Other Code,condition_description,R35.1,Nocturia,http://hl7.org/fhir/sid/icd-10-cm,
R27.9,R27.9,condition,Other Code,condition_description,R27.9,Unspecified lack of coordination,http://hl7.org/fhir/sid/icd-10-cm,
Y93.89,Y93.89,condition,Other Code,condition_description,Y93.89,"Activity, other specified",http://hl7.org/fhir/sid/icd-10-cm,
W54.0XXA,W54.0XXA,condition,Other Code,condition_description,W54.0XXA,"Bitten by dog, initial encounter",http://hl7.org/fhir/sid/icd-10-cm,
Y92.481,Y92.481,condition,Other Code,condition_description,Y92.481,Parking lot as the place of occurrence of the external cause,http://hl7.org/fhir/sid/icd-10-cm,
Z20.3,Z20.3,condition,Other Code,condition_description,Z20.3,Contact with and (suspected) exposure to rabies,http://hl7.org/fhir/sid/icd-10-cm,
W54.0XXD,W54.0XXD,condition,Other Code,condition_description,W54.0XXD,"Bitten by dog, subsequent encounter",http://hl7.org/fhir/sid/icd-10-cm,
S61.250A,S61.250A,condition,Other Code,condition_description,S61.250A,"Open bite of right index finger without damage to nail, initial encounter",http://hl7.org/fhir/sid/icd-10-cm,
Z02.5,Z02.5,condition,Other Code,condition_description,Z02.5,Encounter for examination for participation in sport,http://hl7.org/fhir/sid/icd-10-cm,
S61.258D,S61.258D,condition,Other Code,condition_description,S61.258D,"Open bite of other finger without damage to nail, subsequent encounter",http://hl7.org/fhir/sid/icd-10-cm,
S90.32XA,S90.32XA,condition,Other Code,condition_description,S90.32XA,"Contusion of left foot, initial encounter",http://hl7.org/fhir/sid/icd-10-cm,
S05.02XA,S05.02XA,condition,Other Code,condition_description,S05.02XA,"Injury of conjunctiva and corneal abrasion without foreign body, left eye, initial encounter",http://hl7.org/fhir/sid/icd-10-cm,
S05.00XD,S05.00XD,condition,Other Code,condition_description,S05.00XD,"Injury of conjunctiva and corneal abrasion without foreign body, unspecified eye, subsequent encounter",http://hl7.org/fhir/sid/icd-10-cm,
F80.0,F80.0,condition,Other Code,condition_description,F80.0,Phonological disorder,http://hl7.org/fhir/sid/icd-10-cm,
T20.20XA,T20.20XA,condition,Other Code,condition_description,T20.20XA,"Burn of second degree of head, face, and neck, unspecified site, initial encounter",http://hl7.org/fhir/sid/icd-10-cm,
R80.2,R80.2,condition,Other Code,condition_description,R80.2,"Orthostatic proteinuria, unspecified",http://hl7.org/fhir/sid/icd-10-cm,
R74.01,R74.01,condition,Other Code,condition_description,R74.01,Elevation of levels of liver transaminase levels,http://hl7.org/fhir/sid/icd-10-cm,
Y99.8,Y99.8,condition,Other Code,condition_description,Y99.8,Other external cause status,http://hl7.org/fhir/sid/icd-10-cm,
Y93.G3,Y93.G3,condition,Other Code,condition_description,Y93.G3,"Activity, cooking and baking",http://hl7.org/fhir/sid/icd-10-cm,
X10.1XXA,X10.1XXA,condition,Other Code,condition_description,X10.1XXA,"Contact with hot food, initial encounter",http://hl7.org/fhir/sid/icd-10-cm,
R63.3,R63.3,condition,Other Code,condition_description,R63.3,Feeding difficulties,http://hl7.org/fhir/sid/icd-10-cm,
H92.09,H92.09,condition,Other Code,condition_description,H92.09,"Otalgia, unspecified ear",http://hl7.org/fhir/sid/icd-10-cm,
Z79.620,Z79.620,condition,Other Code,condition_description,Z79.620,Long term (current) use of immunosuppressive biologic,http://hl7.org/fhir/sid/icd-10-cm,
S93.401A,S93.401A,condition,Other Code,condition_description,S93.401A,"Sprain of unspecified ligament of right ankle, initial encounter",http://hl7.org/fhir/sid/icd-10-cm,
S99.911A,S99.911A,condition,Other Code,condition_description,S99.911A,"Unspecified injury of right ankle, initial encounter",http://hl7.org/fhir/sid/icd-10-cm,
R10.33,R10.33,condition,Other Code,condition_description,R10.33,Periumbilical pain,http://hl7.org/fhir/sid/icd-10-cm,
309,309,condition,Other Code,condition_description,309,Adjustment reaction,http://hl7.org/fhir/sid/icd-9-cm,
296.9,296.9,condition,Other Code,condition_description,296.9,Other and unspecified episodic mood disorder,http://hl7.org/fhir/sid/icd-9-cm,
780.57,780.57,condition,Other Code,condition_description,780.57,Unspecified sleep apnea,http://hl7.org/fhir/sid/icd-9-cm,
300.09,300.09,condition,Other Code,condition_description,300.09,Other anxiety states,http://hl7.org/fhir/sid/icd-9-cm,
349.9,349.9,condition,Other Code,condition_description,349.9,Unspecified disorders of nervous system,http://hl7.org/fhir/sid/icd-9-cm,
535.6,535.6,condition,Other Code,condition_description,535.6,Duodenitis,http://hl7.org/fhir/sid/icd-9-cm,
310.1,310.1,condition,Other Code,condition_description,310.1,Personality change due to conditions classified elsewhere,http://hl7.org/fhir/sid/icd-9-cm,
704,704,condition,Other Code,condition_description,704,Diseases of hair and hair follicles,http://hl7.org/fhir/sid/icd-9-cm,
L63.9,L63.9,condition,Other Code,condition_description,L63.9,"Alopecia areata, unspecified",http://hl7.org/fhir/sid/icd-10-cm,
690.1,690.1,condition,Other Code,condition_description,690.1,Seborrheic dermatitis,http://hl7.org/fhir/sid/icd-9-cm,
216.9,216.9,condition,Other Code,condition_description,216.9,"Benign neoplasm of skin, site unspecified",http://hl7.org/fhir/sid/icd-9-cm,
238.2,238.2,condition,Other Code,condition_description,238.2,Neoplasm of uncertain behavior of skin,http://hl7.org/fhir/sid/icd-9-cm,
V16.8,V16.8,condition,Other Code,condition_description,V16.8,Family history of other specified malignant neoplasm,http://hl7.org/fhir/sid/icd-9-cm,
216.5,216.5,condition,Other Code,condition_description,216.5,"Benign neoplasm of skin of trunk, except scrotum",http://hl7.org/fhir/sid/icd-9-cm,
V76.43,V76.43,condition,Other Code,condition_description,V76.43,Screening for malignant neoplasms of skin,http://hl7.org/fhir/sid/icd-9-cm,
H66.009,H66.009,condition,Other Code,condition_description,H66.009,"Acute suppurative otitis media without spontaneous rupture of ear drum, unspecified ear",http://hl7.org/fhir/sid/icd-10-cm,
Z86.018,Z86.018,condition,Other Code,condition_description,Z86.018,Personal history of other benign neoplasm,http://hl7.org/fhir/sid/icd-10-cm,
D23.70,D23.70,condition,Other Code,condition_description,D23.70,"Other benign neoplasm of skin of unspecified lower limb, including hip",http://hl7.org/fhir/sid/icd-10-cm,
D23.60,D23.60,condition,Other Code,condition_description,D23.60,"Other benign neoplasm of skin of unspecified upper limb, including shoulder",http://hl7.org/fhir/sid/icd-10-cm,
D23.5,D23.5,condition,Other Code,condition_description,D23.5,Other benign neoplasm of skin of trunk,http://hl7.org/fhir/sid/icd-10-cm,
D18.00,D18.00,condition,Other Code,condition_description,D18.00,Hemangioma unspecified site,http://hl7.org/fhir/sid/icd-10-cm,
D18.01,D18.01,condition,Other Code,condition_description,D18.01,Hemangioma of skin and subcutaneous tissue,http://hl7.org/fhir/sid/icd-10-cm,
Z80.0,Z80.0,condition,Other Code,condition_description,Z80.0,Family history of malignant neoplasm of digestive organs,http://hl7.org/fhir/sid/icd-10-cm,
E917.9,E917.9,condition,Other Code,condition_description,E917.9,Other accident caused by striking against or being struck accidentally by objects or persons,http://hl7.org/fhir/sid/icd-9-cm,
E000.8,E000.8,condition,Other Code,condition_description,E000.8,Other external cause status,http://hl7.org/fhir/sid/icd-9-cm,
216.3,216.3,condition,Other Code,condition_description,216.3,Benign neoplasm of skin of other and unspecified parts of face,http://hl7.org/fhir/sid/icd-9-cm,
697.8,697.8,condition,Other Code,condition_description,697.8,"Other lichen, not elsewhere classified",http://hl7.org/fhir/sid/icd-9-cm,
E029.9,E029.9,condition,Other Code,condition_description,E029.9,Other activity,http://hl7.org/fhir/sid/icd-9-cm,
E884.9,E884.9,condition,Other Code,condition_description,E884.9,Other accidental fall from one level to another,http://hl7.org/fhir/sid/icd-9-cm,
E917.4,E917.4,condition,Other Code,condition_description,E917.4,Striking against or struck accidentally by other stationary object without subsequent fall,http://hl7.org/fhir/sid/icd-9-cm,
E001.1,E001.1,condition,Other Code,condition_description,E001.1,Activities involving running,http://hl7.org/fhir/sid/icd-9-cm,
873.44,873.44,condition,Other Code,condition_description,873.44,"Open wound of jaw, without mention of complication",http://hl7.org/fhir/sid/icd-9-cm,
E005.3,E005.3,condition,Other Code,condition_description,E005.3,Activities involving trampoline,http://hl7.org/fhir/sid/icd-9-cm,
E888.9,E888.9,condition,Other Code,condition_description,E888.9,Unspecified fall,http://hl7.org/fhir/sid/icd-9-cm,
605,605,condition,Other Code,condition_description,605,Redundant prepuce and phimosis,http://hl7.org/fhir/sid/icd-9-cm,
E007.8,E007.8,condition,Other Code,condition_description,E007.8,"Activities involving physical games generally associated with school recess, summer camp and children",http://hl7.org/fhir/sid/icd-9-cm,
784.99,784.99,condition,Other Code,condition_description,784.99,Other symptoms involving head and neck,http://hl7.org/fhir/sid/icd-9-cm,
E849.4,E849.4,condition,Other Code,condition_description,E849.4,Accidents occurring in place for recreation and sport,http://hl7.org/fhir/sid/icd-9-cm,
J34.0,J34.0,condition,Other Code,condition_description,J34.0,"Abscess, furuncle and carbuncle of nose",http://hl7.org/fhir/sid/icd-10-cm,
Q91.7,Q91.7,condition,Other Code,condition_description,Q91.7,"Trisomy 13, unspecified",http://hl7.org/fhir/sid/icd-10-cm,
Z01.84,Z01.84,condition,Other Code,condition_description,Z01.84,Encounter for antibody response examination,http://hl7.org/fhir/sid/icd-10-cm,
T69.1XXD,T69.1XXD,condition,Other Code,condition_description,T69.1XXD,"Chilblains, subsequent encounter",http://hl7.org/fhir/sid/icd-10-cm,
463,463,condition,Other Code,condition_description,463,Acute tonsillitis,http://hl7.org/fhir/sid/icd-9-cm,
530.3,530.3,condition,Other Code,condition_description,530.3,Stricture and stenosis of esophagus,http://hl7.org/fhir/sid/icd-9-cm,
704.9,704.9,condition,Other Code,condition_description,704.9,Unspecified disease of hair and hair follicles,http://hl7.org/fhir/sid/icd-9-cm,
745.2,745.2,condition,Other Code,condition_description,745.2,Tetralogy of fallot,http://hl7.org/fhir/sid/icd-9-cm,
626.1,626.1,condition,Other Code,condition_description,626.1,Scanty or infrequent menstruation,http://hl7.org/fhir/sid/icd-9-cm,
466,466,condition,Other Code,condition_description,466,Acute bronchitis and bronchiolitis,http://hl7.org/fhir/sid/icd-9-cm,
786.5,786.5,condition,Other Code,condition_description,786.5,Chest pain,http://hl7.org/fhir/sid/icd-9-cm,
424.3,424.3,condition,Other Code,condition_description,424.3,Pulmonary valve disorders,http://hl7.org/fhir/sid/icd-9-cm,
700,700,condition,Other Code,condition_description,700,Corns and callosities,http://hl7.org/fhir/sid/icd-9-cm,
110.5,110.5,condition,Other Code,condition_description,110.5,Dermatophytosis of the body,http://hl7.org/fhir/sid/icd-9-cm,
696.3,696.3,condition,Other Code,condition_description,696.3,Pityriasis rosea,http://hl7.org/fhir/sid/icd-9-cm,
789.01,789.01,condition,Other Code,condition_description,789.01,"Abdominal pain, right upper quadrant",http://hl7.org/fhir/sid/icd-9-cm,
789.02,789.02,condition,Other Code,condition_description,789.02,"Abdominal pain, left upper quadrant",http://hl7.org/fhir/sid/icd-9-cm,
K80.20,K80.20,condition,Other Code,condition_description,K80.20,Calculus of gallbladder without cholecystitis without obstruction,http://hl7.org/fhir/sid/icd-10-cm,
345.6,345.6,condition,Other Code,condition_description,345.6,Infantile spasms,http://hl7.org/fhir/sid/icd-9-cm,
J20.8,J20.8,condition,Other Code,condition_description,J20.8,Acute bronchitis due to other specified organisms,http://hl7.org/fhir/sid/icd-10-cm,
H83.3X3,H83.3X3,condition,Other Code,condition_description,H83.3X3,"Noise effects on inner ear, bilateral",http://hl7.org/fhir/sid/icd-10-cm,
784,784,condition,Other Code,condition_description,784,Symptoms involving head and neck,http://hl7.org/fhir/sid/icd-9-cm,
Q25.4,Q25.4,condition,Other Code,condition_description,Q25.4,Other congenital malformations of aorta,http://hl7.org/fhir/sid/icd-10-cm,
I51.9,I51.9,condition,Other Code,condition_description,I51.9,"Heart disease, unspecified",http://hl7.org/fhir/sid/icd-10-cm,
Q21.3,Q21.3,condition,Other Code,condition_description,Q21.3,Tetralogy of Fallot,http://hl7.org/fhir/sid/icd-10-cm,
Z01.411,Z01.411,condition,Other Code,condition_description,Z01.411,Encounter for gynecological examination (general) (routine) with abnormal findings,http://hl7.org/fhir/sid/icd-10-cm,
K22.2,K22.2,condition,Other Code,condition_description,K22.2,Esophageal obstruction,http://hl7.org/fhir/sid/icd-10-cm,
I37.1,I37.1,condition,Other Code,condition_description,I37.1,Nonrheumatic pulmonary valve insufficiency,http://hl7.org/fhir/sid/icd-10-cm,
G44.209,G44.209,condition,Other Code,condition_description,G44.209,"Tension-type headache, unspecified, not intractable",http://hl7.org/fhir/sid/icd-10-cm,
Q25.49,Q25.49,condition,Other Code,condition_description,Q25.49,Other congenital malformations of aorta,http://hl7.org/fhir/sid/icd-10-cm,
H93.233,H93.233,condition,Other Code,condition_description,H93.233,"Hyperacusis, bilateral",http://hl7.org/fhir/sid/icd-10-cm,
L67.9,L67.9,condition,Other Code,condition_description,L67.9,"Hair color and hair shaft abnormality, unspecified",http://hl7.org/fhir/sid/icd-10-cm,
G40.822,G40.822,condition,Other Code,condition_description,G40.822,"Epileptic spasms, not intractable, without status epilepticus",http://hl7.org/fhir/sid/icd-10-cm,
F51.04,F51.04,condition,Other Code,condition_description,F51.04,Psychophysiologic insomnia,http://hl7.org/fhir/sid/icd-10-cm,
Q25.47,Q25.47,condition,Other Code,condition_description,Q25.47,Right aortic arch,http://hl7.org/fhir/sid/icd-10-cm,
H91.8X1,H91.8X1,condition,Other Code,condition_description,H91.8X1,"Other specified hearing loss, right ear",http://hl7.org/fhir/sid/icd-10-cm,
J98.01,J98.01,condition,Other Code,condition_description,J98.01,Acute bronchospasm,http://hl7.org/fhir/sid/icd-10-cm,
F80.81,F80.81,condition,Other Code,condition_description,F80.81,Childhood onset fluency disorder,http://hl7.org/fhir/sid/icd-10-cm,
N91.3,N91.3,condition,Other Code,condition_description,N91.3,Primary oligomenorrhea,http://hl7.org/fhir/sid/icd-10-cm,
H04.123,H04.123,condition,Other Code,condition_description,H04.123,Dry eye syndrome of bilateral lacrimal glands,http://hl7.org/fhir/sid/icd-10-cm,
H53.043,H53.043,condition,Other Code,condition_description,H53.043,"Amblyopia suspect, bilateral",http://hl7.org/fhir/sid/icd-10-cm,
Q22.2,Q22.2,condition,Other Code,condition_description,Q22.2,Congenital pulmonary valve insufficiency,http://hl7.org/fhir/sid/icd-10-cm,
Z95.4,Z95.4,condition,Other Code,condition_description,Z95.4,Presence of other heart-valve replacement,http://hl7.org/fhir/sid/icd-10-cm,
R39.9,R39.9,condition,Other Code,condition_description,R39.9,Unspecified symptoms and signs involving the genitourinary system,http://hl7.org/fhir/sid/icd-10-cm,
D48.5,D48.5,condition,Other Code,condition_description,D48.5,Neoplasm of uncertain behavior of skin,http://hl7.org/fhir/sid/icd-10-cm,
R22.2,R22.2,condition,Other Code,condition_description,R22.2,"Localized swelling, mass and lump, trunk",http://hl7.org/fhir/sid/icd-10-cm,
Q68.1,Q68.1,condition,Other Code,condition_description,Q68.1,Congenital deformity of finger(s) and hand,http://hl7.org/fhir/sid/icd-10-cm,
Q53.9,Q53.9,condition,Other Code,condition_description,Q53.9,"Undescended testicle, unspecified",http://hl7.org/fhir/sid/icd-10-cm,
L98.8,L98.8,condition,Other Code,condition_description,L98.8,Other specified disorders of the skin and subcutaneous tissue,http://hl7.org/fhir/sid/icd-10-cm,
Z91.09,Z91.09,condition,Other Code,condition_description,Z91.09,"Other allergy status, other than to drugs and biological substances",http://hl7.org/fhir/sid/icd-10-cm,
Z80.8,Z80.8,condition,Other Code,condition_description,Z80.8,Family history of malignant neoplasm of other organs or systems,http://hl7.org/fhir/sid/icd-10-cm,
C43.59,C43.59,condition,Other Code,condition_description,C43.59,Malignant melanoma of other part of trunk,http://hl7.org/fhir/sid/icd-10-cm,
J34.2,J34.2,condition,Other Code,condition_description,J34.2,Deviated nasal septum,http://hl7.org/fhir/sid/icd-10-cm,
L57.0,L57.0,condition,Other Code,condition_description,L57.0,Actinic keratosis,http://hl7.org/fhir/sid/icd-10-cm,
J34.3,J34.3,condition,Other Code,condition_description,J34.3,Hypertrophy of nasal turbinates,http://hl7.org/fhir/sid/icd-10-cm,
H35.30,H35.30,condition,Other Code,condition_description,H35.30,Unspecified macular degeneration,http://hl7.org/fhir/sid/icd-10-cm,
Q53.10,Q53.10,condition,Other Code,condition_description,Q53.10,"Unspecified undescended testicle, unilateral",http://hl7.org/fhir/sid/icd-10-cm,
Z85.820,Z85.820,condition,Other Code,condition_description,Z85.820,Personal history of malignant melanoma of skin,http://hl7.org/fhir/sid/icd-10-cm,
D03.59,D03.59,condition,Other Code,condition_description,D03.59,Melanoma in situ of other part of trunk,http://hl7.org/fhir/sid/icd-10-cm,
H54.3,H54.3,condition,Other Code,condition_description,H54.3,"Unqualified visual loss, both eyes",http://hl7.org/fhir/sid/icd-10-cm,
Z01.00,Z01.00,condition,Other Code,condition_description,Z01.00,Encounter for examination of eyes and vision without abnormal findings,http://hl7.org/fhir/sid/icd-10-cm,
N43.3,N43.3,condition,Other Code,condition_description,N43.3,"Hydrocele, unspecified",http://hl7.org/fhir/sid/icd-10-cm,
Z80.52,Z80.52,condition,Other Code,condition_description,Z80.52,Family history of malignant neoplasm of bladder,http://hl7.org/fhir/sid/icd-10-cm,
H31.103,H31.103,condition,Other Code,condition_description,H31.103,"Choroidal degeneration, unspecified, bilateral",http://hl7.org/fhir/sid/icd-10-cm,
H31.013,H31.013,condition,Other Code,condition_description,H31.013,"Macula scars of posterior pole (postinflammatory) (post-traumatic), bilateral",http://hl7.org/fhir/sid/icd-10-cm,
C43.9,C43.9,condition,Other Code,condition_description,C43.9,"Malignant melanoma of skin, unspecified",http://hl7.org/fhir/sid/icd-10-cm,
R59.0,R59.0,condition,Other Code,condition_description,R59.0,Localized enlarged lymph nodes,http://hl7.org/fhir/sid/icd-10-cm,
H44.23,H44.23,condition,Other Code,condition_description,H44.23,"Degenerative myopia, bilateral",http://hl7.org/fhir/sid/icd-10-cm,
D69.6,D69.6,condition,Other Code,condition_description,D69.6,"Thrombocytopenia, unspecified",http://hl7.org/fhir/sid/icd-10-cm,
L57.8,L57.8,condition,Other Code,condition_description,L57.8,Other skin changes due to chronic exposure to nonionizing radiation,http://hl7.org/fhir/sid/icd-10-cm,
L82.1,L82.1,condition,Other Code,condition_description,L82.1,Other seborrheic keratosis,http://hl7.org/fhir/sid/icd-10-cm,
C34.90,C34.90,condition,Other Code,condition_description,C34.90,Malignant neoplasm of unspecified part of unspecified bronchus or lung,http://hl7.org/fhir/sid/icd-10-cm,
I47.9,I47.9,condition,Other Code,condition_description,I47.9,"Paroxysmal tachycardia, unspecified",http://hl7.org/fhir/sid/icd-10-cm,
K74.60,K74.60,condition,Other Code,condition_description,K74.60,Unspecified cirrhosis of liver,http://hl7.org/fhir/sid/icd-10-cm,
I87.1,I87.1,condition,Other Code,condition_description,I87.1,Compression of vein,http://hl7.org/fhir/sid/icd-10-cm,
H47.093,H47.093,condition,Other Code,condition_description,H47.093,"Other disorders of optic nerve, not elsewhere classified, bilateral",http://hl7.org/fhir/sid/icd-10-cm,
K74.00,K74.00,condition,Other Code,condition_description,K74.00,"Hepatic fibrosis, unspecified",http://hl7.org/fhir/sid/icd-10-cm,
Z95.3,Z95.3,condition,Other Code,condition_description,Z95.3,Presence of xenogenic heart valve,http://hl7.org/fhir/sid/icd-10-cm,
R42,R42,condition,Other Code,condition_description,R42,Dizziness and giddiness,http://hl7.org/fhir/sid/icd-10-cm,
J90,J90,condition,Other Code,condition_description,J90,"Pleural effusion, not elsewhere classified",http://hl7.org/fhir/sid/icd-10-cm,
I48.0,I48.0,condition,Other Code,condition_description,I48.0,Paroxysmal atrial fibrillation,http://hl7.org/fhir/sid/icd-10-cm,
I48.2,I48.2,condition,Other Code,condition_description,I48.2,Chronic atrial fibrillation,http://hl7.org/fhir/sid/icd-10-cm,
K26.4,K26.4,condition,Other Code,condition_description,K26.4,Chronic or unspecified duodenal ulcer with hemorrhage,http://hl7.org/fhir/sid/icd-10-cm,
K92.2,K92.2,condition,Other Code,condition_description,K92.2,"Gastrointestinal hemorrhage, unspecified",http://hl7.org/fhir/sid/icd-10-cm,
Q27.39,Q27.39,condition,Other Code,condition_description,Q27.39,"Arteriovenous malformation, other site",http://hl7.org/fhir/sid/icd-10-cm,
Z96.1,Z96.1,condition,Other Code,condition_description,Z96.1,Presence of intraocular lens,http://hl7.org/fhir/sid/icd-10-cm,
K55.21,K55.21,condition,Other Code,condition_description,K55.21,Angiodysplasia of colon with hemorrhage,http://hl7.org/fhir/sid/icd-10-cm,
H25.9,H25.9,condition,Other Code,condition_description,H25.9,Unspecified age-related cataract,http://hl7.org/fhir/sid/icd-10-cm,
H25.813,H25.813,condition,Other Code,condition_description,H25.813,"Combined forms of age-related cataract, bilateral",http://hl7.org/fhir/sid/icd-10-cm,
H25.811,H25.811,condition,Other Code,condition_description,H25.811,"Combined forms of age-related cataract, right eye",http://hl7.org/fhir/sid/icd-10-cm,
I48.91,I48.91,condition,Other Code,condition_description,I48.91,Unspecified atrial fibrillation,http://hl7.org/fhir/sid/icd-10-cm,
I48.92,I48.92,condition,Other Code,condition_description,I48.92,Unspecified atrial flutter,http://hl7.org/fhir/sid/icd-10-cm,
H26.8,H26.8,condition,Other Code,condition_description,H26.8,Other specified cataract,http://hl7.org/fhir/sid/icd-10-cm,
F51.01,F51.01,condition,Other Code,condition_description,F51.01,Primary insomnia,http://hl7.org/fhir/sid/icd-10-cm,
H25.11,H25.11,condition,Other Code,condition_description,H25.11,"Age-related nuclear cataract, right eye",http://hl7.org/fhir/sid/icd-10-cm,
Z46.1,Z46.1,condition,Other Code,condition_description,Z46.1,Encounter for fitting and adjustment of hearing aid,http://hl7.org/fhir/sid/icd-10-cm,
520.6,520.6,condition,Other Code,condition_description,520.6,Disturbances in tooth eruption,http://hl7.org/fhir/sid/icd-9-cm,
G51.0,G51.0,condition,Other Code,condition_description,G51.0,Bell's palsy,http://hl7.org/fhir/sid/icd-10-cm,
H65.499,H65.499,condition,Other Code,condition_description,H65.499,"Other chronic nonsuppurative otitis media, unspecified ear",http://hl7.org/fhir/sid/icd-10-cm,
Q38.8,Q38.8,condition,Other Code,condition_description,Q38.8,Other congenital malformations of pharynx,http://hl7.org/fhir/sid/icd-10-cm,
G47.37,G47.37,condition,Other Code,condition_description,G47.37,Central sleep apnea in conditions classified elsewhere,http://hl7.org/fhir/sid/icd-10-cm,
R49.9,R49.9,condition,Other Code,condition_description,R49.9,Unspecified voice and resonance disorder,http://hl7.org/fhir/sid/icd-10-cm,
745.9,745.9,condition,Other Code,condition_description,745.9,Unspecified defect of septal closure,http://hl7.org/fhir/sid/icd-9-cm,
705.81,705.81,condition,Other Code,condition_description,705.81,Dyshidrosis,http://hl7.org/fhir/sid/icd-9-cm,
739.1,739.1,condition,Other Code,condition_description,739.1,"Nonallopathic lesions, cervical region",http://hl7.org/fhir/sid/icd-9-cm,
216.4,216.4,condition,Other Code,condition_description,216.4,Benign neoplasm of scalp and skin of neck,http://hl7.org/fhir/sid/icd-9-cm,
424.9,424.9,condition,Other Code,condition_description,424.9,"Endocarditis, valve unspecified",http://hl7.org/fhir/sid/icd-9-cm,
L02.213,L02.213,condition,Other Code,condition_description,L02.213,Cutaneous abscess of chest wall,http://hl7.org/fhir/sid/icd-10-cm,
Z87.76,Z87.76,condition,Other Code,condition_description,Z87.76,"Personal history of (corrected) congenital malformations of integument, limbs and musculoskeletal system",http://hl7.org/fhir/sid/icd-10-cm,
H61.309,H61.309,condition,Other Code,condition_description,H61.309,"Acquired stenosis of external ear canal, unspecified, unspecified ear",http://hl7.org/fhir/sid/icd-10-cm,
J45.998,J45.998,condition,Other Code,condition_description,J45.998,Other asthma,http://hl7.org/fhir/sid/icd-10-cm,
Q79.0,Q79.0,condition,Other Code,condition_description,Q79.0,Congenital diaphragmatic hernia,http://hl7.org/fhir/sid/icd-10-cm,
Q23.3,Q23.3,condition,Other Code,condition_description,Q23.3,Congenital mitral insufficiency,http://hl7.org/fhir/sid/icd-10-cm,
K44.9,K44.9,condition,Other Code,condition_description,K44.9,Diaphragmatic hernia without obstruction or gangrene,http://hl7.org/fhir/sid/icd-10-cm,
I05.9,I05.9,condition,Other Code,condition_description,I05.9,"Rheumatic mitral valve disease, unspecified",http://hl7.org/fhir/sid/icd-10-cm,
L02.211,L02.211,condition,Other Code,condition_description,L02.211,Cutaneous abscess of abdominal wall,http://hl7.org/fhir/sid/icd-10-cm,
T82.534A,T82.534A,condition,Other Code,condition_description,T82.534A,"Leakage of infusion catheter, initial encounter",http://hl7.org/fhir/sid/icd-10-cm,
K68.19,K68.19,condition,Other Code,condition_description,K68.19,Other retroperitoneal abscess,http://hl7.org/fhir/sid/icd-10-cm,
K65.1,K65.1,condition,Other Code,condition_description,K65.1,Peritoneal abscess,http://hl7.org/fhir/sid/icd-10-cm,
T82.898A,T82.898A,condition,Other Code,condition_description,T82.898A,"Other specified complication of vascular prosthetic devices, implants and grafts, initial encounter",http://hl7.org/fhir/sid/icd-10-cm,
L02.212,L02.212,condition,Other Code,condition_description,L02.212,"Cutaneous abscess of back [any part, except buttock]",http://hl7.org/fhir/sid/icd-10-cm,
H92.21,H92.21,condition,Other Code,condition_description,H92.21,"Otorrhagia, right ear",http://hl7.org/fhir/sid/icd-10-cm,
Z18.89,Z18.89,condition,Other Code,condition_description,Z18.89,Other specified retained foreign body fragments,http://hl7.org/fhir/sid/icd-10-cm,
T88.8XXA,T88.8XXA,condition,Other Code,condition_description,T88.8XXA,"Other specified complications of surgical and medical care, not elsewhere classified, initial encounter",http://hl7.org/fhir/sid/icd-10-cm,
Y84.8,Y84.8,condition,Other Code,condition_description,Y84.8,"Other medical procedures as the cause of abnormal reaction of the patient, or of later complication, without mention of misadventure at the time of the procedure",http://hl7.org/fhir/sid/icd-10-cm,
Y92.89,Y92.89,condition,Other Code,condition_description,Y92.89,Other specified places as the place of occurrence of the external cause,http://hl7.org/fhir/sid/icd-10-cm,
N17.0,N17.0,condition,Other Code,condition_description,N17.0,Acute kidney failure with tubular necrosis,http://hl7.org/fhir/sid/icd-10-cm,
Y83.8,Y83.8,condition,Other Code,condition_description,Y83.8,"Other surgical procedures as the cause of abnormal reaction of the patient, or of later complication, without mention of misadventure at the time of the procedure",http://hl7.org/fhir/sid/icd-10-cm,
M79.5,M79.5,condition,Other Code,condition_description,M79.5,Residual foreign body in soft tissue,http://hl7.org/fhir/sid/icd-10-cm,
T79.7XXA,T79.7XXA,condition,Other Code,condition_description,T79.7XXA,"Traumatic subcutaneous emphysema, initial encounter",http://hl7.org/fhir/sid/icd-10-cm,
Y83.9,Y83.9,condition,Other Code,condition_description,Y83.9,"Surgical procedure, unspecified as the cause of abnormal reaction of the patient, or of later complication, without mention of misadventure at the time of the procedure",http://hl7.org/fhir/sid/icd-10-cm,
L03.319,L03.319,condition,Other Code,condition_description,L03.319,"Cellulitis of trunk, unspecified",http://hl7.org/fhir/sid/icd-10-cm,
T81.4XXS,T81.4XXS,condition,Other Code,condition_description,T81.4XXS,"Infection following a procedure, sequela",http://hl7.org/fhir/sid/icd-10-cm,
L02.219,L02.219,condition,Other Code,condition_description,L02.219,"Cutaneous abscess of trunk, unspecified",http://hl7.org/fhir/sid/icd-10-cm,
K68.11,K68.11,condition,Other Code,condition_description,K68.11,Postprocedural retroperitoneal abscess,http://hl7.org/fhir/sid/icd-10-cm,
K11.20,K11.20,condition,Other Code,condition_description,K11.20,"Sialoadenitis, unspecified",http://hl7.org/fhir/sid/icd-10-cm,
T81.4XXA,T81.4XXA,condition,Other Code,condition_description,T81.4XXA,"Infection following a procedure, initial encounter",http://hl7.org/fhir/sid/icd-10-cm,
Z46.82,Z46.82,condition,Other Code,condition_description,Z46.82,Encounter for fitting and adjustment of non-vascular catheter,http://hl7.org/fhir/sid/icd-10-cm,
T81.30XA,T81.30XA,condition,Other Code,condition_description,T81.30XA,"Disruption of wound, unspecified, initial encounter",http://hl7.org/fhir/sid/icd-10-cm,
H10.89,H10.89,condition,Other Code,condition_description,H10.89,Other conjunctivitis,http://hl7.org/fhir/sid/icd-10-cm,
L72.3,L72.3,condition,Other Code,condition_description,L72.3,Sebaceous cyst,http://hl7.org/fhir/sid/icd-10-cm,
L81.4,L81.4,condition,Other Code,condition_description,L81.4,Other melanin hyperpigmentation,http://hl7.org/fhir/sid/icd-10-cm,
L40.1,L40.1,condition,Other Code,condition_description,L40.1,Generalized pustular psoriasis,http://hl7.org/fhir/sid/icd-10-cm,
Z29.9,Z29.9,condition,Other Code,condition_description,Z29.9,"Encounter for prophylactic measures, unspecified",http://hl7.org/fhir/sid/icd-10-cm,
N32.89,N32.89,condition,Other Code,condition_description,N32.89,Other specified disorders of bladder,http://hl7.org/fhir/sid/icd-10-cm,
M89.38,M89.38,condition,Other Code,condition_description,M89.38,"Hypertrophy of bone, other site",http://hl7.org/fhir/sid/icd-10-cm,
M47.817,M47.817,condition,Other Code,condition_description,M47.817,"Spondylosis without myelopathy or radiculopathy, lumbosacral region",http://hl7.org/fhir/sid/icd-10-cm,
K63.89,K63.89,condition,Other Code,condition_description,K63.89,Other specified diseases of intestine,http://hl7.org/fhir/sid/icd-10-cm,
715.37,715.37,condition,Other Code,condition_description,715.37,"Osteoarthrosis, localized, not specified whether primary or secondary, ankle and foot",http://hl7.org/fhir/sid/icd-9-cm,
735,735,condition,Other Code,condition_description,735,Acquired deformities of toe,http://hl7.org/fhir/sid/icd-9-cm,
256.31,256.31,condition,Other Code,condition_description,256.31,Premature menopause,http://hl7.org/fhir/sid/icd-9-cm,
M21.619,M21.619,condition,Other Code,condition_description,M21.619,Bunion of unspecified foot,http://hl7.org/fhir/sid/icd-10-cm,
L92.0,L92.0,condition,Other Code,condition_description,L92.0,Granuloma annulare,http://hl7.org/fhir/sid/icd-10-cm,
M85.89,M85.89,condition,Other Code,condition_description,M85.89,"Other specified disorders of bone density and structure, multiple sites",http://hl7.org/fhir/sid/icd-10-cm,
M84.375A,M84.375A,condition,Other Code,condition_description,M84.375A,"Stress fracture, left foot, initial encounter for fracture",http://hl7.org/fhir/sid/icd-10-cm,
M19.072,M19.072,condition,Other Code,condition_description,M19.072,"Primary osteoarthritis, left ankle and foot",http://hl7.org/fhir/sid/icd-10-cm,
L65.8,L65.8,condition,Other Code,condition_description,L65.8,Other specified nonscarring hair loss,http://hl7.org/fhir/sid/icd-10-cm,
E816.1,E816.1,condition,Other Code,condition_description,E816.1,"Motor vehicle traffic accident due to loss of control, without collision on the highway, injuring passenger in motor vehicle other than motorcycle",http://hl7.org/fhir/sid/icd-9-cm,
790.22,790.22,condition,Other Code,condition_description,790.22,Impaired glucose tolerance test (oral),http://hl7.org/fhir/sid/icd-9-cm,
272.2,272.2,condition,Other Code,condition_description,272.2,Mixed hyperlipidemia,http://hl7.org/fhir/sid/icd-9-cm,
272,272,condition,Other Code,condition_description,272,Disorders of lipoid metabolism,http://hl7.org/fhir/sid/icd-9-cm,
268.2,268.2,condition,Other Code,condition_description,268.2,"Osteomalacia, unspecified",http://hl7.org/fhir/sid/icd-9-cm,
384.82,384.82,condition,Other Code,condition_description,384.82,Atrophic nonflaccid tympanic membrane,http://hl7.org/fhir/sid/icd-9-cm,
380.5,380.5,condition,Other Code,condition_description,380.5,Acquired stenosis of external ear canal,http://hl7.org/fhir/sid/icd-9-cm,
384.2,384.2,condition,Other Code,condition_description,384.2,Perforation of tympanic membrane,http://hl7.org/fhir/sid/icd-9-cm,
H72.93,H72.93,condition,Other Code,condition_description,H72.93,"Unspecified perforation of tympanic membrane, bilateral",http://hl7.org/fhir/sid/icd-10-cm,
H61.302,H61.302,condition,Other Code,condition_description,H61.302,"Acquired stenosis of left external ear canal, unspecified",http://hl7.org/fhir/sid/icd-10-cm,
I34.1,I34.1,condition,Other Code,condition_description,I34.1,Nonrheumatic mitral (valve) prolapse,http://hl7.org/fhir/sid/icd-10-cm,
R59.9,R59.9,condition,Other Code,condition_description,R59.9,"Enlarged lymph nodes, unspecified",http://hl7.org/fhir/sid/icd-10-cm,
H72.01,H72.01,condition,Other Code,condition_description,H72.01,"Central perforation of tympanic membrane, right ear",http://hl7.org/fhir/sid/icd-10-cm,
785.2,785.2,condition,Other Code,condition_description,785.2,Undiagnosed cardiac murmurs,http://hl7.org/fhir/sid/icd-9-cm,
454.9,454.9,condition,Other Code,condition_description,454.9,Asymptomatic varicose veins,http://hl7.org/fhir/sid/icd-9-cm,
V41.2,V41.2,condition,Other Code,condition_description,V41.2,Problems with hearing,http://hl7.org/fhir/sid/icd-9-cm,
I83.90,I83.90,condition,Other Code,condition_description,I83.90,Asymptomatic varicose veins of unspecified lower extremity,http://hl7.org/fhir/sid/icd-10-cm,
R19.4,R19.4,condition,Other Code,condition_description,R19.4,Change in bowel habit,http://hl7.org/fhir/sid/icd-10-cm,
H66.004,H66.004,condition,Other Code,condition_description,H66.004,"Acute suppurative otitis media without spontaneous rupture of ear drum, recurrent, right ear",http://hl7.org/fhir/sid/icd-10-cm,
H90.A31,H90.A31,condition,Other Code,condition_description,H90.A31,"Mixed conductive and sensorineural hearing loss, unilateral, right ear with restricted hearing on the contralateral side",http://hl7.org/fhir/sid/icd-10-cm,
R39.11,R39.11,condition,Other Code,condition_description,R39.11,Hesitancy of micturition,http://hl7.org/fhir/sid/icd-10-cm,
845,845,condition,Other Code,condition_description,845,Sprains and strains of ankle and foot,http://hl7.org/fhir/sid/icd-9-cm,
425.4,425.4,condition,Other Code,condition_description,425.4,Other primary cardiomyopathies,http://hl7.org/fhir/sid/icd-9-cm,
754.61,754.61,condition,Other Code,condition_description,754.61,Congenital pes planus,http://hl7.org/fhir/sid/icd-9-cm,
V17.2,V17.2,condition,Other Code,condition_description,V17.2,Family history of other neurological diseases,http://hl7.org/fhir/sid/icd-9-cm,
351,351,condition,Other Code,condition_description,351,Facial nerve disorders,http://hl7.org/fhir/sid/icd-9-cm,
754.81,754.81,condition,Other Code,condition_description,754.81,Pectus excavatum,http://hl7.org/fhir/sid/icd-9-cm,
289.89,289.89,condition,Other Code,condition_description,289.89,Other specified diseases of blood and blood-forming organs,http://hl7.org/fhir/sid/icd-9-cm,
682.1,682.1,condition,Other Code,condition_description,682.1,Cellulitis and abscess of neck,http://hl7.org/fhir/sid/icd-9-cm,
710.2,710.2,condition,Other Code,condition_description,710.2,Sicca syndrome,http://hl7.org/fhir/sid/icd-9-cm,
711.89,711.89,condition,Other Code,condition_description,711.89,"Arthropathy associated with other infectious and parasitic diseases, multiple sites",http://hl7.org/fhir/sid/icd-9-cm,
719.06,719.06,condition,Other Code,condition_description,719.06,"Effusion of joint, lower leg",http://hl7.org/fhir/sid/icd-9-cm,
E906.4,E906.4,condition,Other Code,condition_description,E906.4,Bite of nonvenomous arthropod,http://hl7.org/fhir/sid/icd-9-cm,
88.81,88.81,condition,Other Code,condition_description,88.81,Cerebral thermography,http://hl7.org/fhir/sid/icd-9-cm,
R22.9,R22.9,condition,Other Code,condition_description,R22.9,"Localized swelling, mass and lump, unspecified",http://hl7.org/fhir/sid/icd-10-cm,
H54.0,H54.0,condition,Other Code,condition_description,H54.0,"Blindness, both eyes",http://hl7.org/fhir/sid/icd-10-cm,
L02.11,L02.11,condition,Other Code,condition_description,L02.11,Cutaneous abscess of neck,http://hl7.org/fhir/sid/icd-10-cm,
D23.4,D23.4,condition,Other Code,condition_description,D23.4,Other benign neoplasm of skin of scalp and neck,http://hl7.org/fhir/sid/icd-10-cm,
A02.0,A02.0,condition,Other Code,condition_description,A02.0,Salmonella enteritis,http://hl7.org/fhir/sid/icd-10-cm,
A02.9,A02.9,condition,Other Code,condition_description,A02.9,"Salmonella infection, unspecified",http://hl7.org/fhir/sid/icd-10-cm,
H54.8,H54.8,condition,Other Code,condition_description,H54.8,"Legal blindness, as defined in USA",http://hl7.org/fhir/sid/icd-10-cm,
K52.832,K52.832,condition,Other Code,condition_description,K52.832,Lymphocytic colitis,http://hl7.org/fhir/sid/icd-10-cm,
K12.1,K12.1,condition,Other Code,condition_description,K12.1,Other forms of stomatitis,http://hl7.org/fhir/sid/icd-10-cm,
Z03.818,Z03.818,condition,Other Code,condition_description,Z03.818,Encounter for observation for suspected exposure to other biological agents ruled out,http://hl7.org/fhir/sid/icd-10-cm,
E87.6,E87.6,condition,Other Code,condition_description,E87.6,Hypokalemia,http://hl7.org/fhir/sid/icd-10-cm,
D83.9,D83.9,condition,Other Code,condition_description,D83.9,"Common variable immunodeficiency, unspecified",http://hl7.org/fhir/sid/icd-10-cm,
B02.8,B02.8,condition,Other Code,condition_description,B02.8,Zoster with other complications,http://hl7.org/fhir/sid/icd-10-cm,
J44.9,J44.9,condition,Other Code,condition_description,J44.9,"Chronic obstructive pulmonary disease, unspecified",http://hl7.org/fhir/sid/icd-10-cm,
M50.321,M50.321,condition,Other Code,condition_description,M50.321,Other cervical disc degeneration at C4-C5 level,http://hl7.org/fhir/sid/icd-10-cm,
T82.594A,T82.594A,condition,Other Code,condition_description,T82.594A,"Other mechanical complication of infusion catheter, initial encounter",http://hl7.org/fhir/sid/icd-10-cm,
G93.2,G93.2,condition,Other Code,condition_description,G93.2,Benign intracranial hypertension,http://hl7.org/fhir/sid/icd-10-cm,
M50.322,M50.322,condition,Other Code,condition_description,M50.322,Other cervical disc degeneration at C5-C6 level,http://hl7.org/fhir/sid/icd-10-cm,
Z95.828,Z95.828,condition,Other Code,condition_description,Z95.828,Presence of other vascular implants and grafts,http://hl7.org/fhir/sid/icd-10-cm,
Y82.9,Y82.9,condition,Other Code,condition_description,Y82.9,Unspecified medical devices associated with adverse incidents,http://hl7.org/fhir/sid/icd-10-cm,
G54.2,G54.2,condition,Other Code,condition_description,G54.2,"Cervical root disorders, not elsewhere classified",http://hl7.org/fhir/sid/icd-10-cm,
M99.81,M99.81,condition,Other Code,condition_description,M99.81,Other biomechanical lesions of cervical region,http://hl7.org/fhir/sid/icd-10-cm,
M79.2,M79.2,condition,Other Code,condition_description,M79.2,"Neuralgia and neuritis, unspecified",http://hl7.org/fhir/sid/icd-10-cm,
Y63.3,Y63.3,condition,Other Code,condition_description,Y63.3,Inadvertent exposure of patient to radiation during medical care,http://hl7.org/fhir/sid/icd-10-cm,
I82.C21,I82.C21,condition,Other Code,condition_description,I82.C21,Chronic embolism and thrombosis of right internal jugular vein,http://hl7.org/fhir/sid/icd-10-cm,
I45.89,I45.89,condition,Other Code,condition_description,I45.89,Other specified conduction disorders,http://hl7.org/fhir/sid/icd-10-cm,
Y92.009,Y92.009,condition,Other Code,condition_description,Y92.009,Unspecified place in unspecified non-institutional (private) residence as the place of occurrence of the external cause,http://hl7.org/fhir/sid/icd-10-cm,
I82.C12,I82.C12,condition,Other Code,condition_description,I82.C12,Acute embolism and thrombosis of left internal jugular vein,http://hl7.org/fhir/sid/icd-10-cm,
I82.91,I82.91,condition,Other Code,condition_description,I82.91,Chronic embolism and thrombosis of unspecified vein,http://hl7.org/fhir/sid/icd-10-cm,
I82.291,I82.291,condition,Other Code,condition_description,I82.291,Chronic embolism and thrombosis of other thoracic veins,http://hl7.org/fhir/sid/icd-10-cm,
I82.629,I82.629,condition,Other Code,condition_description,I82.629,Acute embolism and thrombosis of deep veins of unspecified upper extremity,http://hl7.org/fhir/sid/icd-10-cm,
H18.621,H18.621,condition,Other Code,condition_description,H18.621,"Keratoconus, unstable, right eye",http://hl7.org/fhir/sid/icd-10-cm,
H18.602,H18.602,condition,Other Code,condition_description,H18.602,"Keratoconus, unspecified, left eye",http://hl7.org/fhir/sid/icd-10-cm,
T50.901A,T50.901A,condition,Other Code,condition_description,T50.901A,"Poisoning by unspecified drugs, medicaments and biological substances, accidental (unintentional), initial encounter",http://hl7.org/fhir/sid/icd-10-cm,
F06.4,F06.4,condition,Other Code,condition_description,F06.4,Anxiety disorder due to known physiological condition,http://hl7.org/fhir/sid/icd-10-cm,
S82.401A,S82.401A,condition,Other Code,condition_description,S82.401A,"Unspecified fracture of shaft of right fibula, initial encounter for closed fracture",http://hl7.org/fhir/sid/icd-10-cm,
S82.891S,S82.891S,condition,Other Code,condition_description,S82.891S,"Other fracture of right lower leg, sequela",http://hl7.org/fhir/sid/icd-10-cm,
S82.891A,S82.891A,condition,Other Code,condition_description,S82.891A,"Other fracture of right lower leg, initial encounter for closed fracture",http://hl7.org/fhir/sid/icd-10-cm,
E78.6,E78.6,condition,Other Code,condition_description,E78.6,Lipoprotein deficiency,http://hl7.org/fhir/sid/icd-10-cm,
T36.8X5A,T36.8X5A,condition,Other Code,condition_description,T36.8X5A,"Adverse effect of other systemic antibiotics, initial encounter",http://hl7.org/fhir/sid/icd-10-cm,
L50.0,L50.0,condition,Other Code,condition_description,L50.0,Allergic urticaria,http://hl7.org/fhir/sid/icd-10-cm,
F42.4,F42.4,condition,Other Code,condition_description,F42.4,Excoriation (skin-picking) disorder,http://hl7.org/fhir/sid/icd-10-cm,
L30.1,L30.1,condition,Other Code,condition_description,L30.1,Dyshidrosis [pompholyx],http://hl7.org/fhir/sid/icd-10-cm,
Z68.33,Z68.33,condition,Other Code,condition_description,Z68.33,"Body mass index [BMI] 33.0-33.9, adult",http://hl7.org/fhir/sid/icd-10-cm,
Z96.82,Z96.82,condition,Other Code,condition_description,Z96.82,Presence of neurostimulator,http://hl7.org/fhir/sid/icd-10-cm,
J38.00,J38.00,condition,Other Code,condition_description,J38.00,"Paralysis of vocal cords and larynx, unspecified",http://hl7.org/fhir/sid/icd-10-cm,
J38.3,J38.3,condition,Other Code,condition_description,J38.3,Other diseases of vocal cords,http://hl7.org/fhir/sid/icd-10-cm,
T78.40XS,T78.40XS,condition,Other Code,condition_description,T78.40XS,"Allergy, unspecified, sequela",http://hl7.org/fhir/sid/icd-10-cm,
Z85.828,Z85.828,condition,Other Code,condition_description,Z85.828,Personal history of other malignant neoplasm of skin,http://hl7.org/fhir/sid/icd-10-cm,
J38.2,J38.2,condition,Other Code,condition_description,J38.2,Nodules of vocal cords,http://hl7.org/fhir/sid/icd-10-cm,
M21.961,M21.961,condition,Other Code,condition_description,M21.961,Unspecified acquired deformity of right lower leg,http://hl7.org/fhir/sid/icd-10-cm,
J38.1,J38.1,condition,Other Code,condition_description,J38.1,Polyp of vocal cord and larynx,http://hl7.org/fhir/sid/icd-10-cm,
M21.962,M21.962,condition,Other Code,condition_description,M21.962,Unspecified acquired deformity of left lower leg,http://hl7.org/fhir/sid/icd-10-cm,
D49.2,D49.2,condition,Other Code,condition_description,D49.2,"Neoplasm of unspecified behavior of bone, soft tissue, and skin",http://hl7.org/fhir/sid/icd-10-cm,
Z86.006,Z86.006,condition,Other Code,condition_description,Z86.006,Personal history of melanoma in-situ,http://hl7.org/fhir/sid/icd-10-cm,
Z01.110,Z01.110,condition,Other Code,condition_description,Z01.110,Encounter for hearing examination following failed hearing screening,http://hl7.org/fhir/sid/icd-10-cm,
B96.89,B96.89,condition,Other Code,condition_description,B96.89,Other specified bacterial agents as the cause of diseases classified elsewhere,http://hl7.org/fhir/sid/icd-10-cm,
N13.1,N13.1,condition,Other Code,condition_description,N13.1,"Hydronephrosis with ureteral stricture, not elsewhere classified",http://hl7.org/fhir/sid/icd-10-cm,
Z90.49,Z90.49,condition,Other Code,condition_description,Z90.49,Acquired absence of other specified parts of digestive tract,http://hl7.org/fhir/sid/icd-10-cm,
N18.4,N18.4,condition,Other Code,condition_description,N18.4,"Chronic kidney disease, stage 4 (severe)",http://hl7.org/fhir/sid/icd-10-cm,
N30.01,N30.01,condition,Other Code,condition_description,N30.01,Acute cystitis with hematuria,http://hl7.org/fhir/sid/icd-10-cm,
A41.89,A41.89,condition,Other Code,condition_description,A41.89,Other specified sepsis,http://hl7.org/fhir/sid/icd-10-cm,
D63.1,D63.1,condition,Other Code,condition_description,D63.1,Anemia in chronic kidney disease,http://hl7.org/fhir/sid/icd-10-cm,
N25.81,N25.81,condition,Other Code,condition_description,N25.81,Secondary hyperparathyroidism of renal origin,http://hl7.org/fhir/sid/icd-10-cm,
R06.82,R06.82,condition,Other Code,condition_description,R06.82,"Tachypnea, not elsewhere classified",http://hl7.org/fhir/sid/icd-10-cm,
N13.732,N13.732,condition,Other Code,condition_description,N13.732,"Vesicoureteral-reflux with reflux nephropathy with hydroureter, bilateral",http://hl7.org/fhir/sid/icd-10-cm,
J11.1,J11.1,condition,Other Code,condition_description,J11.1,Influenza due to unidentified influenza virus with other respiratory manifestations,http://hl7.org/fhir/sid/icd-10-cm,
A41.51,A41.51,condition,Other Code,condition_description,A41.51,Sepsis due to Escherichia coli [E. coli],http://hl7.org/fhir/sid/icd-10-cm,
N28.9,N28.9,condition,Other Code,condition_description,N28.9,"Disorder of kidney and ureter, unspecified",http://hl7.org/fhir/sid/icd-10-cm,
R82.99,R82.99,condition,Other Code,condition_description,R82.99,Other abnormal findings in urine,http://hl7.org/fhir/sid/icd-10-cm,
R65.20,R65.20,condition,Other Code,condition_description,R65.20,Severe sepsis without septic shock,http://hl7.org/fhir/sid/icd-10-cm,
N13.721,N13.721,condition,Other Code,condition_description,N13.721,"Vesicoureteral-reflux with reflux nephropathy without hydroureter, unilateral",http://hl7.org/fhir/sid/icd-10-cm,
B96.20,B96.20,condition,Other Code,condition_description,B96.20,Unspecified Escherichia coli [E. coli] as the cause of diseases classified elsewhere,http://hl7.org/fhir/sid/icd-10-cm,
N13.70,N13.70,condition,Other Code,condition_description,N13.70,"Vesicoureteral-reflux, unspecified",http://hl7.org/fhir/sid/icd-10-cm,
Z99.2,Z99.2,condition,Other Code,condition_description,Z99.2,Dependence on renal dialysis,http://hl7.org/fhir/sid/icd-10-cm,
R60.0,R60.0,condition,Other Code,condition_description,R60.0,Localized edema,http://hl7.org/fhir/sid/icd-10-cm,
F17.220,F17.220,condition,Other Code,condition_description,F17.220,"Nicotine dependence, chewing tobacco, uncomplicated",http://hl7.org/fhir/sid/icd-10-cm,
N18.6,N18.6,condition,Other Code,condition_description,N18.6,End stage renal disease,http://hl7.org/fhir/sid/icd-10-cm,
F43.24,F43.24,condition,Other Code,condition_description,F43.24,Adjustment disorder with disturbance of conduct,http://hl7.org/fhir/sid/icd-10-cm,
N13.722,N13.722,condition,Other Code,condition_description,N13.722,"Vesicoureteral-reflux with reflux nephropathy without hydroureter, bilateral",http://hl7.org/fhir/sid/icd-10-cm,
R45.851,R45.851,condition,Other Code,condition_description,R45.851,Suicidal ideations,http://hl7.org/fhir/sid/icd-10-cm,
N31.2,N31.2,condition,Other Code,condition_description,N31.2,"Flaccid neuropathic bladder, not elsewhere classified",http://hl7.org/fhir/sid/icd-10-cm,
Z93.6,Z93.6,condition,Other Code,condition_description,Z93.6,Other artificial openings of urinary tract status,http://hl7.org/fhir/sid/icd-10-cm,
Z96.0,Z96.0,condition,Other Code,condition_description,Z96.0,Presence of urogenital implants,http://hl7.org/fhir/sid/icd-10-cm,
Z75.1,Z75.1,condition,Other Code,condition_description,Z75.1,Person awaiting admission to adequate facility elsewhere,http://hl7.org/fhir/sid/icd-10-cm,
T83.098A,T83.098A,condition,Other Code,condition_description,T83.098A,"Other mechanical complication of other urinary catheter, initial encounter",http://hl7.org/fhir/sid/icd-10-cm,
T83.030A,T83.030A,condition,Other Code,condition_description,T83.030A,"Leakage of cystostomy catheter, initial encounter",http://hl7.org/fhir/sid/icd-10-cm,
A41.52,A41.52,condition,Other Code,condition_description,A41.52,Sepsis due to Pseudomonas,http://hl7.org/fhir/sid/icd-10-cm,
Z91.51,Z91.51,condition,Other Code,condition_description,Z91.51,Personal history of suicidal behavior,http://hl7.org/fhir/sid/icd-10-cm,
T14.91XA,T14.91XA,condition,Other Code,condition_description,T14.91XA,"Suicide attempt, initial encounter",http://hl7.org/fhir/sid/icd-10-cm,
Z93.59,Z93.59,condition,Other Code,condition_description,Z93.59,Other cystostomy status,http://hl7.org/fhir/sid/icd-10-cm,
I12.0,I12.0,condition,Other Code,condition_description,I12.0,Hypertensive chronic kidney disease with stage 5 chronic kidney disease or end stage renal disease,http://hl7.org/fhir/sid/icd-10-cm,
T14.91XD,T14.91XD,condition,Other Code,condition_description,T14.91XD,"Suicide attempt, subsequent encounter",http://hl7.org/fhir/sid/icd-10-cm,
F33.2,F33.2,condition,Other Code,condition_description,F33.2,"Major depressive disorder, recurrent severe without psychotic features",http://hl7.org/fhir/sid/icd-10-cm,
I25.10,I25.10,condition,Other Code,condition_description,I25.10,Atherosclerotic heart disease of native coronary artery without angina pectoris,http://hl7.org/fhir/sid/icd-10-cm,
T83.018A,T83.018A,condition,Other Code,condition_description,T83.018A,"Breakdown (mechanical) of other urinary catheter, initial encounter",http://hl7.org/fhir/sid/icd-10-cm,
T83.510A,T83.510A,condition,Other Code,condition_description,T83.510A,"Infection and inflammatory reaction due to cystostomy catheter, initial encounter",http://hl7.org/fhir/sid/icd-10-cm,
E21.3,E21.3,condition,Other Code,condition_description,E21.3,"Hyperparathyroidism, unspecified",http://hl7.org/fhir/sid/icd-10-cm,
B96.5,B96.5,condition,Other Code,condition_description,B96.5,Pseudomonas (aeruginosa) (mallei) (pseudomallei) as the cause of diseases classified elsewhere,http://hl7.org/fhir/sid/icd-10-cm,
R82.71,R82.71,condition,Other Code,condition_description,R82.71,Bacteriuria,http://hl7.org/fhir/sid/icd-10-cm,
T82.868A,T82.868A,condition,Other Code,condition_description,T82.868A,"Thrombosis due to vascular prosthetic devices, implants and grafts, initial encounter",http://hl7.org/fhir/sid/icd-10-cm,
T83.518A,T83.518A,condition,Other Code,condition_description,T83.518A,"Infection and inflammatory reaction due to other urinary catheter, initial encounter",http://hl7.org/fhir/sid/icd-10-cm,
A41.81,A41.81,condition,Other Code,condition_description,A41.81,Sepsis due to Enterococcus,http://hl7.org/fhir/sid/icd-10-cm,
Z48.00,Z48.00,condition,Other Code,condition_description,Z48.00,Encounter for change or removal of nonsurgical wound dressing,http://hl7.org/fhir/sid/icd-10-cm,
I25.9,I25.9,condition,Other Code,condition_description,I25.9,"Chronic ischemic heart disease, unspecified",http://hl7.org/fhir/sid/icd-10-cm,
599.0,599.0,condition,Other Code,condition_description,599.0,"Urinary tract infection, site not specified",http://hl7.org/fhir/sid/icd-9-cm,
598.9,598.9,condition,Other Code,condition_description,598.9,"Urethral stricture, unspecified",http://hl7.org/fhir/sid/icd-9-cm,
307.20,307.20,condition,Other Code,condition_description,307.20,"Tic disorder, unspecified",http://hl7.org/fhir/sid/icd-9-cm,
477.8,477.8,condition,Other Code,condition_description,477.8,Allergic rhinitis due to other allergen,http://hl7.org/fhir/sid/icd-9-cm,
367.0,367.0,condition,Other Code,condition_description,367.0,Hypermetropia,http://hl7.org/fhir/sid/icd-9-cm,
V72.1,V72.1,condition,Other Code,condition_description,V72.1,Examination of ears and hearing,http://hl7.org/fhir/sid/icd-9-cm,
389.2,389.2,condition,Other Code,condition_description,389.2,Mixed conductive and sensorineural hearing loss,http://hl7.org/fhir/sid/icd-9-cm,
296.81,296.81,condition,Other Code,condition_description,296.81,Atypical manic disorder,http://hl7.org/fhir/sid/icd-9-cm,
296.50,296.50,condition,Other Code,condition_description,296.50,"Bipolar I disorder, most recent episode (or current) depressed, unspecified",http://hl7.org/fhir/sid/icd-9-cm,
296.89,296.89,condition,Other Code,condition_description,296.89,Other bipolar disorders,http://hl7.org/fhir/sid/icd-9-cm,
318.1,318.1,condition,Other Code,condition_description,318.1,Severe intellectual disabilities,http://hl7.org/fhir/sid/icd-9-cm,
296.90,296.90,condition,Other Code,condition_description,296.90,Unspecified episodic mood disorder,http://hl7.org/fhir/sid/icd-9-cm,
318.0,318.0,condition,Other Code,condition_description,318.0,Moderate intellectual disabilities,http://hl7.org/fhir/sid/icd-9-cm,
245.9,245.9,condition,Other Code,condition_description,245.9,"Thyroiditis, unspecified",http://hl7.org/fhir/sid/icd-9-cm,
569.89,569.89,condition,Other Code,condition_description,569.89,Other specified disorders of intestine,http://hl7.org/fhir/sid/icd-9-cm,
787.99,787.99,condition,Other Code,condition_description,787.99,Other symptoms involving digestive system,http://hl7.org/fhir/sid/icd-9-cm,
692.4,692.4,condition,Other Code,condition_description,692.4,Contact dermatitis and other eczema due to other chemical products,http://hl7.org/fhir/sid/icd-9-cm,
V82.81,V82.81,condition,Other Code,condition_description,V82.81,Special screening for osteoporosis,http://hl7.org/fhir/sid/icd-9-cm,
787.1,787.1,condition,Other Code,condition_description,787.1,Heartburn,http://hl7.org/fhir/sid/icd-9-cm,
L25.9,L25.9,condition,Other Code,condition_description,L25.9,"Unspecified contact dermatitis, unspecified cause",http://hl7.org/fhir/sid/icd-10-cm,
E83.110,E83.110,condition,Other Code,condition_description,E83.110,Hereditary hemochromatosis,http://hl7.org/fhir/sid/icd-10-cm,
E83.119,E83.119,condition,Other Code,condition_description,E83.119,"Hemochromatosis, unspecified",http://hl7.org/fhir/sid/icd-10-cm,
L23.9,L23.9,condition,Other Code,condition_description,L23.9,"Allergic contact dermatitis, unspecified cause",http://hl7.org/fhir/sid/icd-10-cm,
E05.90,E05.90,condition,Other Code,condition_description,E05.90,"Thyrotoxicosis, unspecified without thyrotoxic crisis or storm",http://hl7.org/fhir/sid/icd-10-cm,
R79.82,R79.82,condition,Other Code,condition_description,R79.82,Elevated C-reactive protein (CRP),http://hl7.org/fhir/sid/icd-10-cm,
J96.01,J96.01,condition,Other Code,condition_description,J96.01,Acute respiratory failure with hypoxia,http://hl7.org/fhir/sid/icd-10-cm,
B97.10,B97.10,condition,Other Code,condition_description,B97.10,Unspecified enterovirus as the cause of diseases classified elsewhere,http://hl7.org/fhir/sid/icd-10-cm,
N13.39,N13.39,condition,Other Code,condition_description,N13.39,Other hydronephrosis,http://hl7.org/fhir/sid/icd-10-cm,
J98.11,J98.11,condition,Other Code,condition_description,J98.11,Atelectasis,http://hl7.org/fhir/sid/icd-10-cm,
N20.1,N20.1,condition,Other Code,condition_description,N20.1,Calculus of ureter,http://hl7.org/fhir/sid/icd-10-cm,
R82.8,R82.8,condition,Other Code,condition_description,R82.8,Abnormal findings on cytological and histological examination of urine,http://hl7.org/fhir/sid/icd-10-cm,
Z87.442,Z87.442,condition,Other Code,condition_description,Z87.442,Personal history of urinary calculi,http://hl7.org/fhir/sid/icd-10-cm,
J81.1,J81.1,condition,Other Code,condition_description,J81.1,Chronic pulmonary edema,http://hl7.org/fhir/sid/icd-10-cm,
N13.6,N13.6,condition,Other Code,condition_description,N13.6,Pyonephrosis,http://hl7.org/fhir/sid/icd-10-cm,
N28.89,N28.89,condition,Other Code,condition_description,N28.89,Other specified disorders of kidney and ureter,http://hl7.org/fhir/sid/icd-10-cm,
Z46.6,Z46.6,condition,Other Code,condition_description,Z46.6,Encounter for fitting and adjustment of urinary device,http://hl7.org/fhir/sid/icd-10-cm,
N13.2,N13.2,condition,Other Code,condition_description,N13.2,Hydronephrosis with renal and ureteral calculous obstruction,http://hl7.org/fhir/sid/icd-10-cm,
N42.0,N42.0,condition,Other Code,condition_description,N42.0,Calculus of prostate,http://hl7.org/fhir/sid/icd-10-cm,
J98.4,J98.4,condition,Other Code,condition_description,J98.4,Other disorders of lung,http://hl7.org/fhir/sid/icd-10-cm,
N10,N10,condition,Other Code,condition_description,N10,Acute pyelonephritis,http://hl7.org/fhir/sid/icd-10-cm,
N30.90,N30.90,condition,Other Code,condition_description,N30.90,"Cystitis, unspecified without hematuria",http://hl7.org/fhir/sid/icd-10-cm,
W22.01XA,W22.01XA,condition,Other Code,condition_description,W22.01XA,"Walked into wall, initial encounter",http://hl7.org/fhir/sid/icd-10-cm,
Z87.448,Z87.448,condition,Other Code,condition_description,Z87.448,Personal history of other diseases of urinary system,http://hl7.org/fhir/sid/icd-10-cm,
N35.919,N35.919,condition,Other Code,condition_description,N35.919,"Unspecified urethral stricture, male, unspecified site",http://hl7.org/fhir/sid/icd-10-cm,
S83.004D,S83.004D,condition,Other Code,condition_description,S83.004D,"Unspecified dislocation of right patella, subsequent encounter",http://hl7.org/fhir/sid/icd-10-cm,
S83.006A,S83.006A,condition,Other Code,condition_description,S83.006A,"Unspecified dislocation of unspecified patella, initial encounter",http://hl7.org/fhir/sid/icd-10-cm,
S76.111A,S76.111A,condition,Other Code,condition_description,S76.111A,"Strain of right quadriceps muscle, fascia and tendon, initial encounter",http://hl7.org/fhir/sid/icd-10-cm,
R33.8,R33.8,condition,Other Code,condition_description,R33.8,Other retention of urine,http://hl7.org/fhir/sid/icd-10-cm,
Y99.0,Y99.0,condition,Other Code,condition_description,Y99.0,Civilian activity done for income or pay,http://hl7.org/fhir/sid/icd-10-cm,
Z87.710,Z87.710,condition,Other Code,condition_description,Z87.710,Personal history of (corrected) hypospadias,http://hl7.org/fhir/sid/icd-10-cm,
N36.9,N36.9,condition,Other Code,condition_description,N36.9,"Urethral disorder, unspecified",http://hl7.org/fhir/sid/icd-10-cm,
N35.811,N35.811,condition,Other Code,condition_description,N35.811,"Other urethral stricture, male, meatal",http://hl7.org/fhir/sid/icd-10-cm,
M22.2X2,M22.2X2,condition,Other Code,condition_description,M22.2X2,"Patellofemoral disorders, left knee",http://hl7.org/fhir/sid/icd-10-cm,
N32.9,N32.9,condition,Other Code,condition_description,N32.9,"Bladder disorder, unspecified",http://hl7.org/fhir/sid/icd-10-cm,
S83.014A,S83.014A,condition,Other Code,condition_description,S83.014A,"Lateral dislocation of right patella, initial encounter",http://hl7.org/fhir/sid/icd-10-cm,
S83.512A,S83.512A,condition,Other Code,condition_description,S83.512A,"Sprain of anterior cruciate ligament of left knee, initial encounter",http://hl7.org/fhir/sid/icd-10-cm,
S83.8X2A,S83.8X2A,condition,Other Code,condition_description,S83.8X2A,"Sprain of other specified parts of left knee, initial encounter",http://hl7.org/fhir/sid/icd-10-cm,
M25.861,M25.861,condition,Other Code,condition_description,M25.861,"Other specified joint disorders, right knee",http://hl7.org/fhir/sid/icd-10-cm,
H90.A21,H90.A21,condition,Other Code,condition_description,H90.A21,"Sensorineural hearing loss, unilateral, right ear, with restricted hearing on the contralateral side",http://hl7.org/fhir/sid/icd-10-cm,
M25.362,M25.362,condition,Other Code,condition_description,M25.362,"Other instability, left knee",http://hl7.org/fhir/sid/icd-10-cm,
H61.303,H61.303,condition,Other Code,condition_description,H61.303,"Acquired stenosis of external ear canal, unspecified, bilateral",http://hl7.org/fhir/sid/icd-10-cm,
S83.519A,S83.519A,condition,Other Code,condition_description,S83.519A,"Sprain of anterior cruciate ligament of unspecified knee, initial encounter",http://hl7.org/fhir/sid/icd-10-cm,
M25.462,M25.462,condition,Other Code,condition_description,M25.462,"Effusion, left knee",http://hl7.org/fhir/sid/icd-10-cm,
S83.412A,S83.412A,condition,Other Code,condition_description,S83.412A,"Sprain of medial collateral ligament of left knee, initial encounter",http://hl7.org/fhir/sid/icd-10-cm,
K86.81,K86.81,condition,Other Code,condition_description,K86.81,Exocrine pancreatic insufficiency,http://hl7.org/fhir/sid/icd-10-cm,
S83.522A,S83.522A,condition,Other Code,condition_description,S83.522A,"Sprain of posterior cruciate ligament of left knee, initial encounter",http://hl7.org/fhir/sid/icd-10-cm,
S89.92XA,S89.92XA,condition,Other Code,condition_description,S89.92XA,"Unspecified injury of left lower leg, initial encounter",http://hl7.org/fhir/sid/icd-10-cm,
S83.209A,S83.209A,condition,Other Code,condition_description,S83.209A,"Unspecified tear of unspecified meniscus, current injury, unspecified knee, initial encounter",http://hl7.org/fhir/sid/icd-10-cm,
S83.422A,S83.422A,condition,Other Code,condition_description,S83.422A,"Sprain of lateral collateral ligament of left knee, initial encounter",http://hl7.org/fhir/sid/icd-10-cm,
M25.662,M25.662,condition,Other Code,condition_description,M25.662,"Stiffness of left knee, not elsewhere classified",http://hl7.org/fhir/sid/icd-10-cm,
Z88.5,Z88.5,condition,Other Code,condition_description,Z88.5,Allergy status to narcotic agent,http://hl7.org/fhir/sid/icd-10-cm,
S83.242D,S83.242D,condition,Other Code,condition_description,S83.242D,"Other tear of medial meniscus, current injury, left knee, subsequent encounter",http://hl7.org/fhir/sid/icd-10-cm,
S83.512D,S83.512D,condition,Other Code,condition_description,S83.512D,"Sprain of anterior cruciate ligament of left knee, subsequent encounter",http://hl7.org/fhir/sid/icd-10-cm,
Z53.31,Z53.31,condition,Other Code,condition_description,Z53.31,Laparoscopic surgical procedure converted to open procedure,http://hl7.org/fhir/sid/icd-10-cm,
S83.529A,S83.529A,condition,Other Code,condition_description,S83.529A,"Sprain of posterior cruciate ligament of unspecified knee, initial encounter",http://hl7.org/fhir/sid/icd-10-cm,
S89.90XA,S89.90XA,condition,Other Code,condition_description,S89.90XA,"Unspecified injury of unspecified lower leg, initial encounter",http://hl7.org/fhir/sid/icd-10-cm,
S83.419A,S83.419A,condition,Other Code,condition_description,S83.419A,"Sprain of medial collateral ligament of unspecified knee, initial encounter",http://hl7.org/fhir/sid/icd-10-cm,
M23.92,M23.92,condition,Other Code,condition_description,M23.92,Unspecified internal derangement of left knee,http://hl7.org/fhir/sid/icd-10-cm,
S72.492A,S72.492A,condition,Other Code,condition_description,S72.492A,"Other fracture of lower end of left femur, initial encounter for closed fracture",http://hl7.org/fhir/sid/icd-10-cm,
M25.469,M25.469,condition,Other Code,condition_description,M25.469,"Effusion, unspecified knee",http://hl7.org/fhir/sid/icd-10-cm,
M23.322,M23.322,condition,Other Code,condition_description,M23.322,"Other meniscus derangements, posterior horn of medial meniscus, left knee",http://hl7.org/fhir/sid/icd-10-cm,
S83.242A,S83.242A,condition,Other Code,condition_description,S83.242A,"Other tear of medial meniscus, current injury, left knee, initial encounter",http://hl7.org/fhir/sid/icd-10-cm,
Z47.89,Z47.89,condition,Other Code,condition_description,Z47.89,Encounter for other orthopedic aftercare,http://hl7.org/fhir/sid/icd-10-cm,
M23.52,M23.52,condition,Other Code,condition_description,M23.52,"Chronic instability of knee, left knee",http://hl7.org/fhir/sid/icd-10-cm,
R39.14,R39.14,condition,Other Code,condition_description,R39.14,Feeling of incomplete bladder emptying,http://hl7.org/fhir/sid/icd-10-cm,
L24.89,L24.89,condition,Other Code,condition_description,L24.89,Irritant contact dermatitis due to other agents,http://hl7.org/fhir/sid/icd-10-cm,
M24.662,M24.662,condition,Other Code,condition_description,M24.662,"Ankylosis, left knee",http://hl7.org/fhir/sid/icd-10-cm,
M23.8X9,M23.8X9,condition,Other Code,condition_description,M23.8X9,Other internal derangements of unspecified knee,http://hl7.org/fhir/sid/icd-10-cm,
M24.669,M24.669,condition,Other Code,condition_description,M24.669,"Ankylosis, unspecified knee",http://hl7.org/fhir/sid/icd-10-cm,
M94.262,M94.262,condition,Other Code,condition_description,M94.262,"Chondromalacia, left knee",http://hl7.org/fhir/sid/icd-10-cm,
M25.669,M25.669,condition,Other Code,condition_description,M25.669,"Stiffness of unspecified knee, not elsewhere classified",http://hl7.org/fhir/sid/icd-10-cm,
S83.012A,S83.012A,condition,Other Code,condition_description,S83.012A,"Lateral subluxation of left patella, initial encounter",http://hl7.org/fhir/sid/icd-10-cm,
D23.72,D23.72,condition,Other Code,condition_description,D23.72,"Other benign neoplasm of skin of left lower limb, including hip",http://hl7.org/fhir/sid/icd-10-cm,
B01.89,B01.89,condition,Other Code,condition_description,B01.89,Other varicella complications,http://hl7.org/fhir/sid/icd-10-cm,
747.83,747.83,condition,Other Code,condition_description,747.83,Persistent fetal circulation,http://hl7.org/fhir/sid/icd-9-cm,
389.05,389.05,condition,Other Code,condition_description,389.05,"Conductive hearing loss, unilateral",http://hl7.org/fhir/sid/icd-9-cm,
307.49,307.49,condition,Other Code,condition_description,307.49,Other specific disorders of sleep of nonorganic origin,http://hl7.org/fhir/sid/icd-9-cm,
514,514,condition,Other Code,condition_description,514,Pulmonary congestion and hypostasis,http://hl7.org/fhir/sid/icd-9-cm,
389.03,389.03,condition,Other Code,condition_description,389.03,"Conductive hearing loss, middle ear",http://hl7.org/fhir/sid/icd-9-cm,
747.3,747.3,condition,Other Code,condition_description,747.3,"Anomalies of pulmonary artery, congenital",http://hl7.org/fhir/sid/icd-9-cm,
V72.83,V72.83,condition,Other Code,condition_description,V72.83,Other specified pre-operative examination,http://hl7.org/fhir/sid/icd-9-cm,
786.06,786.06,condition,Other Code,condition_description,786.06,Tachypnea,http://hl7.org/fhir/sid/icd-9-cm,
759.0,759.0,condition,Other Code,condition_description,759.0,Anomalies of spleen,http://hl7.org/fhir/sid/icd-9-cm,
754.30,754.30,condition,Other Code,condition_description,754.30,"Congenital dislocation of hip, unilateral",http://hl7.org/fhir/sid/icd-9-cm,
719.85,719.85,condition,Other Code,condition_description,719.85,"Other specified disorders of joint, pelvic region and thigh",http://hl7.org/fhir/sid/icd-9-cm,
V72.69,V72.69,condition,Other Code,condition_description,V72.69,Other laboratory examination,http://hl7.org/fhir/sid/icd-9-cm,
756.0,756.0,condition,Other Code,condition_description,756.0,Anomalies of skull and face bones,http://hl7.org/fhir/sid/icd-9-cm,
378.10,378.10,condition,Other Code,condition_description,378.10,"Exotropia, unspecified",http://hl7.org/fhir/sid/icd-9-cm,
389.15,389.15,condition,Other Code,condition_description,389.15,"Sensorineural hearing loss, unilateral",http://hl7.org/fhir/sid/icd-9-cm,
315.8,315.8,condition,Other Code,condition_description,315.8,Other specified delays in development,http://hl7.org/fhir/sid/icd-9-cm,
299.80,299.80,condition,Other Code,condition_description,299.80,"Other specified pervasive developmental disorders, current or active state",http://hl7.org/fhir/sid/icd-9-cm,
784.59,784.59,condition,Other Code,condition_description,784.59,Other speech disturbance,http://hl7.org/fhir/sid/icd-9-cm,
781.3,781.3,condition,Other Code,condition_description,781.3,Lack of coordination,http://hl7.org/fhir/sid/icd-9-cm,
Z03.89,Z03.89,condition,Other Code,condition_description,Z03.89,Encounter for observation for other suspected diseases and conditions ruled out,http://hl7.org/fhir/sid/icd-10-cm,
Z83.518,Z83.518,condition,Other Code,condition_description,Z83.518,Family history of other specified eye disorder,http://hl7.org/fhir/sid/icd-10-cm,
F90.2,F90.2,condition,Other Code,condition_description,F90.2,"Attention-deficit hyperactivity disorder, combined type",http://hl7.org/fhir/sid/icd-10-cm,
M41.25,M41.25,condition,Other Code,condition_description,M41.25,"Other idiopathic scoliosis, thoracolumbar region",http://hl7.org/fhir/sid/icd-10-cm,
M41.116,M41.116,condition,Other Code,condition_description,M41.116,"Juvenile idiopathic scoliosis, lumbar region",http://hl7.org/fhir/sid/icd-10-cm,
Z51.89,Z51.89,condition,Other Code,condition_description,Z51.89,Encounter for other specified aftercare,http://hl7.org/fhir/sid/icd-10-cm,
E83.51,E83.51,condition,Other Code,condition_description,E83.51,Hypocalcemia,http://hl7.org/fhir/sid/icd-10-cm,
M41.126,M41.126,condition,Other Code,condition_description,M41.126,"Adolescent idiopathic scoliosis, lumbar region",http://hl7.org/fhir/sid/icd-10-cm,
H93.91,H93.91,condition,Other Code,condition_description,H93.91,Unspecified disorder of right ear,http://hl7.org/fhir/sid/icd-10-cm,
M21.751,M21.751,condition,Other Code,condition_description,M21.751,"Unequal limb length (acquired), right femur",http://hl7.org/fhir/sid/icd-10-cm,
M41.129,M41.129,condition,Other Code,condition_description,M41.129,"Adolescent idiopathic scoliosis, site unspecified",http://hl7.org/fhir/sid/icd-10-cm,
M41.124,M41.124,condition,Other Code,condition_description,M41.124,"Adolescent idiopathic scoliosis, thoracic region",http://hl7.org/fhir/sid/icd-10-cm,
L60.8,L60.8,condition,Other Code,condition_description,L60.8,Other nail disorders,http://hl7.org/fhir/sid/icd-10-cm,
Z91.83,Z91.83,condition,Other Code,condition_description,Z91.83,Wandering in diseases classified elsewhere,http://hl7.org/fhir/sid/icd-10-cm,
Z00.8,Z00.8,condition,Other Code,condition_description,Z00.8,Encounter for other general examination,http://hl7.org/fhir/sid/icd-10-cm,
G47.20,G47.20,condition,Other Code,condition_description,G47.20,"Circadian rhythm sleep disorder, unspecified type",http://hl7.org/fhir/sid/icd-10-cm,
R23.1,R23.1,condition,Other Code,condition_description,R23.1,Pallor,http://hl7.org/fhir/sid/icd-10-cm,
M41.80,M41.80,condition,Other Code,condition_description,M41.80,"Other forms of scoliosis, site unspecified",http://hl7.org/fhir/sid/icd-10-cm,
R63.6,R63.6,condition,Other Code,condition_description,R63.6,Underweight,http://hl7.org/fhir/sid/icd-10-cm,
G47.29,G47.29,condition,Other Code,condition_description,G47.29,Other circadian rhythm sleep disorder,http://hl7.org/fhir/sid/icd-10-cm,
N39.498,N39.498,condition,Other Code,condition_description,N39.498,Other specified urinary incontinence,http://hl7.org/fhir/sid/icd-10-cm,
F80.89,F80.89,condition,Other Code,condition_description,F80.89,Other developmental disorders of speech and language,http://hl7.org/fhir/sid/icd-10-cm,
E21.5,E21.5,condition,Other Code,condition_description,E21.5,"Disorder of parathyroid gland, unspecified",http://hl7.org/fhir/sid/icd-10-cm,
Z91.011,Z91.011,condition,Other Code,condition_description,Z91.011,Allergy to milk products,http://hl7.org/fhir/sid/icd-10-cm,
G47.8,G47.8,condition,Other Code,condition_description,G47.8,Other sleep disorders,http://hl7.org/fhir/sid/icd-10-cm,
G47.00,G47.00,condition,Other Code,condition_description,G47.00,"Insomnia, unspecified",http://hl7.org/fhir/sid/icd-10-cm,
R63.39,R63.39,condition,Other Code,condition_description,R63.39,Other feeding difficulties,http://hl7.org/fhir/sid/icd-10-cm,
M26.69,M26.69,condition,Other Code,condition_description,M26.69,Other specified disorders of temporomandibular joint,http://hl7.org/fhir/sid/icd-10-cm,
682.5,682.5,condition,Other Code,condition_description,682.5,Cellulitis and abscess of buttock,http://hl7.org/fhir/sid/icd-9-cm,
919.5,919.5,condition,Other Code,condition_description,919.5,"Insect bite, nonvenomous, of other, multiple, and unspecified sites, infected",http://hl7.org/fhir/sid/icd-9-cm,
243,243,condition,Other Code,condition_description,243,Congenital hypothyroidism,http://hl7.org/fhir/sid/icd-9-cm,
787.29,787.29,condition,Other Code,condition_description,787.29,Other dysphagia,http://hl7.org/fhir/sid/icd-9-cm,
787.22,787.22,condition,Other Code,condition_description,787.22,"Dysphagia, oropharyngeal phase",http://hl7.org/fhir/sid/icd-9-cm,
244,244,condition,Other Code,condition_description,244,Acquired hypothyroidism,http://hl7.org/fhir/sid/icd-9-cm,
474.10,474.10,condition,Other Code,condition_description,474.10,Hypertrophy of tonsil with adenoids,http://hl7.org/fhir/sid/icd-9-cm,
Z68.51,Z68.51,condition,Other Code,condition_description,Z68.51,"Body mass index [BMI] pediatric, less than 5th percentile for age",http://hl7.org/fhir/sid/icd-10-cm,
Z68.1,Z68.1,condition,Other Code,condition_description,Z68.1,"Body mass index [BMI] 19.9 or less, adult",http://hl7.org/fhir/sid/icd-10-cm,
Z68.23,Z68.23,condition,Other Code,condition_description,Z68.23,"Body mass index [BMI] 23.0-23.9, adult",http://hl7.org/fhir/sid/icd-10-cm,
Z68.22,Z68.22,condition,Other Code,condition_description,Z68.22,"Body mass index [BMI] 22.0-22.9, adult",http://hl7.org/fhir/sid/icd-10-cm,
378.06,378.06,condition,Other Code,condition_description,378.06,Alternating esotropia with A pattern,http://hl7.org/fhir/sid/icd-9-cm,
783.4,783.4,condition,Other Code,condition_description,783.4,Lack of expected normal physiological development in childhood,http://hl7.org/fhir/sid/icd-9-cm,
E878.1,E878.1,condition,Other Code,condition_description,E878.1,"Surgical operation with implant of artificial internal device causing abnormal patient reaction, or later complication,without mention of misadventure at time of operation",http://hl7.org/fhir/sid/icd-9-cm,
253.7,253.7,condition,Other Code,condition_description,253.7,Iatrogenic pituitary disorders,http://hl7.org/fhir/sid/icd-9-cm,
V55.1,V55.1,condition,Other Code,condition_description,V55.1,Attention to gastrostomy,http://hl7.org/fhir/sid/icd-9-cm,
996.62,996.62,condition,Other Code,condition_description,996.62,"Infection and inflammatory reaction due to other vascular device, implant, and graft",http://hl7.org/fhir/sid/icd-9-cm,
V44.1,V44.1,condition,Other Code,condition_description,V44.1,Gastrostomy status,http://hl7.org/fhir/sid/icd-9-cm,
783.40,783.40,condition,Other Code,condition_description,783.40,"Lack of normal physiological development, unspecified",http://hl7.org/fhir/sid/icd-9-cm,
253.2,253.2,condition,Other Code,condition_description,253.2,Panhypopituitarism,http://hl7.org/fhir/sid/icd-9-cm,
758.2,758.2,condition,Other Code,condition_description,758.2,Edwards' syndrome,http://hl7.org/fhir/sid/icd-9-cm,
331.4,331.4,condition,Other Code,condition_description,331.4,Obstructive hydrocephalus,http://hl7.org/fhir/sid/icd-9-cm,
R73.02,R73.02,condition,Other Code,condition_description,R73.02,Impaired glucose tolerance (oral),http://hl7.org/fhir/sid/icd-10-cm,
378.71,378.71,condition,Other Code,condition_description,378.71,Duane's syndrome,http://hl7.org/fhir/sid/icd-9-cm,
308.1,308.1,condition,Other Code,condition_description,308.1,Predominant disturbance of consciousness,http://hl7.org/fhir/sid/icd-9-cm,
536.40,536.40,condition,Other Code,condition_description,536.40,"Gastrostomy complication, unspecified",http://hl7.org/fhir/sid/icd-9-cm,
253.4,253.4,condition,Other Code,condition_description,253.4,Other anterior pituitary disorders,http://hl7.org/fhir/sid/icd-9-cm,
879.2,879.2,condition,Other Code,condition_description,879.2,"Open wound of abdominal wall, anterior, without mention of complication",http://hl7.org/fhir/sid/icd-9-cm,
560.1,560.1,condition,Other Code,condition_description,560.1,Paralytic ileus,http://hl7.org/fhir/sid/icd-9-cm,
279.3,279.3,condition,Other Code,condition_description,279.3,Unspecified immunity deficiency,http://hl7.org/fhir/sid/icd-9-cm,
343.9,343.9,condition,Other Code,condition_description,343.9,"Infantile cerebral palsy, unspecified",http://hl7.org/fhir/sid/icd-9-cm,
536.42,536.42,condition,Other Code,condition_description,536.42,Mechanical complication of gastrostomy,http://hl7.org/fhir/sid/icd-9-cm,
E878.4,E878.4,condition,Other Code,condition_description,E878.4,"Other restorative surgery causing abnormal patient reaction, or later complication, without mention of misadventure at time of operation",http://hl7.org/fhir/sid/icd-9-cm,
459.89,459.89,condition,Other Code,condition_description,459.89,Other specified disorders of circulatory system,http://hl7.org/fhir/sid/icd-9-cm,
279.03,279.03,condition,Other Code,condition_description,279.03,Other selective immunoglobulin deficiencies,http://hl7.org/fhir/sid/icd-9-cm,
424.2,424.2,condition,Other Code,condition_description,424.2,"Tricuspid valve disorders, specified as nonrheumatic",http://hl7.org/fhir/sid/icd-9-cm,
472.0,472.0,condition,Other Code,condition_description,472.0,Chronic rhinitis,http://hl7.org/fhir/sid/icd-9-cm,
V55.4,V55.4,condition,Other Code,condition_description,V55.4,Attention to other artificial opening of digestive tract,http://hl7.org/fhir/sid/icd-9-cm,
381.00,381.00,condition,Other Code,condition_description,381.00,"Acute nonsuppurative otitis media, unspecified",http://hl7.org/fhir/sid/icd-9-cm,
244.3,244.3,condition,Other Code,condition_description,244.3,Other iatrogenic hypothyroidism,http://hl7.org/fhir/sid/icd-9-cm,
536.49,536.49,condition,Other Code,condition_description,536.49,Other gastrostomy complications,http://hl7.org/fhir/sid/icd-9-cm,
537.2,537.2,condition,Other Code,condition_description,537.2,Chronic duodenal ileus,http://hl7.org/fhir/sid/icd-9-cm,
E878.3,E878.3,condition,Other Code,condition_description,E878.3,"Surgical operation with formation of external stoma causing abnormal patient reaction, or later complication, without mention of misadventure at time of operation",http://hl7.org/fhir/sid/icd-9-cm,
429.3,429.3,condition,Other Code,condition_description,429.3,Cardiomegaly,http://hl7.org/fhir/sid/icd-9-cm,
380.9,380.9,condition,Other Code,condition_description,380.9,Unspecified disorder of external ear,http://hl7.org/fhir/sid/icd-9-cm,
V82.89,V82.89,condition,Other Code,condition_description,V82.89,Special screening for other specified conditions,http://hl7.org/fhir/sid/icd-9-cm,
996.74,996.74,condition,Other Code,condition_description,996.74,"Other complications due to other vascular device, implant, and graft",http://hl7.org/fhir/sid/icd-9-cm,
V80.09,V80.09,condition,Other Code,condition_description,V80.09,Special screening for other neurological conditions,http://hl7.org/fhir/sid/icd-9-cm,
V72.82,V72.82,condition,Other Code,condition_description,V72.82,Pre-operative respiratory examination,http://hl7.org/fhir/sid/icd-9-cm,
794.02,794.02,condition,Other Code,condition_description,794.02,Nonspecific abnormal electroencephalogram [EEG],http://hl7.org/fhir/sid/icd-9-cm,
V58.82,V58.82,condition,Other Code,condition_description,V58.82,"Fitting and adjustment of nonvascular catheter, NEC",http://hl7.org/fhir/sid/icd-9-cm,
E928.9,E928.9,condition,Other Code,condition_description,E928.9,Unspecified accident,http://hl7.org/fhir/sid/icd-9-cm,
783.7,783.7,condition,Other Code,condition_description,783.7,Adult failure to thrive,http://hl7.org/fhir/sid/icd-9-cm,
518.0,518.0,condition,Other Code,condition_description,518.0,Pulmonary collapse,http://hl7.org/fhir/sid/icd-9-cm,
V70.8,V70.8,condition,Other Code,condition_description,V70.8,Other specified general medical examinations,http://hl7.org/fhir/sid/icd-9-cm,
863.21,863.21,condition,Other Code,condition_description,863.21,"Injury to duodenum, without open wound into cavity",http://hl7.org/fhir/sid/icd-9-cm,
348.89,348.89,condition,Other Code,condition_description,348.89,Other conditions of brain,http://hl7.org/fhir/sid/icd-9-cm,
788.30,788.30,condition,Other Code,condition_description,788.30,"Urinary incontinence, unspecified",http://hl7.org/fhir/sid/icd-9-cm,
521.00,521.00,condition,Other Code,condition_description,521.00,"Dental caries, unspecified",http://hl7.org/fhir/sid/icd-9-cm,
V46.3,V46.3,condition,Other Code,condition_description,V46.3,Wheelchair dependence,http://hl7.org/fhir/sid/icd-9-cm,
269.9,269.9,condition,Other Code,condition_description,269.9,Unspecified nutritional deficiency,http://hl7.org/fhir/sid/icd-9-cm,
781.0,781.0,condition,Other Code,condition_description,781.0,Abnormal involuntary movements,http://hl7.org/fhir/sid/icd-9-cm,
608.89,608.89,condition,Other Code,condition_description,608.89,Other specified disorders of male genital organs,http://hl7.org/fhir/sid/icd-9-cm,
222.4,222.4,condition,Other Code,condition_description,222.4,Benign neoplasm of scrotum,http://hl7.org/fhir/sid/icd-9-cm,
608.4,608.4,condition,Other Code,condition_description,608.4,Other inflammatory disorders of male genital organs,http://hl7.org/fhir/sid/icd-9-cm,
608.9,608.9,condition,Other Code,condition_description,608.9,Unspecified disorder of male genital organs,http://hl7.org/fhir/sid/icd-9-cm,
V72.19,V72.19,condition,Other Code,condition_description,V72.19,Other examination of ears and hearing,http://hl7.org/fhir/sid/icd-9-cm,
E46,E46,condition,Other Code,condition_description,E46,Unspecified protein-calorie malnutrition,http://hl7.org/fhir/sid/icd-10-cm,
Z43.1,Z43.1,condition,Other Code,condition_description,Z43.1,Encounter for attention to gastrostomy,http://hl7.org/fhir/sid/icd-10-cm,
R71.8,R71.8,condition,Other Code,condition_description,R71.8,Other abnormality of red blood cells,http://hl7.org/fhir/sid/icd-10-cm,
B95.8,B95.8,condition,Other Code,condition_description,B95.8,Unspecified staphylococcus as the cause of diseases classified elsewhere,http://hl7.org/fhir/sid/icd-10-cm,
372.00,372.00,condition,Other Code,condition_description,372.00,"Acute conjunctivitis, unspecified",http://hl7.org/fhir/sid/icd-9-cm,
Z43.4,Z43.4,condition,Other Code,condition_description,Z43.4,Encounter for attention to other artificial openings of digestive tract,http://hl7.org/fhir/sid/icd-10-cm,
Q10.3,Q10.3,condition,Other Code,condition_description,Q10.3,Other congenital malformations of eyelid,http://hl7.org/fhir/sid/icd-10-cm,
K94.19,K94.19,condition,Other Code,condition_description,K94.19,Other complications of enterostomy,http://hl7.org/fhir/sid/icd-10-cm,
Z99.3,Z99.3,condition,Other Code,condition_description,Z99.3,Dependence on wheelchair,http://hl7.org/fhir/sid/icd-10-cm,
L03.111,L03.111,condition,Other Code,condition_description,L03.111,Cellulitis of right axilla,http://hl7.org/fhir/sid/icd-10-cm,
R22.33,R22.33,condition,Other Code,condition_description,R22.33,"Localized swelling, mass and lump, upper limb, bilateral",http://hl7.org/fhir/sid/icd-10-cm,
Z91.040,Z91.040,condition,Other Code,condition_description,Z91.040,Latex allergy status,http://hl7.org/fhir/sid/icd-10-cm,
H73.891,H73.891,condition,Other Code,condition_description,H73.891,"Other specified disorders of tympanic membrane, right ear",http://hl7.org/fhir/sid/icd-10-cm,
Z86.14,Z86.14,condition,Other Code,condition_description,Z86.14,Personal history of Methicillin resistant Staphylococcus aureus infection,http://hl7.org/fhir/sid/icd-10-cm,
T85.598A,T85.598A,condition,Other Code,condition_description,T85.598A,"Other mechanical complication of other gastrointestinal prosthetic devices, implants and grafts, initial encounter",http://hl7.org/fhir/sid/icd-10-cm,
Y73.2,Y73.2,condition,Other Code,condition_description,Y73.2,"Prosthetic and other implants, materials and accessory gastroenterology and urology devices associated with adverse incidents",http://hl7.org/fhir/sid/icd-10-cm,
M65.9,M65.9,condition,Other Code,condition_description,M65.9,"Synovitis and tenosynovitis, unspecified",http://hl7.org/fhir/sid/icd-10-cm,
R22.31,R22.31,condition,Other Code,condition_description,R22.31,"Localized swelling, mass and lump, right upper limb",http://hl7.org/fhir/sid/icd-10-cm,
H65.20,H65.20,condition,Other Code,condition_description,H65.20,"Chronic serous otitis media, unspecified ear",http://hl7.org/fhir/sid/icd-10-cm,
Z93.4,Z93.4,condition,Other Code,condition_description,Z93.4,Other artificial openings of gastrointestinal tract status,http://hl7.org/fhir/sid/icd-10-cm,
R14.0,R14.0,condition,Other Code,condition_description,R14.0,Abdominal distension (gaseous),http://hl7.org/fhir/sid/icd-10-cm,
Z91.048,Z91.048,condition,Other Code,condition_description,Z91.048,Other nonmedicinal substance allergy status,http://hl7.org/fhir/sid/icd-10-cm,
Y82.8,Y82.8,condition,Other Code,condition_description,Y82.8,Other medical devices associated with adverse incidents,http://hl7.org/fhir/sid/icd-10-cm,
K56.7,K56.7,condition,Other Code,condition_description,K56.7,"Ileus, unspecified",http://hl7.org/fhir/sid/icd-10-cm,
L60.9,L60.9,condition,Other Code,condition_description,L60.9,"Nail disorder, unspecified",http://hl7.org/fhir/sid/icd-10-cm,
K59.8,K59.8,condition,Other Code,condition_description,K59.8,Other specified functional intestinal disorders,http://hl7.org/fhir/sid/icd-10-cm,
T85.518A,T85.518A,condition,Other Code,condition_description,T85.518A,"Breakdown (mechanical) of other gastrointestinal prosthetic devices, implants and grafts, initial encounter",http://hl7.org/fhir/sid/icd-10-cm,
Q43.8,Q43.8,condition,Other Code,condition_description,Q43.8,Other specified congenital malformations of intestine,http://hl7.org/fhir/sid/icd-10-cm,
R18.8,R18.8,condition,Other Code,condition_description,R18.8,Other ascites,http://hl7.org/fhir/sid/icd-10-cm,
K31.84,K31.84,condition,Other Code,condition_description,K31.84,Gastroparesis,http://hl7.org/fhir/sid/icd-10-cm,
R78.81,R78.81,condition,Other Code,condition_description,R78.81,Bacteremia,http://hl7.org/fhir/sid/icd-10-cm,
R14.3,R14.3,condition,Other Code,condition_description,R14.3,Flatulence,http://hl7.org/fhir/sid/icd-10-cm,
A40.8,A40.8,condition,Other Code,condition_description,A40.8,Other streptococcal sepsis,http://hl7.org/fhir/sid/icd-10-cm,
I36.1,I36.1,condition,Other Code,condition_description,I36.1,Nonrheumatic tricuspid (valve) insufficiency,http://hl7.org/fhir/sid/icd-10-cm,
M12.9,M12.9,condition,Other Code,condition_description,M12.9,"Arthropathy, unspecified",http://hl7.org/fhir/sid/icd-10-cm,
F81.9,F81.9,condition,Other Code,condition_description,F81.9,"Developmental disorder of scholastic skills, unspecified",http://hl7.org/fhir/sid/icd-10-cm,
B95.4,B95.4,condition,Other Code,condition_description,B95.4,Other streptococcus as the cause of diseases classified elsewhere,http://hl7.org/fhir/sid/icd-10-cm,
R74.0,R74.0,condition,Other Code,condition_description,R74.0,Nonspecific elevation of levels of transaminase and lactic acid dehydrogenase [LDH],http://hl7.org/fhir/sid/icd-10-cm,
K94.23,K94.23,condition,Other Code,condition_description,K94.23,Gastrostomy malfunction,http://hl7.org/fhir/sid/icd-10-cm,
B95.0,B95.0,condition,Other Code,condition_description,B95.0,"Streptococcus, group A, as the cause of diseases classified elsewhere",http://hl7.org/fhir/sid/icd-10-cm,
K00.6,K00.6,condition,Other Code,condition_description,K00.6,Disturbances in tooth eruption,http://hl7.org/fhir/sid/icd-10-cm,
R68.82,R68.82,condition,Other Code,condition_description,R68.82,Decreased libido,http://hl7.org/fhir/sid/icd-10-cm,
I65.29,I65.29,condition,Other Code,condition_description,I65.29,Occlusion and stenosis of unspecified carotid artery,http://hl7.org/fhir/sid/icd-10-cm,
C92.10,C92.10,condition,Other Code,condition_description,C92.10,"Chronic myeloid leukemia, BCR/ABL-positive, not having achieved remission",http://hl7.org/fhir/sid/icd-10-cm,
G45.9,G45.9,condition,Other Code,condition_description,G45.9,"Transient cerebral ischemic attack, unspecified",http://hl7.org/fhir/sid/icd-10-cm,
752.64,752.64,condition,Other Code,condition_description,752.64,Micropenis,http://hl7.org/fhir/sid/icd-9-cm,
780.50,780.50,condition,Other Code,condition_description,780.50,"Sleep disturbance, unspecified",http://hl7.org/fhir/sid/icd-9-cm,
Q55.62,Q55.62,condition,Other Code,condition_description,Q55.62,Hypoplasia of penis,http://hl7.org/fhir/sid/icd-10-cm,
E30.1,E30.1,condition,Other Code,condition_description,E30.1,Precocious puberty,http://hl7.org/fhir/sid/icd-10-cm,
779.3,779.3,condition,Other Code,condition_description,779.3,Disorder of stomach function and feeding problems in newborn,http://hl7.org/fhir/sid/icd-9-cm,
V06.8,V06.8,condition,Other Code,condition_description,V06.8,Need for prophylactic vaccination and inoculation against other combinations of diseases,http://hl7.org/fhir/sid/icd-9-cm,
518.81,518.81,condition,Other Code,condition_description,518.81,Acute respiratory failure,http://hl7.org/fhir/sid/icd-9-cm,
793.1,793.1,condition,Other Code,condition_description,793.1,Nonspecific abnormal findings on radiological and other examination of lung field,http://hl7.org/fhir/sid/icd-9-cm,
466.11,466.11,condition,Other Code,condition_description,466.11,Acute bronchiolitis due to respiratory syncytial virus (RSV),http://hl7.org/fhir/sid/icd-9-cm,
V03.81,V03.81,condition,Other Code,condition_description,V03.81,"Other specified vaccinations against hemophilus influenza, type B [Hib]",http://hl7.org/fhir/sid/icd-9-cm,
079.6,079.6,condition,Other Code,condition_description,079.6,Respiratory syncytial virus (RSV),http://hl7.org/fhir/sid/icd-9-cm,
480.1,480.1,condition,Other Code,condition_description,480.1,Pneumonia due to respiratory syncytial virus,http://hl7.org/fhir/sid/icd-9-cm,
466.0,466.0,condition,Other Code,condition_description,466.0,Acute bronchitis,http://hl7.org/fhir/sid/icd-9-cm,
459.2,459.2,condition,Other Code,condition_description,459.2,Compression of vein,http://hl7.org/fhir/sid/icd-9-cm,
426.4,426.4,condition,Other Code,condition_description,426.4,Right bundle branch block,http://hl7.org/fhir/sid/icd-9-cm,
378.35,378.35,condition,Other Code,condition_description,378.35,Accommodative component in esotropia,http://hl7.org/fhir/sid/icd-9-cm,
288.66,288.66,condition,Other Code,condition_description,288.66,Bandemia,http://hl7.org/fhir/sid/icd-9-cm,
786.1,786.1,condition,Other Code,condition_description,786.1,Stridor,http://hl7.org/fhir/sid/icd-9-cm,
691.0,691.0,condition,Other Code,condition_description,691.0,Diaper or napkin rash,http://hl7.org/fhir/sid/icd-9-cm,
785.0,785.0,condition,Other Code,condition_description,785.0,"Tachycardia, unspecified",http://hl7.org/fhir/sid/icd-9-cm,
466.19,466.19,condition,Other Code,condition_description,466.19,Acute bronchiolitis due to other infectious organisms,http://hl7.org/fhir/sid/icd-9-cm,
482.41,482.41,condition,Other Code,condition_description,482.41,Methicillin susceptible pneumonia due to Staphylococcus aureus,http://hl7.org/fhir/sid/icd-9-cm,
481,481,condition,Other Code,condition_description,481,Pneumococcal pneumonia [Streptococcus pneumoniae pneumonia],http://hl7.org/fhir/sid/icd-9-cm,
493.92,493.92,condition,Other Code,condition_description,493.92,"Asthma, unspecified type, with (acute) exacerbation",http://hl7.org/fhir/sid/icd-9-cm,
038.11,038.11,condition,Other Code,condition_description,038.11,Methicillin susceptible Staphylococcus aureus septicemia,http://hl7.org/fhir/sid/icd-9-cm,
519.8,519.8,condition,Other Code,condition_description,519.8,"Other diseases of respiratory system, not elsewhere classified",http://hl7.org/fhir/sid/icd-9-cm,
288.51,288.51,condition,Other Code,condition_description,288.51,Lymphocytopenia,http://hl7.org/fhir/sid/icd-9-cm,
279.11,279.11,condition,Other Code,condition_description,279.11,Digeorge's syndrome,http://hl7.org/fhir/sid/icd-9-cm,
V20.0,V20.0,condition,Other Code,condition_description,V20.0,Health supervision of foundling,http://hl7.org/fhir/sid/icd-9-cm,
368.00,368.00,condition,Other Code,condition_description,368.00,"Amblyopia, unspecified",http://hl7.org/fhir/sid/icd-9-cm,
V45.69,V45.69,condition,Other Code,condition_description,V45.69,Other states following surgery of eye and adnexa,http://hl7.org/fhir/sid/icd-9-cm,
358.8,358.8,condition,Other Code,condition_description,358.8,Other specified myoneural disorders,http://hl7.org/fhir/sid/icd-9-cm,
793.2,793.2,condition,Other Code,condition_description,793.2,Nonspecific (abnormal) findings on radiological and other examination of other intrathoracic organs,http://hl7.org/fhir/sid/icd-9-cm,
734,734,condition,Other Code,condition_description,734,Flat foot,http://hl7.org/fhir/sid/icd-9-cm,
718.87,718.87,condition,Other Code,condition_description,718.87,"Other joint derangement, not elsewhere classified, ankle and foot",http://hl7.org/fhir/sid/icd-9-cm,
996.49,996.49,condition,Other Code,condition_description,996.49,"Other mechanical complication of other internal orthopedic device, implant, and graft",http://hl7.org/fhir/sid/icd-9-cm,
H52.4,H52.4,condition,Other Code,condition_description,H52.4,Presbyopia,http://hl7.org/fhir/sid/icd-10-cm,
H55.02,H55.02,condition,Other Code,condition_description,H55.02,Latent nystagmus,http://hl7.org/fhir/sid/icd-10-cm,
Q10.5,Q10.5,condition,Other Code,condition_description,Q10.5,Congenital stenosis and stricture of lacrimal duct,http://hl7.org/fhir/sid/icd-10-cm,
H52.11,H52.11,condition,Other Code,condition_description,H52.11,"Myopia, right eye",http://hl7.org/fhir/sid/icd-10-cm,
H50.332,H50.332,condition,Other Code,condition_description,H50.332,"Intermittent monocular exotropia, left eye",http://hl7.org/fhir/sid/icd-10-cm,
Y92.092,Y92.092,condition,Other Code,condition_description,Y92.092,Bedroom in other non-institutional residence as the place of occurrence of the external cause,http://hl7.org/fhir/sid/icd-10-cm,
Z46.0,Z46.0,condition,Other Code,condition_description,Z46.0,Encounter for fitting and adjustment of spectacles and contact lenses,http://hl7.org/fhir/sid/icd-10-cm,
S83.005A,S83.005A,condition,Other Code,condition_description,S83.005A,"Unspecified dislocation of left patella, initial encounter",http://hl7.org/fhir/sid/icd-10-cm,
H04.552,H04.552,condition,Other Code,condition_description,H04.552,Acquired stenosis of left nasolacrimal duct,http://hl7.org/fhir/sid/icd-10-cm,
W18.39XA,W18.39XA,condition,Other Code,condition_description,W18.39XA,"Other fall on same level, initial encounter",http://hl7.org/fhir/sid/icd-10-cm,
H50.331,H50.331,condition,Other Code,condition_description,H50.331,"Intermittent monocular exotropia, right eye",http://hl7.org/fhir/sid/icd-10-cm,
K50.00,K50.00,condition,Other Code,condition_description,K50.00,Crohn's disease of small intestine without complications,http://hl7.org/fhir/sid/icd-10-cm,
N28.1,N28.1,condition,Other Code,condition_description,N28.1,"Cyst of kidney, acquired",http://hl7.org/fhir/sid/icd-10-cm,
H52.02,H52.02,condition,Other Code,condition_description,H52.02,"Hypermetropia, left eye",http://hl7.org/fhir/sid/icd-10-cm,
H51.8,H51.8,condition,Other Code,condition_description,H51.8,Other specified disorders of binocular movement,http://hl7.org/fhir/sid/icd-10-cm,
S83.015D,S83.015D,condition,Other Code,condition_description,S83.015D,"Lateral dislocation of left patella, subsequent encounter",http://hl7.org/fhir/sid/icd-10-cm,
Y93.41,Y93.41,condition,Other Code,condition_description,Y93.41,"Activity, dancing",http://hl7.org/fhir/sid/icd-10-cm,
Z48.810,Z48.810,condition,Other Code,condition_description,Z48.810,Encounter for surgical aftercare following surgery on the sense organs,http://hl7.org/fhir/sid/icd-10-cm,
Z97.3,Z97.3,condition,Other Code,condition_description,Z97.3,Presence of spectacles and contact lenses,http://hl7.org/fhir/sid/icd-10-cm,
K29.50,K29.50,condition,Other Code,condition_description,K29.50,Unspecified chronic gastritis without bleeding,http://hl7.org/fhir/sid/icd-10-cm,
S83.016A,S83.016A,condition,Other Code,condition_description,S83.016A,"Lateral dislocation of unspecified patella, initial encounter",http://hl7.org/fhir/sid/icd-10-cm,
L53.9,L53.9,condition,Other Code,condition_description,L53.9,"Erythematous condition, unspecified",http://hl7.org/fhir/sid/icd-10-cm,
H04.221,H04.221,condition,Other Code,condition_description,H04.221,"Epiphora due to insufficient drainage, right side",http://hl7.org/fhir/sid/icd-10-cm,
L98.0,L98.0,condition,Other Code,condition_description,L98.0,Pyogenic granuloma,http://hl7.org/fhir/sid/icd-10-cm,
Z45.89,Z45.89,condition,Other Code,condition_description,Z45.89,Encounter for adjustment and management of other implanted devices,http://hl7.org/fhir/sid/icd-10-cm,
Q10.6,Q10.6,condition,Other Code,condition_description,Q10.6,Other congenital malformations of lacrimal apparatus,http://hl7.org/fhir/sid/icd-10-cm,
525.3,525.3,condition,Other Code,condition_description,525.3,Retained dental root,http://hl7.org/fhir/sid/icd-9-cm,
522.0,522.0,condition,Other Code,condition_description,522.0,Pulpitis,http://hl7.org/fhir/sid/icd-9-cm,
758.1,758.1,condition,Other Code,condition_description,758.1,Patau's syndrome,http://hl7.org/fhir/sid/icd-9-cm,
927.3,927.3,condition,Other Code,condition_description,927.3,Crushing injury of finger(s),http://hl7.org/fhir/sid/icd-9-cm,
959.5,959.5,condition,Other Code,condition_description,959.5,Finger injury,http://hl7.org/fhir/sid/icd-9-cm,
E918,E918,condition,Other Code,condition_description,E918,Caught accidentally in or between objects,http://hl7.org/fhir/sid/icd-9-cm,
379.93,379.93,condition,Other Code,condition_description,379.93,Redness or discharge of eye,http://hl7.org/fhir/sid/icd-9-cm,
704.01,704.01,condition,Other Code,condition_description,704.01,Alopecia areata,http://hl7.org/fhir/sid/icd-9-cm,
695.9,695.9,condition,Other Code,condition_description,695.9,Unspecified erythematous condition,http://hl7.org/fhir/sid/icd-9-cm,
704.00,704.00,condition,Other Code,condition_description,704.00,"Alopecia, unspecified",http://hl7.org/fhir/sid/icd-9-cm,
704.1,704.1,condition,Other Code,condition_description,704.1,Hirsutism,http://hl7.org/fhir/sid/icd-9-cm,
701.3,701.3,condition,Other Code,condition_description,701.3,Striae atrophicae,http://hl7.org/fhir/sid/icd-9-cm,
686.8,686.8,condition,Other Code,condition_description,686.8,Other specified local infections of skin and subcutaneous tissue,http://hl7.org/fhir/sid/icd-9-cm,
528.9,528.9,condition,Other Code,condition_description,528.9,Other and unspecified diseases of the oral soft tissues,http://hl7.org/fhir/sid/icd-9-cm,
E885.2,E885.2,condition,Other Code,condition_description,E885.2,Fall from skateboard,http://hl7.org/fhir/sid/icd-9-cm,
845.00,845.00,condition,Other Code,condition_description,845.00,"Sprain of ankle, unspecified site",http://hl7.org/fhir/sid/icd-9-cm,
368.40,368.40,condition,Other Code,condition_description,368.40,"Visual field defect, unspecified",http://hl7.org/fhir/sid/icd-9-cm,
796.1,796.1,condition,Other Code,condition_description,796.1,Abnormal reflex,http://hl7.org/fhir/sid/icd-9-cm,
781.99,781.99,condition,Other Code,condition_description,781.99,Other symptoms involving nervous and musculoskeletal systems,http://hl7.org/fhir/sid/icd-9-cm,
279.49,279.49,condition,Other Code,condition_description,279.49,"Autoimmune disease, not elsewhere classified",http://hl7.org/fhir/sid/icd-9-cm,
379.41,379.41,condition,Other Code,condition_description,379.41,Anisocoria,http://hl7.org/fhir/sid/icd-9-cm,
427.69,427.69,condition,Other Code,condition_description,427.69,Other premature beats,http://hl7.org/fhir/sid/icd-9-cm,
295.20,295.20,condition,Other Code,condition_description,295.20,"Catatonic type schizophrenia, unspecified",http://hl7.org/fhir/sid/icd-9-cm,
293.83,293.83,condition,Other Code,condition_description,293.83,Mood disorder in conditions classified elsewhere,http://hl7.org/fhir/sid/icd-9-cm,
293.89,293.89,condition,Other Code,condition_description,293.89,"Other specified transient mental disorders due to conditions classified elsewhere, other",http://hl7.org/fhir/sid/icd-9-cm,
331.83,331.83,condition,Other Code,condition_description,331.83,"Mild cognitive impairment, so stated",http://hl7.org/fhir/sid/icd-9-cm,
296.23,296.23,condition,Other Code,condition_description,296.23,"Major depressive affective disorder, single episode, severe, without mention of psychotic behavior",http://hl7.org/fhir/sid/icd-9-cm,
523.9,523.9,condition,Other Code,condition_description,523.9,Unspecified gingival and periodontal disease,http://hl7.org/fhir/sid/icd-9-cm,
367.22,367.22,condition,Other Code,condition_description,367.22,Irregular astigmatism,http://hl7.org/fhir/sid/icd-9-cm,
327.20,327.20,condition,Other Code,condition_description,327.20,"Organic sleep apnea, unspecified",http://hl7.org/fhir/sid/icd-9-cm,
362.71,362.71,condition,Other Code,condition_description,362.71,Retinal dystrophy in systemic or cerebroretinal lipidoses,http://hl7.org/fhir/sid/icd-9-cm,
296.99,296.99,condition,Other Code,condition_description,296.99,Other specified episodic mood disorder,http://hl7.org/fhir/sid/icd-9-cm,
V64.1,V64.1,condition,Other Code,condition_description,V64.1,Surgical or other procedure not carried out because of contraindication,http://hl7.org/fhir/sid/icd-9-cm,
782.62,782.62,condition,Other Code,condition_description,782.62,Flushing,http://hl7.org/fhir/sid/icd-9-cm,
780.02,780.02,condition,Other Code,condition_description,780.02,Transient alteration of awareness,http://hl7.org/fhir/sid/icd-9-cm,
H52.213,H52.213,condition,Other Code,condition_description,H52.213,"Irregular astigmatism, bilateral",http://hl7.org/fhir/sid/icd-10-cm,
H55.89,H55.89,condition,Other Code,condition_description,H55.89,Other irregular eye movements,http://hl7.org/fhir/sid/icd-10-cm,
H90.71,H90.71,condition,Other Code,condition_description,H90.71,"Mixed conductive and sensorineural hearing loss, unilateral, right ear, with unrestricted hearing on the contralateral side",http://hl7.org/fhir/sid/icd-10-cm,
R94.7,R94.7,condition,Other Code,condition_description,R94.7,Abnormal results of other endocrine function studies,http://hl7.org/fhir/sid/icd-10-cm,
F20.2,F20.2,condition,Other Code,condition_description,F20.2,Catatonic schizophrenia,http://hl7.org/fhir/sid/icd-10-cm,
E29.1,E29.1,condition,Other Code,condition_description,E29.1,Testicular hypofunction,http://hl7.org/fhir/sid/icd-10-cm,
S10.14XA,S10.14XA,condition,Other Code,condition_description,S10.14XA,"External constriction of part of throat, initial encounter",http://hl7.org/fhir/sid/icd-10-cm,
H69.81,H69.81,condition,Other Code,condition_description,H69.81,"Other specified disorders of Eustachian tube, right ear",http://hl7.org/fhir/sid/icd-10-cm,
H52.01,H52.01,condition,Other Code,condition_description,H52.01,"Hypermetropia, right eye",http://hl7.org/fhir/sid/icd-10-cm,
752.69,752.69,condition,Other Code,condition_description,752.69,Other penile anomalies,http://hl7.org/fhir/sid/icd-9-cm,
778.4,778.4,condition,Other Code,condition_description,778.4,Other disturbances of temperature regulation of newborn,http://hl7.org/fhir/sid/icd-9-cm,
608.86,608.86,condition,Other Code,condition_description,608.86,Edema of male genital organs,http://hl7.org/fhir/sid/icd-9-cm,
V72.85,V72.85,condition,Other Code,condition_description,V72.85,Other specified examination,http://hl7.org/fhir/sid/icd-9-cm,
604.90,604.90,condition,Other Code,condition_description,604.90,"Orchitis and epididymitis, unspecified",http://hl7.org/fhir/sid/icd-9-cm,
V79.3,V79.3,condition,Other Code,condition_description,V79.3,Screening for developmental handicaps in early childhood,http://hl7.org/fhir/sid/icd-9-cm,
474.12,474.12,condition,Other Code,condition_description,474.12,Hypertrophy of adenoids alone,http://hl7.org/fhir/sid/icd-9-cm,
384.21,384.21,condition,Other Code,condition_description,384.21,Central perforation of tympanic membrane,http://hl7.org/fhir/sid/icd-9-cm,
315.2,315.2,condition,Other Code,condition_description,315.2,Other specific developmental learning difficulties,http://hl7.org/fhir/sid/icd-9-cm,
V40.39,V40.39,condition,Other Code,condition_description,V40.39,Other specified behavioral problem,http://hl7.org/fhir/sid/icd-9-cm,
H69.90,H69.90,condition,Other Code,condition_description,H69.90,"Unspecified Eustachian tube disorder, unspecified ear",http://hl7.org/fhir/sid/icd-10-cm,
R47.9,R47.9,condition,Other Code,condition_description,R47.9,Unspecified speech disturbances,http://hl7.org/fhir/sid/icd-10-cm,
D72.820,D72.820,condition,Other Code,condition_description,D72.820,Lymphocytosis (symptomatic),http://hl7.org/fhir/sid/icd-10-cm,
H70.90,H70.90,condition,Other Code,condition_description,H70.90,"Unspecified mastoiditis, unspecified ear",http://hl7.org/fhir/sid/icd-10-cm,
S01.511A,S01.511A,condition,Other Code,condition_description,S01.511A,"Laceration without foreign body of lip, initial encounter",http://hl7.org/fhir/sid/icd-10-cm,
Z48.02,Z48.02,condition,Other Code,condition_description,Z48.02,Encounter for removal of sutures,http://hl7.org/fhir/sid/icd-10-cm,
N47.1,N47.1,condition,Other Code,condition_description,N47.1,Phimosis,http://hl7.org/fhir/sid/icd-10-cm,
F98.9,F98.9,condition,Other Code,condition_description,F98.9,Unspecified behavioral and emotional disorders with onset usually occurring in childhood and adolescence,http://hl7.org/fhir/sid/icd-10-cm,
K50.90,K50.90,condition,Other Code,condition_description,K50.90,"Crohn's disease, unspecified, without complications",http://hl7.org/fhir/sid/icd-10-cm,
K50.80,K50.80,condition,Other Code,condition_description,K50.80,Crohn's disease of both small and large intestine without complications,http://hl7.org/fhir/sid/icd-10-cm,
K50.919,K50.919,condition,Other Code,condition_description,K50.919,"Crohn's disease, unspecified, with unspecified complications",http://hl7.org/fhir/sid/icd-10-cm,
Z68.52,Z68.52,condition,Other Code,condition_description,Z68.52,"Body mass index [BMI] pediatric, 5th percentile to less than 85th percentile for age",http://hl7.org/fhir/sid/icd-10-cm,
K50.811,K50.811,condition,Other Code,condition_description,K50.811,Crohn's disease of both small and large intestine with rectal bleeding,http://hl7.org/fhir/sid/icd-10-cm,
K29.70,K29.70,condition,Other Code,condition_description,K29.70,"Gastritis, unspecified, without bleeding",http://hl7.org/fhir/sid/icd-10-cm,
F90.8,F90.8,condition,Other Code,condition_description,F90.8,"Attention-deficit hyperactivity disorder, other type",http://hl7.org/fhir/sid/icd-10-cm,
K31.89,K31.89,condition,Other Code,condition_description,K31.89,Other diseases of stomach and duodenum,http://hl7.org/fhir/sid/icd-10-cm,
K50.911,K50.911,condition,Other Code,condition_description,K50.911,"Crohn's disease, unspecified, with rectal bleeding",http://hl7.org/fhir/sid/icd-10-cm,
R70.0,R70.0,condition,Other Code,condition_description,R70.0,Elevated erythrocyte sedimentation rate,http://hl7.org/fhir/sid/icd-10-cm,
K52.89,K52.89,condition,Other Code,condition_description,K52.89,Other specified noninfective gastroenteritis and colitis,http://hl7.org/fhir/sid/icd-10-cm,
K63.3,K63.3,condition,Other Code,condition_description,K63.3,Ulcer of intestine,http://hl7.org/fhir/sid/icd-10-cm,
K56.609,K56.609,condition,Other Code,condition_description,K56.609,"Unspecified intestinal obstruction, unspecified as to partial versus complete obstruction",http://hl7.org/fhir/sid/icd-10-cm,
756.16,756.16,condition,Other Code,condition_description,756.16,Klippel-Feil syndrome,http://hl7.org/fhir/sid/icd-9-cm,
749.02,749.02,condition,Other Code,condition_description,749.02,"Cleft palate, unilateral, incomplete",http://hl7.org/fhir/sid/icd-9-cm,
784.5,784.5,condition,Other Code,condition_description,784.5,Other speech disturbance,http://hl7.org/fhir/sid/icd-9-cm,
784.49,784.49,condition,Other Code,condition_description,784.49,Other voice and resonance disorders,http://hl7.org/fhir/sid/icd-9-cm,
745.60,745.60,condition,Other Code,condition_description,745.60,"Endocardial cushion defect, unspecified type",http://hl7.org/fhir/sid/icd-9-cm,
749.20,749.20,condition,Other Code,condition_description,749.20,"Cleft palate with cleft lip, unspecified",http://hl7.org/fhir/sid/icd-9-cm,
759.9,759.9,condition,Other Code,condition_description,759.9,"Congenital anomaly, unspecified",http://hl7.org/fhir/sid/icd-9-cm,
746.5,746.5,condition,Other Code,condition_description,746.5,Congenital mitral stenosis,http://hl7.org/fhir/sid/icd-9-cm,
398.91,398.91,condition,Other Code,condition_description,398.91,Rheumatic heart failure (congestive),http://hl7.org/fhir/sid/icd-9-cm,
996.71,996.71,condition,Other Code,condition_description,996.71,Other complications due to heart valve prosthesis,http://hl7.org/fhir/sid/icd-9-cm,
396.0,396.0,condition,Other Code,condition_description,396.0,Mitral valve stenosis and aortic valve stenosis,http://hl7.org/fhir/sid/icd-9-cm,
427.81,427.81,condition,Other Code,condition_description,427.81,Sinoatrial node dysfunction,http://hl7.org/fhir/sid/icd-9-cm,
429.4,429.4,condition,Other Code,condition_description,429.4,Functional disturbances following cardiac surgery,http://hl7.org/fhir/sid/icd-9-cm,
394.0,394.0,condition,Other Code,condition_description,394.0,Mitral stenosis,http://hl7.org/fhir/sid/icd-9-cm,
794.30,794.30,condition,Other Code,condition_description,794.30,"Abnormal cardiovascular function study, unspecified",http://hl7.org/fhir/sid/icd-9-cm,
427.9,427.9,condition,Other Code,condition_description,427.9,"Cardiac dysrhythmia, unspecified",http://hl7.org/fhir/sid/icd-9-cm,
755.52,755.52,condition,Other Code,condition_description,755.52,Congenital elevation of scapula,http://hl7.org/fhir/sid/icd-9-cm,
V45.01,V45.01,condition,Other Code,condition_description,V45.01,Cardiac pacemaker in situ,http://hl7.org/fhir/sid/icd-9-cm,
426.9,426.9,condition,Other Code,condition_description,426.9,"Conduction disorder, unspecified",http://hl7.org/fhir/sid/icd-9-cm,
V43.3,V43.3,condition,Other Code,condition_description,V43.3,Heart valve replaced by other means,http://hl7.org/fhir/sid/icd-9-cm,
394.9,394.9,condition,Other Code,condition_description,394.9,Other and unspecified mitral valve diseases,http://hl7.org/fhir/sid/icd-9-cm,
V53.31,V53.31,condition,Other Code,condition_description,V53.31,Fitting and adjustment of cardiac pacemaker,http://hl7.org/fhir/sid/icd-9-cm,
V42.4,V42.4,condition,Other Code,condition_description,V42.4,Bone replaced by transplant,http://hl7.org/fhir/sid/icd-9-cm,
996.02,996.02,condition,Other Code,condition_description,996.02,Mechanical complication due to heart valve prosthesis,http://hl7.org/fhir/sid/icd-9-cm,
719.43,719.43,condition,Other Code,condition_description,719.43,"Pain in joint, forearm",http://hl7.org/fhir/sid/icd-9-cm,
286.9,286.9,condition,Other Code,condition_description,286.9,Other and unspecified coagulation defects,http://hl7.org/fhir/sid/icd-9-cm,
518.89,518.89,condition,Other Code,condition_description,518.89,"Other diseases of lung, not elsewhere classified",http://hl7.org/fhir/sid/icd-9-cm,
790.92,790.92,condition,Other Code,condition_description,790.92,Abnormal coagulation profile,http://hl7.org/fhir/sid/icd-9-cm,
I49.5,I49.5,condition,Other Code,condition_description,I49.5,Sick sinus syndrome,http://hl7.org/fhir/sid/icd-10-cm,
I63.8,I63.8,condition,Other Code,condition_description,I63.8,Other cerebral infarction,http://hl7.org/fhir/sid/icd-10-cm,
I63.9,I63.9,condition,Other Code,condition_description,I63.9,"Cerebral infarction, unspecified",http://hl7.org/fhir/sid/icd-10-cm,
M41.83,M41.83,condition,Other Code,condition_description,M41.83,"Other forms of scoliosis, cervicothoracic region",http://hl7.org/fhir/sid/icd-10-cm,
I69.30,I69.30,condition,Other Code,condition_description,I69.30,Unspecified sequelae of cerebral infarction,http://hl7.org/fhir/sid/icd-10-cm,
R93.7,R93.7,condition,Other Code,condition_description,R93.7,Abnormal findings on diagnostic imaging of other parts of musculoskeletal system,http://hl7.org/fhir/sid/icd-10-cm,
I63.031,I63.031,condition,Other Code,condition_description,I63.031,Cerebral infarction due to thrombosis of right carotid artery,http://hl7.org/fhir/sid/icd-10-cm,
R29.6,R29.6,condition,Other Code,condition_description,R29.6,Repeated falls,http://hl7.org/fhir/sid/icd-10-cm,
I34.2,I34.2,condition,Other Code,condition_description,I34.2,Nonrheumatic mitral (valve) stenosis,http://hl7.org/fhir/sid/icd-10-cm,
M47.12,M47.12,condition,Other Code,condition_description,M47.12,"Other spondylosis with myelopathy, cervical region",http://hl7.org/fhir/sid/icd-10-cm,
Z45.018,Z45.018,condition,Other Code,condition_description,Z45.018,Encounter for adjustment and management of other part of cardiac pacemaker,http://hl7.org/fhir/sid/icd-10-cm,
G95.9,G95.9,condition,Other Code,condition_description,G95.9,"Disease of spinal cord, unspecified",http://hl7.org/fhir/sid/icd-10-cm,
R25.8,R25.8,condition,Other Code,condition_description,R25.8,Other abnormal involuntary movements,http://hl7.org/fhir/sid/icd-10-cm,
R29.3,R29.3,condition,Other Code,condition_description,R29.3,Abnormal posture,http://hl7.org/fhir/sid/icd-10-cm,
I35.9,I35.9,condition,Other Code,condition_description,I35.9,"Nonrheumatic aortic valve disorder, unspecified",http://hl7.org/fhir/sid/icd-10-cm,
Q23.9,Q23.9,condition,Other Code,condition_description,Q23.9,"Congenital malformation of aortic and mitral valves, unspecified",http://hl7.org/fhir/sid/icd-10-cm,
Q76.1,Q76.1,condition,Other Code,condition_description,Q76.1,Klippel-Feil syndrome,http://hl7.org/fhir/sid/icd-10-cm,
754.53,754.53,condition,Other Code,condition_description,754.53,Metatarsus varus,http://hl7.org/fhir/sid/icd-9-cm,
754.51,754.51,condition,Other Code,condition_description,754.51,Talipes equinovarus,http://hl7.org/fhir/sid/icd-9-cm,
478.74,478.74,condition,Other Code,condition_description,478.74,Stenosis of larynx,http://hl7.org/fhir/sid/icd-9-cm,
754.79,754.79,condition,Other Code,condition_description,754.79,Other deformities of feet,http://hl7.org/fhir/sid/icd-9-cm,
754.89,754.89,condition,Other Code,condition_description,754.89,Other specified nonteratogenic anomalies,http://hl7.org/fhir/sid/icd-9-cm,
519.1,519.1,condition,Other Code,condition_description,519.1,"Other diseases of trachea and bronchus, not elsewhere classified",http://hl7.org/fhir/sid/icd-9-cm,
345.40,345.40,condition,Other Code,condition_description,345.40,"Localization-related (focal) (partial) epilepsy and epileptic syndromes with complex partial seizures, without mention of intractable epilepsy",http://hl7.org/fhir/sid/icd-9-cm,
553.29,553.29,condition,Other Code,condition_description,553.29,Other ventral hernia without mention of obstruction or gangrene,http://hl7.org/fhir/sid/icd-9-cm,
997.02,997.02,condition,Other Code,condition_description,997.02,Iatrogenic cerebrovascular infarction or hemorrhage,http://hl7.org/fhir/sid/icd-9-cm,
747.9,747.9,condition,Other Code,condition_description,747.9,Unspecified anomaly of circulatory system,http://hl7.org/fhir/sid/icd-9-cm,
492.8,492.8,condition,Other Code,condition_description,492.8,Other emphysema,http://hl7.org/fhir/sid/icd-9-cm,
E849.7,E849.7,condition,Other Code,condition_description,E849.7,Accidents occurring in residential institution,http://hl7.org/fhir/sid/icd-9-cm,
342.90,342.90,condition,Other Code,condition_description,342.90,"Hemiplegia, unspecified, affecting unspecified side",http://hl7.org/fhir/sid/icd-9-cm,
337.9,337.9,condition,Other Code,condition_description,337.9,Unspecified disorder of autonomic nervous system,http://hl7.org/fhir/sid/icd-9-cm,
728.87,728.87,condition,Other Code,condition_description,728.87,Muscle weakness (generalized),http://hl7.org/fhir/sid/icd-9-cm,
736.81,736.81,condition,Other Code,condition_description,736.81,Unequal leg length (acquired),http://hl7.org/fhir/sid/icd-9-cm,
774.2,774.2,condition,Other Code,condition_description,774.2,Neonatal jaundice associated with preterm delivery,http://hl7.org/fhir/sid/icd-9-cm,
751.1,751.1,condition,Other Code,condition_description,751.1,Atresia and stenosis of small intestine,http://hl7.org/fhir/sid/icd-9-cm,
751.2,751.2,condition,Other Code,condition_description,751.2,"Atresia and stenosis of large intestine, rectum, and anal canal",http://hl7.org/fhir/sid/icd-9-cm,
751.5,751.5,condition,Other Code,condition_description,751.5,Other anomalies of intestine,http://hl7.org/fhir/sid/icd-9-cm,
569.49,569.49,condition,Other Code,condition_description,569.49,Other specified disorders of rectum and anus,http://hl7.org/fhir/sid/icd-9-cm,
V44.2,V44.2,condition,Other Code,condition_description,V44.2,Ileostomy status,http://hl7.org/fhir/sid/icd-9-cm,
V55.3,V55.3,condition,Other Code,condition_description,V55.3,Attention to colostomy,http://hl7.org/fhir/sid/icd-9-cm,
765.19,765.19,condition,Other Code,condition_description,765.19,"Other preterm infants, 2,500 grams and over",http://hl7.org/fhir/sid/icd-9-cm,
745.61,745.61,condition,Other Code,condition_description,745.61,Ostium primum defect,http://hl7.org/fhir/sid/icd-9-cm,
518.5,518.5,condition,Other Code,condition_description,518.5,Pulmonary insufficiency following trauma and surgery,http://hl7.org/fhir/sid/icd-9-cm,
V13.69,V13.69,condition,Other Code,condition_description,V13.69,Personal history of other (corrected) congenital malformations,http://hl7.org/fhir/sid/icd-9-cm,
751.4,751.4,condition,Other Code,condition_description,751.4,Anomalies of intestinal fixation,http://hl7.org/fhir/sid/icd-9-cm,
M17.10,M17.10,condition,Other Code,condition_description,M17.10,"Unilateral primary osteoarthritis, unspecified knee",http://hl7.org/fhir/sid/icd-10-cm,
Y92.008,Y92.008,condition,Other Code,condition_description,Y92.008,Other place in unspecified non-institutional (private) residence as the place of occurrence of the external cause,http://hl7.org/fhir/sid/icd-10-cm,
K57.92,K57.92,condition,Other Code,condition_description,K57.92,"Diverticulitis of intestine, part unspecified, without perforation or abscess without bleeding",http://hl7.org/fhir/sid/icd-10-cm,
Y93.K1,Y93.K1,condition,Other Code,condition_description,Y93.K1,"Activity, walking an animal",http://hl7.org/fhir/sid/icd-10-cm,
Z82.3,Z82.3,condition,Other Code,condition_description,Z82.3,Family history of stroke,http://hl7.org/fhir/sid/icd-10-cm,
S00.83XA,S00.83XA,condition,Other Code,condition_description,S00.83XA,"Contusion of other part of head, initial encounter",http://hl7.org/fhir/sid/icd-10-cm,
948.00,948.00,condition,Other Code,condition_description,948.00,"Burn [any degree] involving less than 10 percent of body surface with third degree burn, less than 10 percent or unspecified",http://hl7.org/fhir/sid/icd-9-cm,
944.28,944.28,condition,Other Code,condition_description,944.28,"Blisters, epidermal loss [second degree] of multiple sites of wrist(s) and hand(s)",http://hl7.org/fhir/sid/icd-9-cm,
944.38,944.38,condition,Other Code,condition_description,944.38,"Full-thickness skin loss [third degree, not otherwise specified] of multiple sites of wrist(s) and hand(s)",http://hl7.org/fhir/sid/icd-9-cm,
E894,E894,condition,Other Code,condition_description,E894,Ignition of highly inflammable material,http://hl7.org/fhir/sid/icd-9-cm,
944.23,944.23,condition,Other Code,condition_description,944.23,"Blisters, epidermal loss [second degree] of two or more digits of hand, not including thumb",http://hl7.org/fhir/sid/icd-9-cm,
944.25,944.25,condition,Other Code,condition_description,944.25,"Blisters, epidermal loss [second degree] of palm",http://hl7.org/fhir/sid/icd-9-cm,
E924.8,E924.8,condition,Other Code,condition_description,E924.8,Accident caused by other hot substance or object,http://hl7.org/fhir/sid/icd-9-cm,
944.27,944.27,condition,Other Code,condition_description,944.27,"Blisters, epidermal loss [second degree] of wrist",http://hl7.org/fhir/sid/icd-9-cm,
944.20,944.20,condition,Other Code,condition_description,944.20,"Blisters, epidermal loss [second degree] of hand, unspecified site",http://hl7.org/fhir/sid/icd-9-cm,
746.87,746.87,condition,Other Code,condition_description,746.87,Malposition of heart and cardiac apex,http://hl7.org/fhir/sid/icd-9-cm,
755.61,755.61,condition,Other Code,condition_description,755.61,"Coxa valga, congenital",http://hl7.org/fhir/sid/icd-9-cm,
719.7,719.7,condition,Other Code,condition_description,719.7,Difficulty in walking,http://hl7.org/fhir/sid/icd-9-cm,
719.65,719.65,condition,Other Code,condition_description,719.65,"Other symptoms referable to joint, pelvic region and thigh",http://hl7.org/fhir/sid/icd-9-cm,
V67.4,V67.4,condition,Other Code,condition_description,V67.4,"Follow-up examination, following treatment of healed fracture",http://hl7.org/fhir/sid/icd-9-cm,
389.11,389.11,condition,Other Code,condition_description,389.11,"Sensory hearing loss, bilateral",http://hl7.org/fhir/sid/icd-9-cm,
835.00,835.00,condition,Other Code,condition_description,835.00,"Closed dislocation of hip, unspecified site",http://hl7.org/fhir/sid/icd-9-cm,
835.03,835.03,condition,Other Code,condition_description,835.03,Other closed anterior dislocation of hip,http://hl7.org/fhir/sid/icd-9-cm,
V82.3,V82.3,condition,Other Code,condition_description,V82.3,Screening for congenital dislocation of hip,http://hl7.org/fhir/sid/icd-9-cm,
V64.3,V64.3,condition,Other Code,condition_description,V64.3,Procedure not carried out for other reasons,http://hl7.org/fhir/sid/icd-9-cm,
246.9,246.9,condition,Other Code,condition_description,246.9,Unspecified disorder of thyroid,http://hl7.org/fhir/sid/icd-9-cm,
718.75,718.75,condition,Other Code,condition_description,718.75,"Developmental dislocation of joint, pelvic region and thigh",http://hl7.org/fhir/sid/icd-9-cm,
E928.8,E928.8,condition,Other Code,condition_description,E928.8,Other accidents,http://hl7.org/fhir/sid/icd-9-cm,
V72.60,V72.60,condition,Other Code,condition_description,V72.60,"Laboratory examination, unspecified",http://hl7.org/fhir/sid/icd-9-cm,
K03.6,K03.6,condition,Other Code,condition_description,K03.6,Deposits [accretions] on teeth,http://hl7.org/fhir/sid/icd-10-cm,
C64.2,C64.2,condition,Other Code,condition_description,C64.2,"Malignant neoplasm of left kidney, except renal pelvis",http://hl7.org/fhir/sid/icd-10-cm,
I35.0,I35.0,condition,Other Code,condition_description,I35.0,Nonrheumatic aortic (valve) stenosis,http://hl7.org/fhir/sid/icd-10-cm,
G72.49,G72.49,condition,Other Code,condition_description,G72.49,"Other inflammatory and immune myopathies, not elsewhere classified",http://hl7.org/fhir/sid/icd-10-cm,
I33.0,I33.0,condition,Other Code,condition_description,I33.0,Acute and subacute infective endocarditis,http://hl7.org/fhir/sid/icd-10-cm,
S00.93XA,S00.93XA,condition,Other Code,condition_description,S00.93XA,"Contusion of unspecified part of head, initial encounter",http://hl7.org/fhir/sid/icd-10-cm,
L55.9,L55.9,condition,Other Code,condition_description,L55.9,"Sunburn, unspecified",http://hl7.org/fhir/sid/icd-10-cm,
758.9,758.9,condition,Other Code,condition_description,758.9,Conditions due to anomaly of unspecified chromosome,http://hl7.org/fhir/sid/icd-9-cm,
V82.9,V82.9,condition,Other Code,condition_description,V82.9,Screening for unspecified condition,http://hl7.org/fhir/sid/icd-9-cm,
591,591,condition,Other Code,condition_description,591,Hydronephrosis,http://hl7.org/fhir/sid/icd-9-cm,
680.2,680.2,condition,Other Code,condition_description,680.2,Carbuncle and furuncle of trunk,http://hl7.org/fhir/sid/icd-9-cm,
788.36,788.36,condition,Other Code,condition_description,788.36,Nocturnal enuresis,http://hl7.org/fhir/sid/icd-9-cm,
F17.210,F17.210,condition,Other Code,condition_description,F17.210,"Nicotine dependence, cigarettes, uncomplicated",http://hl7.org/fhir/sid/icd-10-cm,
Z98.84,Z98.84,condition,Other Code,condition_description,Z98.84,Bariatric surgery status,http://hl7.org/fhir/sid/icd-10-cm,
K91.2,K91.2,condition,Other Code,condition_description,K91.2,"Postsurgical malabsorption, not elsewhere classified",http://hl7.org/fhir/sid/icd-10-cm,
G43.709,G43.709,condition,Other Code,condition_description,G43.709,"Chronic migraine without aura, not intractable, without status migrainosus",http://hl7.org/fhir/sid/icd-10-cm,
F43.23,F43.23,condition,Other Code,condition_description,F43.23,Adjustment disorder with mixed anxiety and depressed mood,http://hl7.org/fhir/sid/icd-10-cm,
535.50,535.50,condition,Other Code,condition_description,535.50,"Unspecified gastritis and gastroduodenitis, without mention of hemorrhage",http://hl7.org/fhir/sid/icd-9-cm,
535.60,535.60,condition,Other Code,condition_description,535.60,"Duodenitis, without mention of hemorrhage",http://hl7.org/fhir/sid/icd-9-cm,
S63.8X1A,S63.8X1A,condition,Other Code,condition_description,S63.8X1A,"Sprain of other part of right wrist and hand, initial encounter",http://hl7.org/fhir/sid/icd-10-cm,
078.10,078.10,condition,Other Code,condition_description,078.10,"Viral warts, unspecified",http://hl7.org/fhir/sid/icd-9-cm,
M79.641,M79.641,condition,Other Code,condition_description,M79.641,Pain in right hand,http://hl7.org/fhir/sid/icd-10-cm,
331.9,331.9,condition,Other Code,condition_description,331.9,"Cerebral degeneration, unspecified",http://hl7.org/fhir/sid/icd-9-cm,
V65.40,V65.40,condition,Other Code,condition_description,V65.40,Counseling NOS,http://hl7.org/fhir/sid/icd-9-cm,
054.3,054.3,condition,Other Code,condition_description,054.3,Herpetic meningoencephalitis,http://hl7.org/fhir/sid/icd-9-cm,
276.5,276.5,condition,Other Code,condition_description,276.5,Volume depletion,http://hl7.org/fhir/sid/icd-9-cm,
348.8,348.8,condition,Other Code,condition_description,348.8,Other conditions of brain,http://hl7.org/fhir/sid/icd-9-cm,
322.9,322.9,condition,Other Code,condition_description,322.9,"Meningitis, unspecified",http://hl7.org/fhir/sid/icd-9-cm,
079.99,079.99,condition,Other Code,condition_description,079.99,Unspecified viral infection,http://hl7.org/fhir/sid/icd-9-cm,
348.3,348.3,condition,Other Code,condition_description,348.3,"Encephalopathy, not elsewhere classified",http://hl7.org/fhir/sid/icd-9-cm,
368.9,368.9,condition,Other Code,condition_description,368.9,Unspecified visual disturbance,http://hl7.org/fhir/sid/icd-9-cm,
345.10,345.10,condition,Other Code,condition_description,345.10,"Generalized convulsive epilepsy, without mention of intractable epilepsy",http://hl7.org/fhir/sid/icd-9-cm,
345.41,345.41,condition,Other Code,condition_description,345.41,"Localization-related (focal) (partial) epilepsy and epileptic syndromes with complex partial seizures, with intractable epilepsy",http://hl7.org/fhir/sid/icd-9-cm,
224.9,224.9,condition,Other Code,condition_description,224.9,"Benign neoplasm of eye, part unspecified",http://hl7.org/fhir/sid/icd-9-cm,
301.3,301.3,condition,Other Code,condition_description,301.3,Explosive personality disorder,http://hl7.org/fhir/sid/icd-9-cm,
692.89,692.89,condition,Other Code,condition_description,692.89,Contact dermatitis and other eczema due to other specified agents,http://hl7.org/fhir/sid/icd-9-cm,
V12.59,V12.59,condition,Other Code,condition_description,V12.59,Personal history of other diseases of circulatory system,http://hl7.org/fhir/sid/icd-9-cm,
458.1,458.1,condition,Other Code,condition_description,458.1,Chronic hypotension,http://hl7.org/fhir/sid/icd-9-cm,
G40.209,G40.209,condition,Other Code,condition_description,G40.209,"Localization-related (focal) (partial) symptomatic epilepsy and epileptic syndromes with complex partial seizures, not intractable, without status epilepticus",http://hl7.org/fhir/sid/icd-10-cm,
Z13.5,Z13.5,condition,Other Code,condition_description,Z13.5,Encounter for screening for eye and ear disorders,http://hl7.org/fhir/sid/icd-10-cm,
G40.009,G40.009,condition,Other Code,condition_description,G40.009,"Localization-related (focal) (partial) idiopathic epilepsy and epileptic syndromes with seizures of localized onset, not intractable, without status epilepticus",http://hl7.org/fhir/sid/icd-10-cm,
H55.09,H55.09,condition,Other Code,condition_description,H55.09,Other forms of nystagmus,http://hl7.org/fhir/sid/icd-10-cm,
B00.4,B00.4,condition,Other Code,condition_description,B00.4,Herpesviral encephalitis,http://hl7.org/fhir/sid/icd-10-cm,
H52.10,H52.10,condition,Other Code,condition_description,H52.10,"Myopia, unspecified eye",http://hl7.org/fhir/sid/icd-10-cm,
S63.8X9A,S63.8X9A,condition,Other Code,condition_description,S63.8X9A,"Sprain of other part of unspecified wrist and hand, initial encounter",http://hl7.org/fhir/sid/icd-10-cm,
M75.00,M75.00,condition,Other Code,condition_description,M75.00,Adhesive capsulitis of unspecified shoulder,http://hl7.org/fhir/sid/icd-10-cm,
Z11.52,Z11.52,condition,Other Code,condition_description,Z11.52,Encounter for screening for COVID-19,http://hl7.org/fhir/sid/icd-10-cm,
G62.9,G62.9,condition,Other Code,condition_description,G62.9,"Polyneuropathy, unspecified",http://hl7.org/fhir/sid/icd-10-cm,
G25.81,G25.81,condition,Other Code,condition_description,G25.81,Restless legs syndrome,http://hl7.org/fhir/sid/icd-10-cm,
812.40,812.40,condition,Other Code,condition_description,812.40,Closed fracture of unspecified part of lower end of humerus,http://hl7.org/fhir/sid/icd-9-cm,
V54.12,V54.12,condition,Other Code,condition_description,V54.12,Aftercare for healing traumatic fracture of lower arm,http://hl7.org/fhir/sid/icd-9-cm,
813.83,813.83,condition,Other Code,condition_description,813.83,Closed fracture of unspecified part of radius with ulna,http://hl7.org/fhir/sid/icd-9-cm,
V81.6,V81.6,condition,Other Code,condition_description,V81.6,Screening for other and unspecified genitourinary conditions,http://hl7.org/fhir/sid/icd-9-cm,
788.20,788.20,condition,Other Code,condition_description,788.20,"Retention of urine, unspecified",http://hl7.org/fhir/sid/icd-9-cm,
596.54,596.54,condition,Other Code,condition_description,596.54,Neurogenic bladder NOS,http://hl7.org/fhir/sid/icd-9-cm,
753.29,753.29,condition,Other Code,condition_description,753.29,Other obstructive defects of renal pelvis and ureter,http://hl7.org/fhir/sid/icd-9-cm,
V44.3,V44.3,condition,Other Code,condition_description,V44.3,Colostomy status,http://hl7.org/fhir/sid/icd-9-cm,
751.3,751.3,condition,Other Code,condition_description,751.3,Hirschsprung's disease and other congenital functional disorders of colon,http://hl7.org/fhir/sid/icd-9-cm,
V58.3,V58.3,condition,Other Code,condition_description,V58.3,Attention to dressings and sutures,http://hl7.org/fhir/sid/icd-9-cm,
277.4,277.4,condition,Other Code,condition_description,277.4,Disorders of bilirubin excretion,http://hl7.org/fhir/sid/icd-9-cm,
596.8,596.8,condition,Other Code,condition_description,596.8,Other specified disorders of bladder,http://hl7.org/fhir/sid/icd-9-cm,
924.9,924.9,condition,Other Code,condition_description,924.9,Contusion of unspecified site,http://hl7.org/fhir/sid/icd-9-cm,
787.6,787.6,condition,Other Code,condition_description,787.6,Incontinence of feces,http://hl7.org/fhir/sid/icd-9-cm,
V45.4,V45.4,condition,Other Code,condition_description,V45.4,Arthrodesis status,http://hl7.org/fhir/sid/icd-9-cm,
839.01,839.01,condition,Other Code,condition_description,839.01,"Closed dislocation, first cervical vertebra",http://hl7.org/fhir/sid/icd-9-cm,
723.9,723.9,condition,Other Code,condition_description,723.9,Unspecified musculoskeletal disorders and symptoms referable to neck,http://hl7.org/fhir/sid/icd-9-cm,
839.02,839.02,condition,Other Code,condition_description,839.02,"Closed dislocation, second cervical vertebra",http://hl7.org/fhir/sid/icd-9-cm,
V48.9,V48.9,condition,Other Code,condition_description,V48.9,"Unspecified problem with head, neck, or trunk",http://hl7.org/fhir/sid/icd-9-cm,
999.9,999.9,condition,Other Code,condition_description,999.9,"Other and unspecified complications of medical care, not elsewhere classified",http://hl7.org/fhir/sid/icd-9-cm,
724.9,724.9,condition,Other Code,condition_description,724.9,Other unspecified back disorders,http://hl7.org/fhir/sid/icd-9-cm,
H60.92,H60.92,condition,Other Code,condition_description,H60.92,"Unspecified otitis externa, left ear",http://hl7.org/fhir/sid/icd-10-cm,
N39.9,N39.9,condition,Other Code,condition_description,N39.9,"Disorder of urinary system, unspecified",http://hl7.org/fhir/sid/icd-10-cm,
N13.5,N13.5,condition,Other Code,condition_description,N13.5,Crossing vessel and stricture of ureter without hydronephrosis,http://hl7.org/fhir/sid/icd-10-cm,
R19.5,R19.5,condition,Other Code,condition_description,R19.5,Other fecal abnormalities,http://hl7.org/fhir/sid/icd-10-cm,
F98.1,F98.1,condition,Other Code,condition_description,F98.1,Encopresis not due to a substance or known physiological condition,http://hl7.org/fhir/sid/icd-10-cm,
M43.22,M43.22,condition,Other Code,condition_description,M43.22,"Fusion of spine, cervical region",http://hl7.org/fhir/sid/icd-10-cm,
M21.80,M21.80,condition,Other Code,condition_description,M21.80,Other specified acquired deformities of unspecified limb,http://hl7.org/fhir/sid/icd-10-cm,
Q66.6,Q66.6,condition,Other Code,condition_description,Q66.6,Other congenital valgus deformities of feet,http://hl7.org/fhir/sid/icd-10-cm,
F06.30,F06.30,condition,Other Code,condition_description,F06.30,"Mood disorder due to known physiological condition, unspecified",http://hl7.org/fhir/sid/icd-10-cm,
S73.001D,S73.001D,condition,Other Code,condition_description,S73.001D,"Unspecified subluxation of right hip, subsequent encounter",http://hl7.org/fhir/sid/icd-10-cm,
E80.7,E80.7,condition,Other Code,condition_description,E80.7,"Disorder of bilirubin metabolism, unspecified",http://hl7.org/fhir/sid/icd-10-cm,
E80.6,E80.6,condition,Other Code,condition_description,E80.6,Other disorders of bilirubin metabolism,http://hl7.org/fhir/sid/icd-10-cm,
R79.0,R79.0,condition,Other Code,condition_description,R79.0,Abnormal level of blood mineral,http://hl7.org/fhir/sid/icd-10-cm,
R93.41,R93.41,condition,Other Code,condition_description,R93.41,"Abnormal radiologic findings on diagnostic imaging of renal pelvis, ureter, or bladder",http://hl7.org/fhir/sid/icd-10-cm,
D49.4,D49.4,condition,Other Code,condition_description,D49.4,Neoplasm of unspecified behavior of bladder,http://hl7.org/fhir/sid/icd-10-cm,
M16.12,M16.12,condition,Other Code,condition_description,M16.12,"Unilateral primary osteoarthritis, left hip",http://hl7.org/fhir/sid/icd-10-cm,
Z96.642,Z96.642,condition,Other Code,condition_description,Z96.642,Presence of left artificial hip joint,http://hl7.org/fhir/sid/icd-10-cm,
M79.652,M79.652,condition,Other Code,condition_description,M79.652,Pain in left thigh,http://hl7.org/fhir/sid/icd-10-cm,
G90.9,G90.9,condition,Other Code,condition_description,G90.9,"Disorder of the autonomic nervous system, unspecified",http://hl7.org/fhir/sid/icd-10-cm,
T85.79XA,T85.79XA,condition,Other Code,condition_description,T85.79XA,"Infection and inflammatory reaction due to other internal prosthetic devices, implants and grafts, initial encounter",http://hl7.org/fhir/sid/icd-10-cm,
Z96.649,Z96.649,condition,Other Code,condition_description,Z96.649,Presence of unspecified artificial hip joint,http://hl7.org/fhir/sid/icd-10-cm,
Z47.1,Z47.1,condition,Other Code,condition_description,Z47.1,Aftercare following joint replacement surgery,http://hl7.org/fhir/sid/icd-10-cm,
M25.752,M25.752,condition,Other Code,condition_description,M25.752,"Osteophyte, left hip",http://hl7.org/fhir/sid/icd-10-cm,
R03.1,R03.1,condition,Other Code,condition_description,R03.1,Nonspecific low blood-pressure reading,http://hl7.org/fhir/sid/icd-10-cm,
D62,D62,condition,Other Code,condition_description,D62,Acute posthemorrhagic anemia,http://hl7.org/fhir/sid/icd-10-cm,
Q65.81,Q65.81,condition,Other Code,condition_description,Q65.81,Congenital coxa valga,http://hl7.org/fhir/sid/icd-10-cm,
M21.851,M21.851,condition,Other Code,condition_description,M21.851,Other specified acquired deformities of right thigh,http://hl7.org/fhir/sid/icd-10-cm,
R93.89,R93.89,condition,Other Code,condition_description,R93.89,Abnormal findings on diagnostic imaging of other specified body structures,http://hl7.org/fhir/sid/icd-10-cm,
Q55.64,Q55.64,condition,Other Code,condition_description,Q55.64,Hidden penis,http://hl7.org/fhir/sid/icd-10-cm,
N48.83,N48.83,condition,Other Code,condition_description,N48.83,Acquired buried penis,http://hl7.org/fhir/sid/icd-10-cm,
Z87.438,Z87.438,condition,Other Code,condition_description,Z87.438,Personal history of other diseases of male genital organs,http://hl7.org/fhir/sid/icd-10-cm,
Z16.29,Z16.29,condition,Other Code,condition_description,Z16.29,Resistance to other single specified antibiotic,http://hl7.org/fhir/sid/icd-10-cm,
Z94.5,Z94.5,condition,Other Code,condition_description,Z94.5,Skin transplant status,http://hl7.org/fhir/sid/icd-10-cm,
N47.7,N47.7,condition,Other Code,condition_description,N47.7,Other inflammatory diseases of prepuce,http://hl7.org/fhir/sid/icd-10-cm,
L76.32,L76.32,condition,Other Code,condition_description,L76.32,Postprocedural hematoma of skin and subcutaneous tissue following other procedure,http://hl7.org/fhir/sid/icd-10-cm,
R19.07,R19.07,condition,Other Code,condition_description,R19.07,"Generalized intra-abdominal and pelvic swelling, mass and lump",http://hl7.org/fhir/sid/icd-10-cm,
N35.819,N35.819,condition,Other Code,condition_description,N35.819,"Other urethral stricture, male, unspecified site",http://hl7.org/fhir/sid/icd-10-cm,
N35.911,N35.911,condition,Other Code,condition_description,N35.911,"Unspecified urethral stricture, male, meatal",http://hl7.org/fhir/sid/icd-10-cm,
Z48.01,Z48.01,condition,Other Code,condition_description,Z48.01,Encounter for change or removal of surgical wound dressing,http://hl7.org/fhir/sid/icd-10-cm,
R82.81,R82.81,condition,Other Code,condition_description,R82.81,Pyuria,http://hl7.org/fhir/sid/icd-10-cm,
N25.0,N25.0,condition,Other Code,condition_description,N25.0,Renal osteodystrophy,http://hl7.org/fhir/sid/icd-10-cm,
N99.115,N99.115,condition,Other Code,condition_description,N99.115,Postprocedural fossa navicularis urethral stricture,http://hl7.org/fhir/sid/icd-10-cm,
N47.8,N47.8,condition,Other Code,condition_description,N47.8,Other disorders of prepuce,http://hl7.org/fhir/sid/icd-10-cm,
H52.12,H52.12,condition,Other Code,condition_description,H52.12,"Myopia, left eye",http://hl7.org/fhir/sid/icd-10-cm,
K14.8,K14.8,condition,Other Code,condition_description,K14.8,Other diseases of tongue,http://hl7.org/fhir/sid/icd-10-cm,
H52.222,H52.222,condition,Other Code,condition_description,H52.222,"Regular astigmatism, left eye",http://hl7.org/fhir/sid/icd-10-cm,
R62.51,R62.51,condition,Other Code,condition_description,R62.51,Failure to thrive (child),http://hl7.org/fhir/sid/icd-10-cm,
I77.1,I77.1,condition,Other Code,condition_description,I77.1,Stricture of artery,http://hl7.org/fhir/sid/icd-10-cm,
E30.0,E30.0,condition,Other Code,condition_description,E30.0,Delayed puberty,http://hl7.org/fhir/sid/icd-10-cm,
H93.90,H93.90,condition,Other Code,condition_description,H93.90,"Unspecified disorder of ear, unspecified ear",http://hl7.org/fhir/sid/icd-10-cm,
Z11.9,Z11.9,condition,Other Code,condition_description,Z11.9,"Encounter for screening for infectious and parasitic diseases, unspecified",http://hl7.org/fhir/sid/icd-10-cm,
G47.36,G47.36,condition,Other Code,condition_description,G47.36,Sleep related hypoventilation in conditions classified elsewhere,http://hl7.org/fhir/sid/icd-10-cm,
D23.62,D23.62,condition,Other Code,condition_description,D23.62,"Other benign neoplasm of skin of left upper limb, including shoulder",http://hl7.org/fhir/sid/icd-10-cm,
L85.1,L85.1,condition,Other Code,condition_description,L85.1,Acquired keratosis [keratoderma] palmaris et plantaris,http://hl7.org/fhir/sid/icd-10-cm,
F43.20,F43.20,condition,Other Code,condition_description,F43.20,"Adjustment disorder, unspecified",http://hl7.org/fhir/sid/icd-10-cm,
D48.9,D48.9,condition,Other Code,condition_description,D48.9,"Neoplasm of uncertain behavior, unspecified",http://hl7.org/fhir/sid/icd-10-cm,
Z83.2,Z83.2,condition,Other Code,condition_description,Z83.2,Family history of diseases of the blood and blood-forming organs and certain disorders involving the immune mechanism,http://hl7.org/fhir/sid/icd-10-cm,
R45.83,R45.83,condition,Other Code,condition_description,R45.83,"Excessive crying of child, adolescent or adult",http://hl7.org/fhir/sid/icd-10-cm,
G25.2,G25.2,condition,Other Code,condition_description,G25.2,Other specified forms of tremor,http://hl7.org/fhir/sid/icd-10-cm,
H10.10,H10.10,condition,Other Code,condition_description,H10.10,"Acute atopic conjunctivitis, unspecified eye",http://hl7.org/fhir/sid/icd-10-cm,
H60.90,H60.90,condition,Other Code,condition_description,H60.90,"Unspecified otitis externa, unspecified ear",http://hl7.org/fhir/sid/icd-10-cm,
M25.559,M25.559,condition,Other Code,condition_description,M25.559,Pain in unspecified hip,http://hl7.org/fhir/sid/icd-10-cm,
H10.45,H10.45,condition,Other Code,condition_description,H10.45,Other chronic allergic conjunctivitis,http://hl7.org/fhir/sid/icd-10-cm,
R22.40,R22.40,condition,Other Code,condition_description,R22.40,"Localized swelling, mass and lump, unspecified lower limb",http://hl7.org/fhir/sid/icd-10-cm,
R22.41,R22.41,condition,Other Code,condition_description,R22.41,"Localized swelling, mass and lump, right lower limb",http://hl7.org/fhir/sid/icd-10-cm,
Z46.89,Z46.89,condition,Other Code,condition_description,Z46.89,Encounter for fitting and adjustment of other specified devices,http://hl7.org/fhir/sid/icd-10-cm,
M20.31,M20.31,condition,Other Code,condition_description,M20.31,"Hallux varus (acquired), right foot",http://hl7.org/fhir/sid/icd-10-cm,
M25.60,M25.60,condition,Other Code,condition_description,M25.60,"Stiffness of unspecified joint, not elsewhere classified",http://hl7.org/fhir/sid/icd-10-cm,
M71.371,M71.371,condition,Other Code,condition_description,M71.371,"Other bursal cyst, right ankle and foot",http://hl7.org/fhir/sid/icd-10-cm,
M67.471,M67.471,condition,Other Code,condition_description,M67.471,"Ganglion, right ankle and foot",http://hl7.org/fhir/sid/icd-10-cm,
S93.144A,S93.144A,condition,Other Code,condition_description,S93.144A,"Subluxation of metatarsophalangeal joint of right lesser toe(s), initial encounter",http://hl7.org/fhir/sid/icd-10-cm,
S40.861A,S40.861A,condition,Other Code,condition_description,S40.861A,"Insect bite (nonvenomous) of right upper arm, initial encounter",http://hl7.org/fhir/sid/icd-10-cm,
S93.323A,S93.323A,condition,Other Code,condition_description,S93.323A,"Subluxation of tarsometatarsal joint of unspecified foot, initial encounter",http://hl7.org/fhir/sid/icd-10-cm,
M25.474,M25.474,condition,Other Code,condition_description,M25.474,"Effusion, right foot",http://hl7.org/fhir/sid/icd-10-cm,
S93.141A,S93.141A,condition,Other Code,condition_description,S93.141A,"Subluxation of metatarsophalangeal joint of right great toe, initial encounter",http://hl7.org/fhir/sid/icd-10-cm,
Z82.69,Z82.69,condition,Other Code,condition_description,Z82.69,Family history of other diseases of the musculoskeletal system and connective tissue,http://hl7.org/fhir/sid/icd-10-cm,
M20.5X1,M20.5X1,condition,Other Code,condition_description,M20.5X1,"Other deformities of toe(s) (acquired), right foot",http://hl7.org/fhir/sid/icd-10-cm,
W57.XXXA,W57.XXXA,condition,Other Code,condition_description,W57.XXXA,"Bitten or stung by nonvenomous insect and other nonvenomous arthropods, initial encounter",http://hl7.org/fhir/sid/icd-10-cm,
H93.12,H93.12,condition,Other Code,condition_description,H93.12,"Tinnitus, left ear",http://hl7.org/fhir/sid/icd-10-cm,
D69.2,D69.2,condition,Other Code,condition_description,D69.2,Other nonthrombocytopenic purpura,http://hl7.org/fhir/sid/icd-10-cm,
R25.1,R25.1,condition,Other Code,condition_description,R25.1,"Tremor, unspecified",http://hl7.org/fhir/sid/icd-10-cm,
L02.92,L02.92,condition,Other Code,condition_description,L02.92,"Furuncle, unspecified",http://hl7.org/fhir/sid/icd-10-cm,
Q27.9,Q27.9,condition,Other Code,condition_description,Q27.9,"Congenital malformation of peripheral vascular system, unspecified",http://hl7.org/fhir/sid/icd-10-cm,
Z13.828,Z13.828,condition,Other Code,condition_description,Z13.828,Encounter for screening for other musculoskeletal disorder,http://hl7.org/fhir/sid/icd-10-cm,
J98.09,J98.09,condition,Other Code,condition_description,J98.09,"Other diseases of bronchus, not elsewhere classified",http://hl7.org/fhir/sid/icd-10-cm,
J15.4,J15.4,condition,Other Code,condition_description,J15.4,Pneumonia due to other streptococci,http://hl7.org/fhir/sid/icd-10-cm,
J45.41,J45.41,condition,Other Code,condition_description,J45.41,Moderate persistent asthma with (acute) exacerbation,http://hl7.org/fhir/sid/icd-10-cm,
Z79.51,Z79.51,condition,Other Code,condition_description,Z79.51,Long term (current) use of inhaled steroids,http://hl7.org/fhir/sid/icd-10-cm,
J10.08,J10.08,condition,Other Code,condition_description,J10.08,Influenza due to other identified influenza virus with other specified pneumonia,http://hl7.org/fhir/sid/icd-10-cm,
J13,J13,condition,Other Code,condition_description,J13,Pneumonia due to Streptococcus pneumoniae,http://hl7.org/fhir/sid/icd-10-cm,
Z82.5,Z82.5,condition,Other Code,condition_description,Z82.5,Family history of asthma and other chronic lower respiratory diseases,http://hl7.org/fhir/sid/icd-10-cm,
